facultyName;universityName;facultyCity;availablePlaces;lastEntranceGrade;candidatesPerPlace;annualTax;facultyProgram;facultyType;authorization;specialization;domainOfLicenseOrMaster;facultyDomain;admissionType;budgetPlaces;taxPlaces
Facultatea de Științe Economice și Administrative;Academia Forţelor Terestre "Nicolae Bălcescu" din Sibiu;Sibiu, Sibiu;10;N/A;N/A;N/A;Administraţie publică;Public;Acreditat;Administraţie publică;Ştiinţe administrative;Științe Politice și Comunicare;Examen;10;0
Facultatea de Științe Economice și Administrative;Academia Forţelor Terestre "Nicolae Bălcescu" din Sibiu;Sibiu, Sibiu;20;N/A;N/A;N/A;Contabilitate şi informatică de gestiune;Public;Acreditat;Contabilitate şi informatică de gestiune;Contabilitate;Științe Economice;Examen;20;0
Facultatea de Științe Militare;Academia Forţelor Terestre "Nicolae Bălcescu" din Sibiu;Sibiu, Sibiu;80;N/A;N/A;N/A;Leadership militar;Public;Autorizat;Leadership militar;Ştiinţe militare, informaţii și ordine publică;Ştiinţe Militare, Informaţii şi Ordine publică;Examen;80;0
Facultatea de Științe Economice și Administrative;Academia Forţelor Terestre "Nicolae Bălcescu" din Sibiu;Sibiu, Sibiu;25;N/A;N/A;N/A;Management economico-financiar;Public;Acreditat;Management;Management;Științe Economice;Examen;25;0
Facultatea de Management Militar;Academia Forţelor Terestre "Nicolae Bălcescu" din Sibiu;Sibiu, Sibiu;N/A;N/A;N/A;N/A;Managementul sistemelor de comunicații militare;Public;Autorizat;Managementul sistemelor de comunicații militare;Ştiinţe militare, informaţii și ordine publică;Ştiinţe Militare, Informaţii şi Ordine publică;Examen;0;0
Facultatea de Management Militar;Academia Forţelor Terestre "Nicolae Bălcescu" din Sibiu;Sibiu, Sibiu;60;N/A;N/A;N/A;Inginerie și management în domeniul comunicaţiilor militare;Public;Acreditat;Inginerie şi management naval şi portuar;Inginerie și management;Științe Inginerești;Examen;60;0
Facultatea de Management Militar;Academia Forţelor Terestre "Nicolae Bălcescu" din Sibiu;Sibiu, Sibiu;105;N/A;N/A;N/A;Managementul organizaţiei;Public;Acreditat;Management;Management;Științe Economice;Examen;105;0
Facultatea de Management Aeronautic;Academia Forțelor Aeriene "Henri Coandă";Brasov, Brasov;63;7.74;N/A;N/A;Managementul traficului aerian;Public;Acreditat;Managementul traficului aerian;Ştiinţe militare, informaţii și ordine publică;Ştiinţe Militare, Informaţii şi Ordine publică;Examen;63;0
Facultatea de Management Aeronautic;Academia Forțelor Aeriene "Henri Coandă";Brasov, Brasov;60;N/A;N/A;N/A;Management în aviaţie;Public;Acreditat;Management în aviaţie;Ştiinţe militare, informaţii și ordine publică;Ştiinţe Militare, Informaţii şi Ordine publică;Examen;50;10
Facultatea de Management Aeronautic;Academia Forțelor Aeriene "Henri Coandă";Brasov, Brasov;50;6.15;N/A;N/A;Managementul sistemelor de rachete şi artilerie antiaeriene;Public;Autorizat;Managementul sistemelor de rachete şi artilerie antiaeriene;Ştiinţe militare, informaţii și ordine publică;Ştiinţe Militare, Informaţii şi Ordine publică;Examen;50;0
Facultatea de Management Aeronautic;Academia Forțelor Aeriene "Henri Coandă";Brasov, Brasov;27;N/A;N/A;N/A;Managementul sistemelor de supraveghere aeriană;Public;Autorizat;Managementul sistemelor de supraveghere aeriană;Ştiinţe militare, informaţii și ordine publică;Ştiinţe Militare, Informaţii şi Ordine publică;Examen;27;0
Facultatea de Inginerie Marină;Academia Navală "Mircea Cel Bătrân";Constanta, Constanta;60;N/A;N/A;N/A;Electromecanică (secţia civilă);Public;Acreditat;Electromecanică;Inginerie electrică;Științe Inginerești;Dosar;1;59
Facultatea de Navigație și Management Naval;Academia Navală "Mircea Cel Bătrân";Constanta, Constanta;125;N/A;N/A;3.500 lei;Navigație și transport maritim și fluvial IFR;Public;Acreditat;Navigaţie şi transport maritim şi fluvial;Inginerie marină şi navigaţie;Științe Inginerești;Dosar;0;125
Facultatea de Navigație și Management Naval;Academia Navală "Mircea Cel Bătrân";Constanta, Constanta;120;N/A;N/A;N/A;Navigaţie şi transport maritim şi fluvial (secţia civilă);Public;Acreditat;Navigaţie şi transport maritim şi fluvial;Inginerie marină şi navigaţie;Științe Inginerești;Examen;10;110
Facultatea de Inginerie Marină;Academia Navală "Mircea Cel Bătrân";Constanta, Constanta;64;N/A;N/A;N/A;Electromecanică navală (secţia civilă);Public;Acreditat;Electromecanică navală;Inginerie marină şi navigaţie;Științe Inginerești;Dosar;6;58
Facultatea de Navigație și Management Naval;Academia Navală "Mircea Cel Bătrân";Constanta, Constanta;75;N/A;N/A;N/A;Inginerie şi management naval şi portuar;Public;Acreditat;Inginerie şi management naval şi portuar;Inginerie și management;Științe Inginerești;Examen;5;70
Facultatea de Inginerie Marină;Academia Navală "Mircea Cel Bătrân";Constanta, Constanta;36;N/A;N/A;N/A;Arhitectura navală (școlarizare în Galați);Public;Acreditat;Arhitectură navală;Arhitectură navală;Științe Inginerești;Dosar;36;0
Facultatea de Inginerie Marină;Academia Navală "Mircea Cel Bătrân";Constanta, Constanta;36;N/A;N/A;N/A;Electromecanică navală;Public;Acreditat;Electromecanică navală;Inginerie marină şi navigaţie;Științe Inginerești;Examen;36;0
Facultatea de Inginerie Marină;Academia Navală "Mircea Cel Bătrân";Constanta, Constanta;76;N/A;N/A;N/A;Navigaţie, hidrografie şi echipamente navale;Public;Acreditat;Navigaţie, hidrografie şi echipamente navale;Inginerie marină şi navigaţie;Științe Inginerești;Examen;76;0
Facultatea de Inginerie Marină;Academia Navală "Mircea Cel Bătrân";Constanta, Constanta;36;N/A;N/A;N/A;Electromecanică navală IFR;Public;Acreditat;Electromecanică navală;Inginerie marină şi navigaţie;Științe Inginerești;Dosar;36;0
Facultatea de Inginerie Marină;Academia Navală "Mircea Cel Bătrân";Constanta, Constanta;36;N/A;N/A;N/A;Electromecanică IFR;Public;Acreditat;Electromecanică;Inginerie electrică;Științe Inginerești;Dosar;36;0
Facultatea de Informaţii;Academia Naţională de Informaţii "Mihai Viteazul" din Bucureşti;Bucuresti, Bucuresti;37;N/A;N/A;N/A;Psihologie - informaţii;Public;Acreditat;Psihologie -informaţii;Ştiinţe militare, informaţii și ordine publică;Ştiinţe Militare, Informaţii şi Ordine publică;Examen;37;0
Facultatea de Studii de Intelligence;Academia Naţională de Informaţii "Mihai Viteazul" din Bucureşti;Bucuresti, Bucuresti;13;N/A;N/A;N/A;Studii de securitate și informații;Public;Acreditat;Studii de securitate și informații;Ştiinţe militare, informaţii și ordine publică;Ştiinţe Militare, Informaţii şi Ordine publică;Examen;13;0
Facultatea de Mecatronică şi Sisteme Integrate de Armament;Academia Tehnică Militară din Bucureşti;Bucuresti, Bucuresti;15;5.50;0.80;3.500 lei;Armament, aparatură artileristică şi sisteme de conducere a focului;Public;Acreditat;Armament, aparatură artileristică şi sisteme de conducere a focului;Inginerie de armament, rachete şi muniţii;Științe Inginerești;Examen;15;0
Facultatea de Mecatronică şi Sisteme Integrate de Armament;Academia Tehnică Militară din Bucureşti;Bucuresti, Bucuresti;12;5.70;0.75;3.500 lei;Echipamente şi instalaţii de aviaţie;Public;Acreditat;Echipamente şi instalaţii de aviaţie;Inginerie aerospațială;Științe Inginerești;Examen;12;0
Facultatea de Sisteme Electronice şi Informatice Militare;Academia Tehnică Militară din Bucureşti;Bucuresti, Bucuresti;30;5.36;0.93;3.500 lei;Echipamente şi sisteme electronice militare;Public;Acreditat;Echipamente şi sisteme electronice militare;Inginerie electronică, telecomunicații și tehnologii informaționale;Științe Inginerești;Examen;30;0
Facultatea de Sisteme Electronice şi Informatice Militare;Academia Tehnică Militară din Bucureşti;Bucuresti, Bucuresti;40;5.34;N/A;3.500 lei;Ingineria și securitatea sistemelor informatice;Public;Acreditat;Electronică aplicată;Inginerie electronică, telecomunicații și tehnologii informaționale;Științe Inginerești;Examen;14;26
Facultatea de Mecatronică şi Sisteme Integrate de Armament;Academia Tehnică Militară din Bucureşti;Bucuresti, Bucuresti;15;5.55;0.47;3.500 lei;Sisteme pentru baraje de mine, distrugeri şi mascare;Public;Acreditat;Sisteme pentru baraje de mine, distrugeri şi mascare;Inginerie genistică;Științe Inginerești;Examen;11;4
Facultatea de Sisteme Electronice şi Informatice Militare;Academia Tehnică Militară din Bucureşti;Bucuresti, Bucuresti;45;5.61;1.11;3.500 lei;Comunicații pentru apărare și securitate;Public;Acreditat;Comunicații pentru apărare și securitate;Inginerie electronică, telecomunicații și tehnologii informaționale;Științe Inginerești;Examen;45;0
Facultatea de Sisteme Electronice şi Informatice Militare;Academia Tehnică Militară din Bucureşti;Bucuresti, Bucuresti;40;5.38;1.00;3.500 lei;Echipamente și sisteme electronice militare, electronică-radioelectronică de aviație;Public;Acreditat;Echipamente şi sisteme electronice militare;Inginerie electronică, telecomunicații și tehnologii informaționale;Științe Inginerești;Examen;13;27
Facultatea de Mecatronică şi Sisteme Integrate de Armament;Academia Tehnică Militară din Bucureşti;Bucuresti, Bucuresti;40;6.13;1.00;2.500 lei;Armament, rachete, muniţii de aviaţie şi sisteme de salvare;Public;Acreditat;Armament, rachete, muniţii de aviaţie şi sisteme de salvare;Inginerie de armament, rachete şi muniţii;Științe Inginerești;Examen;9;31
Facultatea de Mecatronică şi Sisteme Integrate de Armament;Academia Tehnică Militară din Bucureşti;Bucuresti, Bucuresti;17;5.57;0.94;3.500 lei;Blindate, automobile şi tractoare;Public;Acreditat;Blindate, automobile şi tractoare;Ingineria autovehiculelor;Științe Inginerești;Examen;17;0
Facultatea de Mecatronică şi Sisteme Integrate de Armament;Academia Tehnică Militară din Bucureşti;Bucuresti, Bucuresti;16;6.80;0.88;3.500 lei;Muniţii, rachete, explozivi şi pulberi;Public;Acreditat;Muniţii, rachete, explozivi şi pulberi;Inginerie de armament, rachete şi muniţii;Științe Inginerești;Examen;6;10
Facultatea de Mecatronică şi Sisteme Integrate de Armament;Academia Tehnică Militară din Bucureşti;Bucuresti, Bucuresti;15;5.30;0.60;3.500 lei;Materiale energetice și apărare CBRN;Public;Autorizat;Materiale energetice și apărare CBRN;Inginerie de armament, rachete şi muniţii;Științe Inginerești;Examen;11;4
Facultatea de Mecatronică şi Sisteme Integrate de Armament;Academia Tehnică Militară din Bucureşti;Bucuresti, Bucuresti;20;5.98;1.05;3.500 lei;Construcţii şi fortificaţii;Public;Acreditat;Construcţii şi fortificaţii;Inginerie civilă;Științe Inginerești;Examen;20;0
Facultatea de Mecatronică şi Sisteme Integrate de Armament;Academia Tehnică Militară din Bucureşti;Bucuresti, Bucuresti;15;7.20;1.47;3.500 lei;Topogeodezie şi automatizarea asigurării topogeodezice;Public;Acreditat;Topogeodezie şi automatizarea asigurării topogeodezice;Inginerie geodezică;Științe Inginerești;Examen;10;5
Facultatea de Mecatronică şi Sisteme Integrate de Armament;Academia Tehnică Militară din Bucureşti;Bucuresti, Bucuresti;15;6.31;0.87;3.500 lei;Drumuri, poduri și infrastructuri militare;Public;Autorizat;Drumuri, poduri și infrastructuri militare;Inginerie civilă;Științe Inginerești;Examen;8;7
Facultatea de Sisteme Electronice şi Informatice Militare;Academia Tehnică Militară din Bucureşti;Bucuresti, Bucuresti;80;5.53;1.06;3.500 lei;Calculatoare şi sisteme informatice pentru apărare şi securitate naţională;Public;Acreditat;Calculatoare şi sisteme informatice pentru apărare şi securitate naţională;Calculatoare și tehnologia informației;Științe Inginerești;Examen;80;0
Facultatea de Mecatronică şi Sisteme Integrate de Armament;Academia Tehnică Militară din Bucureşti;Bucuresti, Bucuresti;50;6.06;1.00;2.500 lei;Aeronave şi motoare de aviaţie;Public;Acreditat;Aeronave şi motoare de aviaţie;Inginerie aerospațială;Științe Inginerești;Examen;18;32
Facultatea de Mecatronică şi Sisteme Integrate de Armament;Academia Tehnică Militară din Bucureşti;Bucuresti, Bucuresti;15;6.13;1.07;3.500 lei;Echipamente și sisteme de comandă și control pentru autovehicule;Public;Autorizat;Echipamente și sisteme de comandă și control pentru autovehicule;Ingineria autovehiculelor;Științe Inginerești;Examen;12;3
Facultatea Teoretică;Academia de Muzică "Gheorghe Dima" din Cluj-Napoca;Cluj-Napoca, Cluj;N/A;N/A;N/A;5.200 lei;Pedagogie muzicală;Public;Acreditat;Pedagogie muzicală;Muzică;Arte, Arhitectură și Urbanism ;Examen;0;0
Facultatea Teoretică;Academia de Muzică "Gheorghe Dima" din Cluj-Napoca;Cluj-Napoca, Cluj;N/A;N/A;N/A;5.200 lei;Compoziţie muzicală;Public;Acreditat;Compoziţie muzicală;Muzică;Arte, Arhitectură și Urbanism ;Examen;0;0
Facultatea de Interpretare Muzicală;Academia de Muzică "Gheorghe Dima" din Cluj-Napoca;Cluj-Napoca, Cluj;16;8.60;1.38;5.200 lei;Interpretare muzicală - instrumente;Public;Acreditat;Interpretare muzicală - instrumente;Muzică;Arte, Arhitectură și Urbanism ;Examen;6;10
Facultatea Teoretică;Academia de Muzică "Gheorghe Dima" din Cluj-Napoca;Cluj-Napoca, Cluj;N/A;N/A;N/A;5.200 lei;Muzicologie;Public;Acreditat;Muzicologie;Muzică;Arte, Arhitectură și Urbanism ;Examen;0;0
Facultatea de Interpretare Muzicală;Academia de Muzică "Gheorghe Dima" din Cluj-Napoca;Cluj-Napoca, Cluj;16;9.34;1.00;N/A;Interpretare muzicală - canto (la Piatra Neamț);Public;Acreditat;Interpretare muzicală - canto;Muzică;Arte, Arhitectură și Urbanism ;Examen;6;10
Facultatea de Interpretare Muzicală;Academia de Muzică "Gheorghe Dima" din Cluj-Napoca;Cluj-Napoca, Cluj;16;9.23;1.00;5.200 lei;Interpretare muzicală - canto;Public;Acreditat;Interpretare muzicală - canto;Muzică;Arte, Arhitectură și Urbanism ;Examen;6;10
Facultatea de Interpretare Muzicală;Academia de Muzică "Gheorghe Dima" din Cluj-Napoca;Cluj-Napoca, Cluj;16;8.69;1.38;5.200 lei;Interpretare muzicală - instrumente (la Piatra Neamț);Public;Acreditat;Interpretare muzicală - instrumente;Muzică;Arte, Arhitectură și Urbanism ;Examen;6;10
Facultatea de Interpretare Muzicală;Academia de Muzică "Gheorghe Dima" din Cluj-Napoca;Cluj-Napoca, Cluj;12;N/A;N/A;N/A;Artele spectacolului muzical;Public;Acreditat;Artele spectacolului muzical;Muzică;Arte, Arhitectură și Urbanism ;Examen;9;3
Facultatea Teoretică;Academia de Muzică "Gheorghe Dima" din Cluj-Napoca;Cluj-Napoca, Cluj;N/A;N/A;N/A;5.200 lei;Dirijat;Public;Acreditat;Dirijat;Muzică;Arte, Arhitectură și Urbanism ;Examen;0;0
Facultatea Teoretică;Academia de Muzică "Gheorghe Dima" din Cluj-Napoca;Cluj-Napoca, Cluj;N/A;N/A;N/A;5.200 lei;Pedagogie muzicală (la Piatra Neamț);Public;Acreditat;Pedagogie muzicală;Muzică;Arte, Arhitectură și Urbanism ;Examen;0;0
Facultatea de Ştiinţe Juridice şi Administrative;Academia de Poliție "Alexandru Ioan Cuza" din Bucureşti;Bucuresti, Bucuresti;N/A;N/A;N/A;2.800 lei;Drept;Public;Autorizat;Drept;Drept;Științe Juridice;Examen;0;0
Facultatea de Ştiinţe Juridice şi Administrative;Academia de Poliție "Alexandru Ioan Cuza" din Bucureşti;Bucuresti, Bucuresti;N/A;N/A;N/A;2.000 lei;Administraţie publică;Public;Autorizat;Administraţie publică;Ştiinţe administrative;Științe Politice și Comunicare;Dosar;0;0
Facultatea de Poliție;Academia de Poliție "Alexandru Ioan Cuza" din Bucureşti;Bucuresti, Bucuresti;N/A;N/A;N/A;2.800 lei;Ordine şi siguranţă publică;Public;Acreditat;Comunicare şi relaţii publice - informaţii;Ştiinţe militare, informaţii și ordine publică;Ştiinţe Militare, Informaţii şi Ordine publică;Examen;0;0
Facultatea de Poliție;Academia de Poliție "Alexandru Ioan Cuza" din Bucureşti;Bucuresti, Bucuresti;N/A;N/A;N/A;2.800 lei;Ordine și siguranță publică IFR (agenți, subofițeri, maiștri militari MAI);Public;Acreditat;Ordine şi siguranţă publică;Ordine publică și siguranță națională;Ştiinţe Militare, Informaţii şi Ordine publică;Examen;0;0
Facultatea de Pompieri;Academia de Poliție "Alexandru Ioan Cuza" din Bucureşti;Bucuresti, Bucuresti;50;N/A;N/A;3.000 lei;Instalaţii pentru construcţii - pompieri;Public;Acreditat;Instalaţii pentru construcţii - pompieri;Ingineria instalaţiilor;Științe Inginerești;Examen;50;0
Facultatea de Poliţie de Frontieră;Academia de Poliție "Alexandru Ioan Cuza" din Bucureşti;Bucuresti, Bucuresti;N/A;N/A;N/A;2.800 lei;Ordine şi siguranţă publică;Public;Acreditat;Ordine şi siguranţă publică;Ştiinţe militare, informaţii și ordine publică;Ştiinţe Militare, Informaţii şi Ordine publică;Examen;0;0
Facultatea de Ştiinţe Juridice şi Administrative;Academia de Poliție "Alexandru Ioan Cuza" din Bucureşti;Bucuresti, Bucuresti;100;N/A;N/A;300 lei;Drept ID;Public;Acreditat;Drept;Drept;Științe Juridice;Examen;0;100
Facultatea de Arhivistică;Academia de Poliție "Alexandru Ioan Cuza" din Bucureşti;Bucuresti, Bucuresti;N/A;N/A;N/A;2.800 lei;Arhivistică;Public;Acreditat;Arhivistică;Istorie;Științe Umaniste;Examen;0;0
Facultatea de Jandarmi;Academia de Poliție "Alexandru Ioan Cuza" din Bucureşti;Bucuresti, Bucuresti;N/A;N/A;N/A;2.800 lei;Ordine şi siguranţă publică;Public;Acreditat;Ordine şi siguranţă publică;Ştiinţe militare, informaţii și ordine publică;Ştiinţe Militare, Informaţii şi Ordine publică;Examen;0;0
Facultatea de Finanţe, Asigurări, Bănci şi Burse de Valori;Academia de Studii Economice (ASE) - extensie Buzău;Buzau, Buzau;50;N/A;N/A;4.000 lei;Finanţe şi Bănci (ID);Public;Acreditat;Finanţe şi bănci;Finanţe;Științe Economice;Examen;0;50
Facultatea de Management;Academia de Studii Economice (ASE) - extensie Deva;Deva, Hunedoara;75;N/A;N/A;3.500 lei;Management (ID);Public;Autorizat;Management;Management;Științe Economice;Examen;0;75
Facultatea de Contabilitate şi Informatică de Gestiune;Academia de Studii Economice (ASE) - extensie Deva;Deva, Hunedoara;75;N/A;N/A;4.000 lei;Contabilitate si informatica de gestiune;Public;Autorizat;Contabilitate şi informatică de gestiune;Contabilitate;Științe Economice;Dosar;0;75
Facultatea de Management;Academia de Studii Economice (ASE) - extensie Piatra Neamț;Piatra Neamt, Neamt;N/A;N/A;N/A;3.500 lei;Management (ID);Public;Acreditat;Management;Management;Științe Economice;Examen;0;0
Facultatea de Economie Agroalimentară şi a Mediului;Academia de Studii Economice din Bucureşti (ASE);Bucuresti, Bucuresti;50;N/A;N/A;4.000 lei;Economie agroalimentară şi a mediului (ID);Public;Autorizat;Economie agroalimentară şi a mediului;Economie;Științe Economice;Examen;0;50
Facultatea de Cibernetică, Statistică şi Informatică Economică;Academia de Studii Economice din Bucureşti (ASE);Bucuresti, Bucuresti;345;9.31;0.98;4.000 lei;Informatică economică;Public;Acreditat;Informatică economică;Informatică economică;Științe Economice;Examen;259;86
Facultatea de Cibernetică, Statistică şi Informatică Economică;Academia de Studii Economice din Bucureşti (ASE);Bucuresti, Bucuresti;97;8.92;1.10;4.000 lei;Informatică economică (în limba engleză);Public;Autorizat;Informatică economică;Informatică economică;Științe Economice;Examen;84;13
Facultatea de Contabilitate şi Informatică de Gestiune;Academia de Studii Economice din Bucureşti (ASE);Bucuresti, Bucuresti;120;7.40;0.47;4.000 lei;Contabilitate şi informatică de gestiune (în limba engleză);Public;Autorizat;Contabilitate şi informatică de gestiune;Contabilitate;Științe Economice;Examen;51;69
Facultatea de Contabilitate şi Informatică de Gestiune;Academia de Studii Economice din Bucureşti (ASE);Bucuresti, Bucuresti;140;N/A;N/A;4.000 lei;Contabilitate şi informatică de gestiune (ID);Public;Acreditat;Contabilitate şi informatică de gestiune;Contabilitate;Științe Economice;Examen;0;140
Facultatea de Administrație și Management Public;Academia de Studii Economice din Bucureşti (ASE);Bucuresti, Bucuresti;349;8.39;0.74;4.000 lei;Administraţie publică;Public;Acreditat;Administraţie publică;Ştiinţe administrative;Științe Politice și Comunicare;Examen;137;212
Facultatea de Management;Academia de Studii Economice din Bucureşti (ASE);Bucuresti, Bucuresti;50;N/A;N/A;3.500 lei;Management (la Piatra Neamț);Public;Acreditat;Management;Management;Științe Economice;Examen;0;50
Facultatea de Administrarea Afacerilor, cu predare în limbi străine;Academia de Studii Economice din Bucureşti (ASE);Bucuresti, Bucuresti;130;8.51;0.48;4.000 lei;Administrarea afacerilor (în limba germană);Public;Acreditat;Administrarea afacerilor;Administrarea afacerilor;Științe Economice;Examen;29;101
Facultatea de Marketing;Academia de Studii Economice din Bucureşti (ASE);Bucuresti, Bucuresti;97;8.38;0.76;4.000 lei;Marketing (în limba engleză);Public;Autorizat;Marketing;Marketing;Științe Economice;Examen;42;55
Facultatea de Finanţe, Asigurări, Bănci şi Burse de Valori;Academia de Studii Economice din Bucureşti (ASE);Bucuresti, Bucuresti;95;N/A;N/A;4.000 lei;Finanţe şi Bănci (ID);Public;Acreditat;Finanţe şi bănci;Finanţe;Științe Economice;Examen;0;95
Facultatea de Relaţii Economice Internaţionale;Academia de Studii Economice din Bucureşti (ASE);Bucuresti, Bucuresti;456;9.08;0.89;4.000 lei;Economie şi afaceri internaţionale;Public;Acreditat;Economie şi afaceri internaţionale;Economie şi afaceri internaţionale;Științe Economice;Examen;194;262
Facultatea de Finanţe, Asigurări, Bănci şi Burse de Valori;Academia de Studii Economice din Bucureşti (ASE);Bucuresti, Bucuresti;50;N/A;N/A;4.000 lei;Finanţe şi bănci (la Buzău);Public;Acreditat;Finanţe şi bănci;Finanţe;Științe Economice;Examen;0;50
Facultatea de Business şi Turism;Academia de Studii Economice din Bucureşti (ASE);Bucuresti, Bucuresti;95;7.74;0.56;4.000 lei;Administrarea afacerilor în comerţ, turism, servicii, merceologie şi managementul calităţii (în limba engleză);Public;Autorizat;Administrarea afacerilor în comerţ, turism, servicii, merceologie şi managementul calităţii;Administrarea afacerilor;Științe Economice;Examen;44;51
Facultatea de Economie Agroalimentară şi a Mediului;Academia de Studii Economice din Bucureşti (ASE);Bucuresti, Bucuresti;360;6.70;0.72;4.000 lei;Economie agroalimentară şi a mediului;Public;Autorizat;Economie agroalimentară şi a mediului;Economie;Științe Economice;Examen;230;130
Facultatea de Marketing;Academia de Studii Economice din Bucureşti (ASE);Bucuresti, Bucuresti;115;N/A;N/A;3.500 lei;Marketing (ID);Public;Acreditat;Marketing;Marketing;Științe Economice;Examen;0;115
Facultatea de Cibernetică, Statistică şi Informatică Economică;Academia de Studii Economice din Bucureşti (ASE);Bucuresti, Bucuresti;225;9.34;1.04;4.000 lei;Cibernetică economică;Public;Acreditat;Cibernetică economică ;Cibernetică, statistică și informatică economică ;Științe Economice;Examen;189;36
Facultatea de Finanţe, Asigurări, Bănci şi Burse de Valori;Academia de Studii Economice din Bucureşti (ASE);Bucuresti, Bucuresti;491;8.75;0.91;4.000 lei;Finanţe şi Bănci;Public;Acreditat;Finanţe şi bănci;Finanţe;Științe Economice;Examen;237;254
Facultatea de Administrație și Management Public;Academia de Studii Economice din Bucureşti (ASE);Bucuresti, Bucuresti;120;9.23;0.93;4.000 lei;Resurse umane;Public;Autorizat;Resurse umane;Sociologie;Științe Sociale și Psihologie;Examen;45;75
Facultatea de Economie Teoretică şi Aplicată;Academia de Studii Economice din Bucureşti (ASE);Bucuresti, Bucuresti;291;7.55;0.60;4.000 lei;Economie şi comunicare economică în afaceri;Public;Acreditat;Economie şi comunicare economică în afaceri;Economie;Științe Economice;Examen;155;136
Facultatea de Marketing;Academia de Studii Economice din Bucureşti (ASE);Bucuresti, Bucuresti;90;N/A;N/A;3.500 lei;Marketing (IFR);Public;Autorizat;Marketing;Marketing;Științe Economice;Examen;0;90
Facultatea de Management;Academia de Studii Economice din Bucureşti (ASE);Bucuresti, Bucuresti;586;8.46;0.89;4.000 lei;Management;Public;Acreditat;Management;Management;Științe Economice;Examen;222;364
Facultatea de Relaţii Economice Internaţionale;Academia de Studii Economice din Bucureşti (ASE);Bucuresti, Bucuresti;95;8.31;0.59;4.000 lei;Limbi moderne aplicate (engleză - franceză);Public;Autorizat;Limbi moderne aplicate;Limbi moderne aplicate;Științe Umaniste;Examen;42;53
Facultatea de Cibernetică, Statistică şi Informatică Economică;Academia de Studii Economice din Bucureşti (ASE);Bucuresti, Bucuresti;120;N/A;N/A;4.000 lei;Informatică economică (ID);Public;Acreditat;Informatică economică;Cibernetică, statistică și informatică economică ;Științe Economice;Examen;0;120
Facultatea de Management;Academia de Studii Economice din Bucureşti (ASE);Bucuresti, Bucuresti;95;8.03;0.66;4.000 lei;Management (în limba engleză);Public;Autorizat;Management;Management;Științe Economice;Examen;43;52
Facultatea de Management;Academia de Studii Economice din Bucureşti (ASE);Bucuresti, Bucuresti;90;N/A;N/A;3.500 lei;Management (ID);Public;Acreditat;Management;Management;Științe Economice;Examen;0;90
Facultatea de Administrarea Afacerilor, cu predare în limbi străine;Academia de Studii Economice din Bucureşti (ASE);Bucuresti, Bucuresti;341;9.27;0.68;4.000 lei;Administrarea afacerilor (în limba engleză);Public;Acreditat;Administrarea afacerilor;Administrarea afacerilor;Științe Economice;Examen;90;251
Facultatea de Marketing;Academia de Studii Economice din Bucureşti (ASE);Bucuresti, Bucuresti;446;8.65;0.94;4.000 lei;Marketing;Public;Autorizat;Marketing;Marketing;Științe Economice;Examen;187;259
Facultatea de Cibernetică, Statistică şi Informatică Economică;Academia de Studii Economice din Bucureşti (ASE);Bucuresti, Bucuresti;98;8.80;1.16;4.000 lei;Statistică şi previziune economică;Public;Acreditat;Statistică și previziune economică ;Cibernetică, statistică și informatică economică ;Științe Economice;Examen;85;13
Facultatea de Relaţii Economice Internaţionale;Academia de Studii Economice din Bucureşti (ASE);Bucuresti, Bucuresti;120;9.27;0.88;4.000 lei;Economie şi afaceri internaţionale (în limba engleză);Public;Autorizat;Economie şi afaceri internaţionale;Economie şi afaceri internaţionale;Științe Economice;Examen;50;70
Facultatea de Finanţe, Asigurări, Bănci şi Burse de Valori;Academia de Studii Economice din Bucureşti (ASE);Bucuresti, Bucuresti;95;6.74;0.38;4.000 lei;Finanţe şi Bănci (în limba engleză);Public;Autorizat;Finanţe şi bănci;Finanţe;Științe Economice;Examen;34;61
Facultatea de Contabilitate şi Informatică de Gestiune;Academia de Studii Economice din Bucureşti (ASE);Bucuresti, Bucuresti;544;8.98;0.95;4.000 lei;Contabilitate şi informatică de gestiune;Public;Acreditat;Contabilitate şi informatică de gestiune;Contabilitate;Științe Economice;Examen;205;339
Facultatea de Business şi Turism;Academia de Studii Economice din Bucureşti (ASE);Bucuresti, Bucuresti;496;8.59;0.94;4.000 lei;Administrarea afacerilor în comerţ, turism, servicii, merceologie şi managementul calităţii;Public;Acreditat;Administrarea afacerilor în comerţ, turism, servicii, merceologie şi managementul calităţii;Administrarea afacerilor;Științe Economice;Examen;190;306
Facultatea de Administrarea Afacerilor, cu predare în limbi străine;Academia de Studii Economice din Bucureşti (ASE);Bucuresti, Bucuresti;170;6.16;0.14;4.000 lei;Administrarea afacerilor (în limba franceză);Public;Acreditat;Administrarea afacerilor;Administrarea afacerilor;Științe Economice;Examen;30;140
Facultatea de Management;Academia de Studii Economice din Bucureşti (ASE);Bucuresti, Bucuresti;75;N/A;N/A;3.500 lei;Management (la Deva);Public;Acreditat;Management;Management;Științe Economice;Examen;0;75
Departamentul Economie, Turism, Serivicii;Fundația "Gaudeamus" - Universitatea "Tomis" din Constanța;Constanta, Constanta;100;N/A;N/A;2.200 lei;Administrarea afacerilor;Public;Acreditat;Administrarea afacerilor;Administrarea afacerilor;Științe Economice;Dosar;5;95
Departamentul Finanțe, Contabilitate și Discipline Umaniste;Fundația "Gaudeamus" - Universitatea "Tomis" din Constanța;Constanta, Constanta;100;N/A;N/A;2.100 lei;Finanţe şi bănci;Public;Acreditat;Finanţe şi bănci;Finanţe;Științe Economice;Dosar;5;95
Departamentul Economie, Turism, Serivicii;Fundația "Gaudeamus" - Universitatea "Tomis" din Constanța;Constanta, Constanta;75;N/A;N/A;2.100 lei;Economia comerţului, turismului, serviciilor şi managementul calităţii;Public;Autorizat;Economia comerţului, turismului, serviciilor şi managementul calităţii;Administrarea afacerilor;Științe Economice;Dosar;5;70
Facultatea de Ştiinţe Economice, Juridice și Sociale (Hunedoara);Fundația Universitară "Alma Mater" - Universitatea "Alma Mater" din Sibiu;Hunedoara, Hunedoara;N/A;N/A;N/A;N/A;Economia comerţului, turismului, serviciilor şi managementul calităţii (la Hunedoara);Public;Autorizat;Economia comerţului, turismului, serviciilor şi managementul calităţii;Administrarea afacerilor;Științe Economice;Dosar;0;0
Facultatea de Științe Economice, Sociale și Aministrative;Fundația Universitară "Alma Mater" - Universitatea "Alma Mater" din Sibiu;Sibiu, Sibiu;N/A;N/A;N/A;N/A;Management;Public;Acreditat;Management;Management;Științe Economice;Dosar;0;0
Facultatea de Științe Economice, Sociale și Aministrative;Fundația Universitară "Alma Mater" - Universitatea "Alma Mater" din Sibiu;Sibiu, Sibiu;N/A;N/A;N/A;2.500 lei;Economia comerţului, turismului, serviciilor şi managementul calităţii;Public;Acreditat;Economia comerţului, turismului, serviciilor şi managementul calităţii;Administrarea afacerilor;Științe Economice;Dosar;0;0
Facultatea de Științe Economice, Sociale și Aministrative;Fundația Universitară "Alma Mater" - Universitatea "Alma Mater" din Sibiu;Sibiu, Sibiu;N/A;N/A;N/A;2.500 lei;Pedagogia învăţământului primar şi preşcolar;Public;Acreditat;Pedagogia învăţământului primar şi preşcolar;Științe ale educației;Științe Politice și Comunicare;Dosar;0;0
Facultatea de Teologie;Institutul Teologic Baptist din București;Bucuresti, Bucuresti;25;N/A;N/A;2.500 lei;Teologie baptistă pastorală;Public;Acreditat;Teologie pastorală;Teologie;Teologie;Examen;0;25
Facultatea de Teologie;Institutul Teologic Baptist din București;Bucuresti, Bucuresti;50;N/A;N/A;2.475 lei;Teologie baptistă pastorală ID;Public;Acreditat;Teologie pastorală;Teologie;Teologie;Examen;0;50
Facultatea de Teologie Penticostală;Institutul Teologic Penticostal;Bucuresti, Bucuresti;N/A;N/A;N/A;N/A;Teologie penticostală pastorală;Public;Acreditat;Teologie pastorală;Teologie;Teologie;Examen;0;0
Facultatea de Teologie;Institutul Teologic Protestant din Cluj-Napoca;Cluj-Napoca, Cluj;N/A;N/A;N/A;N/A;Teologie protestantă pastorală (în limba maghiară);Public;Acreditat;Teologie pastorală;Teologie;Teologie;Examen;0;0
Facultatea de Filosofie;Institutul Teologic Romano-Catolic Franciscan din Roman;Roman, Neamt;N/A;N/A;N/A;N/A;Filosofie;Public;Autorizat;Filosofie;Filosofie;Științe Umaniste;Dosar;0;0
Bachelor of Business Administration;The Entrepreneurship Academy;Bucuresti, Bucuresti;60;N/A;N/A;33.530 lei;Antreprenoriat;Public;Acreditat;Management;Management;Științe Economice;Dosar;0;60
Facultatea de Ştiinţe Economice;Universitatea "1 Decembrie 1918" din Alba Iulia;Alba Iulia, Alba;93;N/A;N/A;2.500 lei;Contabilitate şi informatică de gestiune;Public;Acreditat;Contabilitate şi informatică de gestiune;Contabilitate;Științe Economice;Dosar;38;55
Facultatea de Ştiinţe Economice;Universitatea "1 Decembrie 1918" din Alba Iulia;Alba Iulia, Alba;75;N/A;N/A;2.200 lei;Economia comertului, turismului si serviciilor (ID);Public;Acreditat;Economia comerţului, turismului şi serviciilor;Administrarea afacerilor;Științe Economice;Dosar;0;75
Facultatea de Drept şi Ştiinţe Sociale;Universitatea "1 Decembrie 1918" din Alba Iulia;Alba Iulia, Alba;59;N/A;N/A;2.500 lei;Terapie ocupaţională;Public;Autorizat;Terapie ocupaţională;Psihologie;Științe Sociale și Psihologie;Dosar;20;39
Facultatea de Istorie şi Filologie;Universitatea "1 Decembrie 1918" din Alba Iulia;Alba Iulia, Alba;60;N/A;N/A;2.200 lei;Limba şi literatura română - Limba şi literatura engleză;Public;Acreditat;Limba şi literatura română;Limbă şi literatură;Științe Umaniste;Dosar;20;40
Facultatea de Ştiinţe Economice;Universitatea "1 Decembrie 1918" din Alba Iulia;Alba Iulia, Alba;75;N/A;N/A;2.200 lei;Contabilitate şi informatică de gestiune (ID);Public;Acreditat;Contabilitate şi informatică de gestiune;Contabilitate;Științe Economice;Dosar;0;75
Facultatea de Ştiinţe Exacte şi Inginereşti;Universitatea "1 Decembrie 1918" din Alba Iulia;Alba Iulia, Alba;66;N/A;N/A;3.000 lei;Informatică (în limba engleză);Public;Autorizat;Informatică;Informatică;Științe Exacte;Examen;6;60
Facultatea de Teologie Ortodoxă;Universitatea "1 Decembrie 1918" din Alba Iulia;Alba Iulia, Alba;91;N/A;N/A;2.200 lei;Teologie ortodoxă pastorală;Public;Acreditat;Teologie pastorală;Teologie;Teologie;Examen;31;60
Facultatea de Drept şi Ştiinţe Sociale;Universitatea "1 Decembrie 1918" din Alba Iulia;Alba Iulia, Alba;73;N/A;N/A;2.500 lei;Pedagogia învăţământului primar şi preşcolar;Public;Autorizat;Pedagogia învăţământului primar şi preşcolar;Științe ale educației;Științe Politice și Comunicare;Examen;30;43
Facultatea de Ştiinţe Exacte şi Inginereşti;Universitatea "1 Decembrie 1918" din Alba Iulia;Alba Iulia, Alba;54;N/A;N/A;2.600 lei;Măsurători terestre şi cadastru;Public;Acreditat;Măsurători terestre şi cadastru;Inginerie geodezică;Științe Inginerești;Dosar;24;30
Facultatea de Drept şi Ştiinţe Sociale;Universitatea "1 Decembrie 1918" din Alba Iulia;Alba Iulia, Alba;147;N/A;N/A;2.500 lei;Drept;Public;Acreditat;Drept;Drept;Științe Juridice;Dosar;41;106
Facultatea de Istorie şi Filologie;Universitatea "1 Decembrie 1918" din Alba Iulia;Alba Iulia, Alba;60;N/A;N/A;2.000 lei;Istorie;Public;Acreditat;Istorie;Istorie;Științe Umaniste;Dosar;20;40
Facultatea de Ştiinţe Economice;Universitatea "1 Decembrie 1918" din Alba Iulia;Alba Iulia, Alba;68;N/A;N/A;2.500 lei;Economia comerţului, turismului şi serviciilor;Public;Acreditat;Economia comerţului, turismului şi serviciilor;Administrarea afacerilor;Științe Economice;Dosar;28;40
Facultatea de Ştiinţe Economice;Universitatea "1 Decembrie 1918" din Alba Iulia;Alba Iulia, Alba;66;N/A;N/A;2.500 lei;Administrarea Afacerilor;Public;Acreditat;Administrarea afacerilor;Administrarea afacerilor;Științe Economice;Dosar;26;40
Facultatea de Drept şi Ştiinţe Sociale;Universitatea "1 Decembrie 1918" din Alba Iulia;Alba Iulia, Alba;45;N/A;N/A;2.400 lei;Administraţie publică;Public;Acreditat;Administraţie publică;Ştiinţe administrative;Științe Politice și Comunicare;Dosar;20;25
Facultatea de Drept şi Ştiinţe Sociale;Universitatea "1 Decembrie 1918" din Alba Iulia;Alba Iulia, Alba;50;N/A;N/A;2.700 lei;Kinetoterapie şi motricitate specială;Public;Autorizat;Kinetoterapie şi motricitate specială;Kinetoterapie;Ştiinţa Sportului şi Educaţiei Fizice;Examen;37;13
Facultatea de Istorie şi Filologie;Universitatea "1 Decembrie 1918" din Alba Iulia;Alba Iulia, Alba;42;N/A;N/A;2.000 lei;Traducere şi interpretare;Public;Autorizat;Traducere și interpretare;Limbi moderne aplicate;Științe Umaniste;Dosar;21;21
Facultatea de Ştiinţe Economice;Universitatea "1 Decembrie 1918" din Alba Iulia;Alba Iulia, Alba;45;N/A;N/A;2.500 lei;Marketing;Public;Acreditat;Marketing;Marketing;Științe Economice;Dosar;26;19
Facultatea de Ştiinţe Exacte şi Inginereşti;Universitatea "1 Decembrie 1918" din Alba Iulia;Alba Iulia, Alba;120;N/A;N/A;2.600 lei;Informatică;Public;Acreditat;Informatică;Informatică;Științe Exacte;Dosar;56;64
Facultatea de Drept şi Ştiinţe Sociale;Universitatea "1 Decembrie 1918" din Alba Iulia;Alba Iulia, Alba;45;N/A;N/A;2.700 lei;Sociologie;Public;Acreditat;Sociologie;Sociologie;Științe Sociale și Psihologie;Dosar;20;25
Facultatea de Ştiinţe Economice;Universitatea "1 Decembrie 1918" din Alba Iulia;Alba Iulia, Alba;66;N/A;N/A;2.500 lei;Administrarea Afacerilor (în limba engleză);Public;Autorizat;Administrarea afacerilor;Administrarea afacerilor;Științe Economice;Examen;26;40
Facultatea de Ştiinţe Economice;Universitatea "1 Decembrie 1918" din Alba Iulia;Alba Iulia, Alba;75;N/A;N/A;2.200 lei;Administrarea afacerilor (ID);Public;Autorizat;Administrarea afacerilor;Administrarea afacerilor;Științe Economice;Dosar;0;75
Facultatea de Ştiinţe Economice;Universitatea "1 Decembrie 1918" din Alba Iulia;Alba Iulia, Alba;66;N/A;N/A;2.500 lei;Finanţe şi bănci;Public;Acreditat;Finanţe şi bănci;Finanţe;Științe Economice;Dosar;26;40
Facultatea de Ştiinţe Exacte şi Inginereşti;Universitatea "1 Decembrie 1918" din Alba Iulia;Alba Iulia, Alba;48;N/A;N/A;2.600 lei;Electronică aplicată;Public;Acreditat;Electronică aplicată;Inginerie electronică, telecomunicații și tehnologii informaționale;Științe Inginerești;Dosar;35;13
Facultatea de Ştiinţe Exacte şi Inginereşti;Universitatea "1 Decembrie 1918" din Alba Iulia;Alba Iulia, Alba;55;N/A;N/A;2.600 lei;Ingineria Mediului;Public;Acreditat;Ingineria mediului;Ingineria mediului;Științe Inginerești;Dosar;25;30
Facultatea de Drept şi Ştiinţe Sociale;Universitatea "1 Decembrie 1918" din Alba Iulia;Alba Iulia, Alba;50;N/A;N/A;2.700 lei;Educaţie fizică şi sportivă;Public;Autorizat;Educaţie fizică şi sportivă;Educaţie fizică şi sport;Ştiinţa Sportului şi Educaţiei Fizice;Examen;37;13
Facultatea de Drept şi Ştiinţe Sociale;Universitatea "1 Decembrie 1918" din Alba Iulia;Alba Iulia, Alba;70;N/A;N/A;2.400 lei;Asistenţă socială;Public;Acreditat;Asistenţă socială;Asistenţă socială;Științe Sociale și Psihologie;Dosar;20;50
Facultatea de Drept şi Ştiinţe Sociale;Universitatea "1 Decembrie 1918" din Alba Iulia;Alba Iulia, Alba;50;N/A;N/A;2.200 lei;Pedagogia învăţământului primar şi preşcolar (ID);Public;Autorizat;Pedagogia învăţământului primar şi preşcolar;Științe ale educației;Științe Politice și Comunicare;Examen;0;50
Facultatea de Teologie Ortodoxă;Universitatea "1 Decembrie 1918" din Alba Iulia;Alba Iulia, Alba;30;N/A;N/A;2.700 lei;Muzică religioasă;Public;Autorizat;Muzică religioasă;Muzică;Arte, Arhitectură și Urbanism ;Examen;22;8
Facultatea de Ştiinţe Economice;Universitatea "Agora" din Municipiul Oradea;Oradea, Bihor;50;N/A;N/A;2.400 lei;Management;Public;Acreditat;Management;Management;Științe Economice;Dosar;0;50
Facultatea de Științe Juridice și Administrative;Universitatea "Agora" din Municipiul Oradea;Oradea, Bihor;100;N/A;N/A;2.400 lei;Drept;Public;Acreditat;Drept;Drept;Științe Juridice;Dosar;0;100
Facultatea de Științe Juridice și Administrative;Universitatea "Agora" din Municipiul Oradea;Oradea, Bihor;80;N/A;N/A;2.400 lei;Poliţie locală;Public;Acreditat;Poliţie locală;Ştiinţe administrative;Științe Politice și Comunicare;Examen;0;80
Facultatea de Ştiinţe Economice;Universitatea "Agora" din Municipiul Oradea;Oradea, Bihor;100;N/A;N/A;2.400 lei;Contabilitate şi informatică de gestiune;Public;Acreditat;Contabilitate şi informatică de gestiune;Contabilitate;Științe Economice;Dosar;0;100
Facultatea de Biologie;Universitatea "Alexandru Ioan Cuza" din Iaşi (UAIC);Iasi, Iasi;55;8.34;N/A;3.000 lei;Ecologie şi protecţia mediului;Public;Acreditat;Ecologie şi protecţia mediului;Ştiinţa mediului;Științe ale Naturii;Dosar;40;15
Facultatea de Biologie;Universitatea "Alexandru Ioan Cuza" din Iaşi (UAIC);Iasi, Iasi;95;7.76;0.63;3.500 lei;Biochimie;Public;Acreditat;Biochimie;Biologie;Științe ale Naturii;Dosar;75;20
Facultatea de Economie şi Administrarea Afacerilor (FEAA);Universitatea "Alexandru Ioan Cuza" din Iaşi (UAIC);Iasi, Iasi;130;N/A;N/A;2.900 lei;Contabilitate şi informatică de gestiune (ID);Public;Acreditat;Contabilitate şi informatică de gestiune;Contabilitate;Științe Economice;Dosar;0;130
Facultatea de Drept;Universitatea "Alexandru Ioan Cuza" din Iaşi (UAIC);Iasi, Iasi;145;N/A;N/A;2.800 lei;Drept (IFR);Public;Acreditat;Drept;Drept;Științe Juridice;Dosar;0;145
Facultatea de Economie şi Administrarea Afacerilor (FEAA);Universitatea "Alexandru Ioan Cuza" din Iaşi (UAIC);Iasi, Iasi;150;N/A;N/A;2.900 lei;Management (ID);Public;Acreditat;Management;Management;Științe Economice;Dosar;0;150
Facultatea de Educaţie Fizică şi Sport;Universitatea "Alexandru Ioan Cuza" din Iaşi (UAIC);Iasi, Iasi;68;N/A;N/A;3.500 lei;Kinetoterapie şi motricitate specială;Public;Acreditat;Kinetoterapie şi motricitate specială;Kinetoterapie;Ştiinţa Sportului şi Educaţiei Fizice;Examen;27;41
Facultatea de Filosofie şi Ştiinţe Social - Politice;Universitatea "Alexandru Ioan Cuza" din Iaşi (UAIC);Iasi, Iasi;50;N/A;N/A;3.000 lei;Comunicare şi relaţii publice (ID);Public;Acreditat;Comunicare şi relaţii publice;Ştiinţe ale comunicării;Științe Politice și Comunicare;Dosar;0;50
Facultatea de Filosofie şi Ştiinţe Social - Politice;Universitatea "Alexandru Ioan Cuza" din Iaşi (UAIC);Iasi, Iasi;95;N/A;N/A;3.000 lei;Sociologie;Public;Acreditat;Sociologie;Sociologie;Științe Sociale și Psihologie;Dosar;30;65
Facultatea de Filosofie şi Ştiinţe Social - Politice;Universitatea "Alexandru Ioan Cuza" din Iaşi (UAIC);Iasi, Iasi;38;N/A;N/A;3.000 lei;Filosofie;Public;Acreditat;Filosofie;Filosofie;Științe Umaniste;Dosar;30;8
Facultatea de Fizică;Universitatea "Alexandru Ioan Cuza" din Iaşi (UAIC);Iasi, Iasi;20;N/A;N/A;3.000 lei;Fizică tehnologică;Public;Acreditat;Fizică tehnologică;Științe inginerești aplicate;Științe Inginerești;Dosar;18;2
Facultatea de Geografie şi Geologie;Universitatea "Alexandru Ioan Cuza" din Iaşi (UAIC);Iasi, Iasi;300;N/A;N/A;3.000 lei;Hidrologie şi meteorologie;Public;Acreditat;Hidrologie şi meteorologie;Geografie;Științe ale Naturii;Dosar;200;100
Facultatea de Geografie şi Geologie;Universitatea "Alexandru Ioan Cuza" din Iaşi (UAIC);Iasi, Iasi;300;N/A;N/A;3.000 lei;Planificare teritorială;Public;Acreditat;Planificare teritorială;Geografie;Științe ale Naturii;Dosar;200;100
Facultatea de Geografie şi Geologie;Universitatea "Alexandru Ioan Cuza" din Iaşi (UAIC);Iasi, Iasi;40;N/A;N/A;3.000 lei;Geochimie;Public;Acreditat;Geochimie;Geologie;Științe ale Naturii;Dosar;30;10
Facultatea de Psihologie şi Ştiinţe ale Educaţiei;Universitatea "Alexandru Ioan Cuza" din Iaşi (UAIC);Iasi, Iasi;60;N/A;N/A;3.300 lei;Pedagogie;Public;Acreditat;Pedagogie;Științe ale educației;Științe Politice și Comunicare;Dosar;40;20
Facultatea de Chimie;Universitatea "Alexandru Ioan Cuza" din Iaşi (UAIC);Iasi, Iasi;60;7.10;N/A;3.500 lei;Chimie medicală;Public;Autorizat;Chimie;Chimie;Științe Exacte;Dosar;40;20
Facultatea de Litere;Universitatea "Alexandru Ioan Cuza" din Iaşi (UAIC);Iasi, Iasi;20;N/A;N/A;2.400 lei;Literatură universală şi comparată - Limbă şi literatură modernă;Public;Acreditat;Literatură universală şi comparată;Limbă şi literatură;Științe Umaniste;Dosar;10;10
Facultatea de Filosofie şi Ştiinţe Social - Politice;Universitatea "Alexandru Ioan Cuza" din Iaşi (UAIC);Iasi, Iasi;270;N/A;N/A;3.000 lei;Asistență socială;Public;Acreditat;Asistenţă socială;Asistenţă socială;Științe Sociale și Psihologie;Dosar;75;195
Facultatea de Psihologie şi Ştiinţe ale Educaţiei;Universitatea "Alexandru Ioan Cuza" din Iaşi (UAIC);Iasi, Iasi;30;N/A;N/A;3.300 lei;Pedagogie socială;Public;Autorizat;Pedagogie;Științe ale educației;Științe Politice și Comunicare;Dosar;0;30
Facultatea de Economie şi Administrarea Afacerilor (FEAA);Universitatea "Alexandru Ioan Cuza" din Iaşi (UAIC);Iasi, Iasi;N/A;N/A;N/A;3.000 lei;Economia comerţului, turismului şi serviciilor (la Piatra Neamţ);Public;Acreditat;Economia comerţului, turismului şi serviciilor;Administrarea afacerilor;Științe Economice;Dosar;0;0
Facultatea de Economie şi Administrarea Afacerilor (FEAA);Universitatea "Alexandru Ioan Cuza" din Iaşi (UAIC);Iasi, Iasi;140;N/A;N/A;3.000 lei;Informatică economică;Public;Acreditat;Informatică economică;Informatică economică;Științe Economice;Dosar;70;70
Facultatea de Economie şi Administrarea Afacerilor (FEAA);Universitatea "Alexandru Ioan Cuza" din Iaşi (UAIC);Iasi, Iasi;172;N/A;N/A;3.000 lei;Marketing;Public;Acreditat;Marketing;Marketing;Științe Economice;Dosar;86;86
Facultatea de Fizică;Universitatea "Alexandru Ioan Cuza" din Iaşi (UAIC);Iasi, Iasi;85;N/A;N/A;3.000 lei;Fizică medicală;Public;Acreditat;Fizică medicală;Fizică;Științe Exacte;Dosar;75;10
Facultatea de Filosofie şi Ştiinţe Social - Politice;Universitatea "Alexandru Ioan Cuza" din Iaşi (UAIC);Iasi, Iasi;59;N/A;N/A;3.000 lei;Resurse umane;Public;Autorizat;Sociologie;Sociologie;Științe Sociale și Psihologie;Dosar;40;19
Facultatea de Informatică;Universitatea "Alexandru Ioan Cuza" din Iaşi (UAIC);Iasi, Iasi;375;8.07;N/A;3.600 lei;Informatică (în limba engleză);Public;Autorizat;Informatică;Informatică;Științe Exacte;Examen;285;90
Facultatea de Informatică;Universitatea "Alexandru Ioan Cuza" din Iaşi (UAIC);Iasi, Iasi;375;8.27;N/A;3.600 lei;Informatică;Public;Acreditat;Informatică;Informatică;Științe Exacte;Examen;285;90
Facultatea de Geografie şi Geologie;Universitatea "Alexandru Ioan Cuza" din Iaşi (UAIC);Iasi, Iasi;300;N/A;N/A;3.000 lei;Geografie;Public;Acreditat;Geografie;Geografie;Științe ale Naturii;Dosar;200;100
Facultatea de Istorie;Universitatea "Alexandru Ioan Cuza" din Iaşi (UAIC);Iasi, Iasi;115;6.13;N/A;2.000 lei;Istorie;Public;Acreditat;Istorie;Istorie;Științe Umaniste;Dosar;100;15
Facultatea de Litere;Universitatea "Alexandru Ioan Cuza" din Iaşi (UAIC);Iasi, Iasi;20;N/A;N/A;2.400 lei;Studii americane;Public;Acreditat;Studii americane;Studii culturale;Științe Umaniste;Dosar;14;6
Facultatea de Teologie Ortodoxă;Universitatea "Alexandru Ioan Cuza" din Iaşi (UAIC);Iasi, Iasi;125;5.61;N/A;3.000 lei;Teologie ortodoxă pastorală;Public;Acreditat;Teologie pastorală;Teologie;Teologie;Examen;60;65
Facultatea de Matematică;Universitatea "Alexandru Ioan Cuza" din Iaşi (UAIC);Iasi, Iasi;85;N/A;N/A;2.200 lei;Matematică;Public;Acreditat;Matematică;Matematică;Științe Exacte;Dosar;70;15
Facultatea de Psihologie şi Ştiinţe ale Educaţiei;Universitatea "Alexandru Ioan Cuza" din Iaşi (UAIC);Iasi, Iasi;100;N/A;N/A;3.300 lei;Psihologie (ID);Public;Acreditat;Psihologie;Psihologie;Științe Sociale și Psihologie;Dosar;0;100
Facultatea de Litere;Universitatea "Alexandru Ioan Cuza" din Iaşi (UAIC);Iasi, Iasi;439;N/A;N/A;2.400 lei;O limbă şi literatură modernă A (engleză, franceză, germană, rusă, italiană, spaniolă) - Limba şi literatura română;Public;Acreditat;Limbă şi literatură;Limbă şi literatură;Științe Umaniste;Dosar;286;153
Facultatea de Economie şi Administrarea Afacerilor (FEAA);Universitatea "Alexandru Ioan Cuza" din Iaşi (UAIC);Iasi, Iasi;176;N/A;N/A;3.000 lei;Management;Public;Acreditat;Management;Management;Științe Economice;Dosar;88;88
Facultatea de Economie şi Administrarea Afacerilor (FEAA);Universitatea "Alexandru Ioan Cuza" din Iaşi (UAIC);Iasi, Iasi;70;N/A;N/A;3.000 lei;Statistică și previziune economică;Public;Acreditat;Statistică și previziune economică ;Cibernetică, statistică și informatică economică ;Științe Economice;Dosar;41;29
Facultatea de Filosofie şi Ştiinţe Social - Politice;Universitatea "Alexandru Ioan Cuza" din Iaşi (UAIC);Iasi, Iasi;128;N/A;N/A;3.000 lei;Comunicare și relații publice;Public;Acreditat;Comunicare şi relaţii publice;Ştiinţe ale comunicării;Științe Politice și Comunicare;Dosar;60;68
Facultatea de Psihologie şi Ştiinţe ale Educaţiei;Universitatea "Alexandru Ioan Cuza" din Iaşi (UAIC);Iasi, Iasi;297;N/A;N/A;3.300 lei;Psihologie;Public;Acreditat;Psihologie;Psihologie;Științe Sociale și Psihologie;Dosar;129;168
Facultatea de Chimie;Universitatea "Alexandru Ioan Cuza" din Iaşi (UAIC);Iasi, Iasi;40;6.22;N/A;3.500 lei;Chimie;Public;Acreditat;Chimie;Chimie;Științe Exacte;Dosar;30;10
Facultatea de Filosofie şi Ştiinţe Social - Politice;Universitatea "Alexandru Ioan Cuza" din Iaşi (UAIC);Iasi, Iasi;95;N/A;N/A;3.000 lei;Relaţii internaţionale şi studii europene;Public;Acreditat;Relaţii internaţionale şi studii europene;Relații internaționale și studii europene;Științe Politice și Comunicare;Dosar;55;40
Facultatea de Geografie şi Geologie;Universitatea "Alexandru Ioan Cuza" din Iaşi (UAIC);Iasi, Iasi;40;N/A;N/A;3.000 lei;Inginerie geologică;Public;Acreditat;Inginerie geologică;Inginerie geologică;Științe Inginerești;Dosar;30;10
Facultatea de Psihologie şi Ştiinţe ale Educaţiei;Universitatea "Alexandru Ioan Cuza" din Iaşi (UAIC);Iasi, Iasi;69;N/A;N/A;3.300 lei;Psihopedagogie specială;Public;Acreditat;Psihopedagogie specială;Științe ale educației;Științe Politice și Comunicare;Dosar;50;19
Facultatea de Matematică;Universitatea "Alexandru Ioan Cuza" din Iaşi (UAIC);Iasi, Iasi;85;N/A;N/A;2.200 lei;Matematică informatică;Public;Acreditat;Matematică informatică;Matematică;Științe Exacte;Dosar;70;15
Facultatea de Litere;Universitatea "Alexandru Ioan Cuza" din Iaşi (UAIC);Iasi, Iasi;12;N/A;N/A;2.400 lei;Filologie clasică (Limba latină A - Limba greacă veche B);Public;Acreditat;Filologie clasică;Limbă şi literatură;Științe Umaniste;Dosar;6;6
Facultatea de Teologie Ortodoxă;Universitatea "Alexandru Ioan Cuza" din Iaşi (UAIC);Iasi, Iasi;40;5.39;N/A;3.000 lei;Teologie ortodoxă asistenţă socială;Public;Acreditat;Teologie asistenţă socială;Teologie;Teologie;Dosar;25;15
Facultatea de Fizică;Universitatea "Alexandru Ioan Cuza" din Iaşi (UAIC);Iasi, Iasi;20;N/A;N/A;3.000 lei;Fizică tehnologică (Bălți - Republica Moldova);Public;Autorizat;Fizică tehnologică;Științe inginerești aplicate;Științe Inginerești;Dosar;18;2
Facultatea de Psihologie şi Ştiinţe ale Educaţiei;Universitatea "Alexandru Ioan Cuza" din Iaşi (UAIC);Iasi, Iasi;120;N/A;N/A;3.300 lei;Pedagogia învăţământului primar şi preşcolar;Public;Acreditat;Pedagogia învăţământului primar şi preşcolar;Științe ale educației;Științe Politice și Comunicare;Examen;100;20
Facultatea de Economie şi Administrarea Afacerilor (FEAA);Universitatea "Alexandru Ioan Cuza" din Iaşi (UAIC);Iasi, Iasi;84;N/A;N/A;3.000 lei;Administrarea afacerilor (în limba engleză);Public;Acreditat;Administrarea afacerilor;Administrarea afacerilor;Științe Economice;Dosar;42;42
Facultatea de Litere;Universitatea "Alexandru Ioan Cuza" din Iaşi (UAIC);Iasi, Iasi;439;N/A;N/A;2.400 lei;O limbă şi literatură modernă A (engleză, franceză, germană, rusă, italiană, spaniolă) - O limbă şi literatură modernă B (engleză, franceză, germană, rusă, italiană, spaniolă);Public;Acreditat;Limba şi literatura modernă;Limbă şi literatură;Științe Umaniste;Dosar;286;153
Facultatea de Matematică;Universitatea "Alexandru Ioan Cuza" din Iaşi (UAIC);Iasi, Iasi;130;7.89;2.25;1.600 lei;Matematică (în limba engleză);Public;Acreditat;Matematică;Matematică;Științe Exacte;Dosar;110;20
Facultatea de Economie şi Administrarea Afacerilor (FEAA);Universitatea "Alexandru Ioan Cuza" din Iaşi (UAIC);Iasi, Iasi;190;N/A;N/A;3.000 lei;Administrație publică;Public;Acreditat;Administraţie publică;Ştiinţe administrative;Științe Politice și Comunicare;Dosar;150;40
Facultatea de Economie şi Administrarea Afacerilor (FEAA);Universitatea "Alexandru Ioan Cuza" din Iaşi (UAIC);Iasi, Iasi;215;N/A;N/A;3.000 lei;Contabilitate și informatică de gestiune;Public;Acreditat;Contabilitate şi informatică de gestiune;Contabilitate;Științe Economice;Dosar;105;110
Facultatea de Drept;Universitatea "Alexandru Ioan Cuza" din Iaşi (UAIC);Iasi, Iasi;280;N/A;N/A;2.800 lei;Drept;Public;Acreditat;Drept;Drept;Științe Juridice;Dosar;200;80
Facultatea de Biologie;Universitatea "Alexandru Ioan Cuza" din Iaşi (UAIC);Iasi, Iasi;95;7.76;0.58;3.500 lei;Biologie;Public;Acreditat;Biologie;Biologie;Științe ale Naturii;Dosar;75;20
Facultatea de Chimie;Universitatea "Alexandru Ioan Cuza" din Iaşi (UAIC);Iasi, Iasi;50;6.50;N/A;3.500 lei;Biochimie tehnologică;Public;Acreditat;Biochimie tehnologică;Chimie;Științe Exacte;Dosar;30;20
Facultatea de Economie şi Administrarea Afacerilor (FEAA);Universitatea "Alexandru Ioan Cuza" din Iaşi (UAIC);Iasi, Iasi;N/A;N/A;N/A;2.900 lei;Finanţe şi Bănci (ID);Public;Acreditat;Finanţe şi bănci;Finanţe;Științe Economice;Dosar;0;0
Facultatea de Economie şi Administrarea Afacerilor (FEAA);Universitatea "Alexandru Ioan Cuza" din Iaşi (UAIC);Iasi, Iasi;160;N/A;N/A;3.000 lei;Economie şi afaceri internaţionale;Public;Acreditat;Economie şi afaceri internaţionale;Economie şi afaceri internaţionale;Științe Economice;Dosar;80;80
Facultatea de Economie şi Administrarea Afacerilor (FEAA);Universitatea "Alexandru Ioan Cuza" din Iaşi (UAIC);Iasi, Iasi;75;N/A;N/A;2.900 lei;Administraţie publică (ID);Public;Acreditat;Administraţie publică;Ştiinţe administrative;Științe Politice și Comunicare;Dosar;0;75
Facultatea de Educaţie Fizică şi Sport;Universitatea "Alexandru Ioan Cuza" din Iaşi (UAIC);Iasi, Iasi;95;N/A;N/A;3.500 lei;Educaţie fizică şi sportivă;Public;Acreditat;Educaţie fizică şi sportivă;Educaţie fizică şi sport;Ştiinţa Sportului şi Educaţiei Fizice;Examen;47;48
Facultatea de Fizică;Universitatea "Alexandru Ioan Cuza" din Iaşi (UAIC);Iasi, Iasi;85;N/A;N/A;3.000 lei;Biofizică;Public;Acreditat;Biofizică;Fizică;Științe Exacte;Dosar;75;10
Facultatea de Geografie şi Geologie;Universitatea "Alexandru Ioan Cuza" din Iaşi (UAIC);Iasi, Iasi;300;N/A;N/A;3.000 lei;Geografia turismului;Public;Acreditat;Geografia turismului;Geografie;Științe ale Naturii;Dosar;200;100
Facultatea de Geografie şi Geologie;Universitatea "Alexandru Ioan Cuza" din Iaşi (UAIC);Iasi, Iasi;50;6.31;N/A;2.900 lei;Geografia mediului;Public;Acreditat;Geografia mediului;Ştiinţa mediului;Științe ale Naturii;Dosar;30;20
Facultatea de Litere;Universitatea "Alexandru Ioan Cuza" din Iaşi (UAIC);Iasi, Iasi;75;N/A;N/A;2.400 lei;Jurnalism;Public;Acreditat;Jurnalism;Ştiinţe ale comunicării;Științe Politice și Comunicare;Dosar;35;40
Facultatea de Teologie Ortodoxă;Universitatea "Alexandru Ioan Cuza" din Iaşi (UAIC);Iasi, Iasi;30;N/A;N/A;3.000 lei;Teologie ortodoxă didactică;Public;Acreditat;Teologie didactică;Teologie;Teologie;Dosar;15;15
Facultatea de Economie şi Administrarea Afacerilor (FEAA);Universitatea "Alexandru Ioan Cuza" din Iaşi (UAIC);Iasi, Iasi;N/A;N/A;N/A;3.000 lei;Economia comerţului, turismului şi serviciilor (Bălți - Republica Moldova);Public;Autorizat;Economia comerţului, turismului şi serviciilor;Administrarea afacerilor;Științe Economice;Dosar;0;0
Facultatea de Litere;Universitatea "Alexandru Ioan Cuza" din Iaşi (UAIC);Iasi, Iasi;439;N/A;N/A;2.400 lei;O limbă şi literatură modernă (A) - Literatură universală şi comparată;Public;Acreditat;Limbă şi literatură;Limbă şi literatură;Științe Umaniste;Dosar;286;153
Facultatea de Economie şi Administrarea Afacerilor (FEAA);Universitatea "Alexandru Ioan Cuza" din Iaşi (UAIC);Iasi, Iasi;205;N/A;N/A;3.000 lei;Finanțe și bănci;Public;Acreditat;Finanţe şi bănci;Finanţe;Științe Economice;Dosar;99;106
Facultatea de Istorie;Universitatea "Alexandru Ioan Cuza" din Iaşi (UAIC);Iasi, Iasi;47;N/A;N/A;2.000 lei;Istorie (ID);Public;Acreditat;Istorie;Istorie;Științe Umaniste;Dosar;0;47
Facultatea de Economie şi Administrarea Afacerilor (FEAA);Universitatea "Alexandru Ioan Cuza" din Iaşi (UAIC);Iasi, Iasi;178;N/A;N/A;3.000 lei;Economia comerţului, turismului şi serviciilor;Public;Acreditat;Economia comerţului, turismului şi serviciilor;Administrarea afacerilor;Științe Economice;Dosar;89;89
Facultatea de Filosofie şi Ştiinţe Social - Politice;Universitatea "Alexandru Ioan Cuza" din Iaşi (UAIC);Iasi, Iasi;50;N/A;N/A;3.000 lei;Asistenţă socială (ID);Public;Acreditat;Asistenţă socială;Asistenţă socială;Științe Sociale și Psihologie;Dosar;0;50
Facultatea de Fizică;Universitatea "Alexandru Ioan Cuza" din Iaşi (UAIC);Iasi, Iasi;93;6.96;N/A;3.000 lei;Fizică informatică;Public;Acreditat;Fizică informatică;Fizică;Științe Exacte;Dosar;79;14
Facultatea de Fizică;Universitatea "Alexandru Ioan Cuza" din Iaşi (UAIC);Iasi, Iasi;85;N/A;N/A;3.000 lei;Fizică;Public;Acreditat;Fizică;Fizică;Științe Exacte;Dosar;75;10
Facultatea de Geografie şi Geologie;Universitatea "Alexandru Ioan Cuza" din Iaşi (UAIC);Iasi, Iasi;25;N/A;N/A;3.000 lei;Geografia turismului (în limba franceză);Public;Acreditat;Geografia turismului;Geografie;Științe ale Naturii;Examen;15;10
Facultatea de Litere;Universitatea "Alexandru Ioan Cuza" din Iaşi (UAIC);Iasi, Iasi;133;N/A;N/A;2.400 lei;Limba şi literatura română - Literatură universală şi comparată;Public;Acreditat;Limba şi literatura română;Limbă şi literatură;Științe Umaniste;Dosar;93;40
Facultatea de Psihologie şi Ştiinţe ale Educaţiei;Universitatea "Alexandru Ioan Cuza" din Iaşi (UAIC);Iasi, Iasi;60;N/A;N/A;3.300 lei;Pedagogia învăţământului primar şi preşcolar (ID);Public;Autorizat;Pedagogia învăţământului primar şi preşcolar;Științe ale educației;Științe Politice și Comunicare;Dosar;0;60
Facultatea de Teologie Ortodoxă;Universitatea "Alexandru Ioan Cuza" din Iaşi (UAIC);Iasi, Iasi;45;6.04;N/A;3.000 lei;Artă sacră;Public;Acreditat;Artă sacră;Arte vizuale;Arte, Arhitectură și Urbanism ;Dosar;30;15
Facultatea de Teologie Romano - Catolică;Universitatea "Alexandru Ioan Cuza" din Iaşi (UAIC);Iasi, Iasi;30;N/A;N/A;2.000 lei;Teologie romano-catolică pastorală;Public;Acreditat;Teologie pastorală;Teologie;Teologie;Examen;20;10
Facultatea de Teologie Romano - Catolică;Universitatea "Alexandru Ioan Cuza" din Iaşi (UAIC);Iasi, Iasi;30;N/A;N/A;2.000 lei;Teologie romano-catolică asistență socială;Public;Acreditat;Teologie asistenţă socială;Teologie;Teologie;Dosar;20;10
Facultatea de Litere;Universitatea "Alexandru Ioan Cuza" din Iaşi (UAIC);Iasi, Iasi;133;N/A;N/A;2.400 lei;Limba şi literatura română - O limbă şi literatură modernă (engleză, franceză, germană, rusă, italiană, spaniolă);Public;Acreditat;Limba şi literatura română;Limbă şi literatură;Științe Umaniste;Dosar;93;40
Facultatea de Litere;Universitatea "Alexandru Ioan Cuza" din Iaşi (UAIC);Iasi, Iasi;80;N/A;N/A;2.400 lei;Traducere şi interpretare;Public;Acreditat;Traducere și interpretare;Limbi moderne aplicate;Științe Umaniste;Dosar;50;30
Facultatea de Educaţie Fizică şi Sport;Universitatea "Alexandru Ioan Cuza" din Iaşi (UAIC);Iasi, Iasi;46;N/A;N/A;3.500 lei;Sport și performanță motrică;Public;Autorizat;Sport şi performanţă motrică;Educaţie fizică şi sport;Ştiinţa Sportului şi Educaţiei Fizice;Dosar;23;23
Facultatea de Filosofie şi Ştiinţe Social - Politice;Universitatea "Alexandru Ioan Cuza" din Iaşi (UAIC);Iasi, Iasi;95;N/A;N/A;3.000 lei;Știinte Politice;Public;Acreditat;Ştiinţe politice;Ştiinţe politice;Științe Politice și Comunicare;Dosar;35;60
Facultatea de Psihosociologie;Universitatea "Andrei Şaguna" din Constanţa;Constanta, Constanta;100;N/A;N/A;2.750 lei;Psihologie;Public;Acreditat;Psihologie;Psihologie;Științe Sociale și Psihologie;Examen;10;90
Facultatea de Ştiinţe Economice;Universitatea "Andrei Şaguna" din Constanţa;Constanta, Constanta;200;N/A;N/A;2.600 lei;Management;Public;Acreditat;Management;Management;Științe Economice;Examen;10;190
Facultatea de Ştiinţele Comunicării şi Ştiinţe Politice;Universitatea "Andrei Şaguna" din Constanţa;Constanta, Constanta;75;N/A;N/A;2.500 lei;Jurnalism;Public;Acreditat;Jurnalism;Ştiinţe ale comunicării;Științe Politice și Comunicare;Examen;5;70
Facultatea de Drept şi Ştiinţe Administrative;Universitatea "Andrei Şaguna" din Constanţa;Constanta, Constanta;100;N/A;N/A;2.600 lei;Administrație Publică;Public;Acreditat;Administraţie publică;Ştiinţe administrative;Științe Politice și Comunicare;Examen;5;95
Facultatea de Ştiinţe Economice;Universitatea "Andrei Şaguna" din Constanţa;Constanta, Constanta;50;N/A;N/A;1.900 lei;Marketing;Public;Autorizat;Marketing;Marketing;Științe Economice;Examen;10;40
Facultatea de Ştiinţe Economice;Universitatea "Andrei Şaguna" din Constanţa;Constanta, Constanta;150;N/A;N/A;2.600 lei;Finanţe şi bănci;Public;Acreditat;Finanţe şi bănci;Finanţe;Științe Economice;Examen;10;140
Facultatea de Ştiinţele Comunicării şi Ştiinţe Politice;Universitatea "Andrei Şaguna" din Constanţa;Constanta, Constanta;50;N/A;N/A;2.500 lei;Relaţii internaţionale şi studii europene;Public;Acreditat;Relaţii internaţionale şi studii europene;Relații internaționale și studii europene;Științe Politice și Comunicare;Examen;5;45
Facultatea de Ştiinţe Economice;Universitatea "Andrei Şaguna" din Constanţa;Constanta, Constanta;50;N/A;N/A;2.600 lei;Contabilitate și Informatică de Gestiune;Public;Acreditat;Contabilitate şi informatică de gestiune;Contabilitate;Științe Economice;Examen;5;45
Facultatea de Drept şi Ştiinţe Administrative;Universitatea "Andrei Şaguna" din Constanţa;Constanta, Constanta;100;N/A;N/A;2.600 lei;Drept;Public;Acreditat;Drept;Drept;Științe Juridice;Examen;5;95
Facultatea de Medicină Dentară;Universitatea "Apollonia" din Iaşi;Iasi, Iasi;40;N/A;N/A;5.290 lei;Asistenta medicala generala;Public;Autorizat;Asistenţă medicală generală;Medicină;Medicină;Examen;0;40
Facultatea de Medicină Dentară;Universitatea "Apollonia" din Iaşi;Iasi, Iasi;50;N/A;N/A;16.560 lei;Medicina Dentara;Public;Acreditat;Medicină dentară ;Medicină dentară;Medicină;Examen;0;50
Facultatea de Științe ale comunicării;Universitatea "Apollonia" din Iaşi;Iasi, Iasi;25;N/A;N/A;2.500 lei;COMUNICARE ŞI RELAŢII PUBLICE;Public;Acreditat;Comunicare şi relaţii publice;Ştiinţe ale comunicării;Științe Politice și Comunicare;Dosar;0;25
Facultatea de Medicină Dentară;Universitatea "Apollonia" din Iaşi;Iasi, Iasi;20;N/A;N/A;4.600 lei;Balneofiziokinetoterapie şi recuperare;Public;Autorizat;Balneofiziokinetoterapie şi recuperare;Medicină;Medicină;Examen;0;20
Facultatea de Medicină Dentară;Universitatea "Apollonia" din Iaşi;Iasi, Iasi;25;N/A;N/A;6.670 lei;Tehnica Dentara;Public;Autorizat;Tehnică dentară;Medicină dentară;Medicină;Examen;0;25
Facultatea de Științe ale comunicării;Universitatea "Apollonia" din Iaşi;Iasi, Iasi;25;N/A;N/A;4.600 lei;Jurnalism;Public;Acreditat;Jurnalism;Ştiinţe ale comunicării;Științe Politice și Comunicare;Dosar;0;25
Facultatea de Management-Marketing;Universitatea "Artifex" din Bucureşti;Bucuresti, Bucuresti;N/A;N/A;N/A;2.600 lei;Economia comerţului, turismului şi serviciilor;Public;Acreditat;Economia comerţului, turismului şi serviciilor;Administrarea afacerilor;Științe Economice;Dosar;0;0
Facultatea de Management-Marketing;Universitatea "Artifex" din Bucureşti;Bucuresti, Bucuresti;N/A;N/A;N/A;2.600 lei;Management;Public;Acreditat;Management;Management;Științe Economice;Dosar;0;0
Facultatea de Management-Marketing;Universitatea "Artifex" din Bucureşti;Bucuresti, Bucuresti;N/A;N/A;N/A;2.600 lei;Marketing;Public;Acreditat;Marketing;Marketing;Științe Economice;Dosar;0;0
Facultatea de Finanţe şi Contabilitate;Universitatea "Artifex" din Bucureşti;Bucuresti, Bucuresti;N/A;N/A;N/A;2.600 lei;Contabilitate şi informatică de gestiune;Public;Acreditat;Contabilitate şi informatică de gestiune;Contabilitate;Științe Economice;Dosar;0;0
Facultatea de Finanţe şi Contabilitate;Universitatea "Artifex" din Bucureşti;Bucuresti, Bucuresti;N/A;N/A;N/A;2.600 lei;Finanţe şi bănci;Public;Acreditat;Finanţe şi bănci;Finanţe;Științe Economice;Dosar;0;0
Facultatea de Ştiinţe Economice;Universitatea "Athenaeum" din Bucureşti;Bucuresti, Bucuresti;30;N/A;N/A;1.800 lei;Administrarea afacerilor;Public;Acreditat;Administrarea afacerilor;Administrarea afacerilor;Științe Economice;Dosar;30;0
Facultatea de Ştiinţe Economice;Universitatea "Athenaeum" din Bucureşti;Bucuresti, Bucuresti;150;N/A;N/A;1.800 lei;Marketing;Public;Autorizat;Marketing;Marketing;Științe Economice;Dosar;150;0
Facultatea de Administraţie Publică;Universitatea "Athenaeum" din Bucureşti;Bucuresti, Bucuresti;30;N/A;N/A;1.800 lei;Administraţie publică;Public;Acreditat;Administraţie publică;Ştiinţe administrative;Științe Politice și Comunicare;Dosar;30;0
Facultatea de Ştiinţe Economice;Universitatea "Athenaeum" din Bucureşti;Bucuresti, Bucuresti;50;N/A;N/A;1.800 lei;Contabilitate şi informatică de gestiune;Public;Acreditat;Contabilitate şi informatică de gestiune;Contabilitate;Științe Economice;Dosar;50;0
Facultatea de Ştiinţe Economice;Universitatea "Athenaeum" din Bucureşti;Bucuresti, Bucuresti;50;N/A;N/A;1.800 lei;Finanţe şi bănci;Public;Acreditat;Finanţe şi bănci;Finanţe;Științe Economice;Dosar;50;0
Facultatea de Educație Fizică și Sport;Universitatea "Aurel Vlaicu" din Arad;Arad, Arad;60;7.94;N/A;2.400 lei;Educaţie fizică şi sportivă;Public;Acreditat;Educaţie fizică şi sportivă;Educaţie fizică şi sport;Ştiinţa Sportului şi Educaţiei Fizice;Examen;30;30
Facultatea de Inginerie;Universitatea "Aurel Vlaicu" din Arad;Arad, Arad;50;6.01;N/A;2.300 lei;Tehnologia tricotajelor şi confecţiilor;Public;Acreditat;Tehnologia tricotajelor şi confecţiilor;Inginerie industrială;Științe Inginerești;Dosar;25;25
Facultatea de Inginerie;Universitatea "Aurel Vlaicu" din Arad;Arad, Arad;80;6.94;N/A;2.300 lei;Autovehicule rutiere;Public;Acreditat;Autovehicule rutiere;Ingineria autovehiculelor;Științe Inginerești;Dosar;50;30
Facultatea de Inginerie Alimentară, Turism și Protecția Mediului;Universitatea "Aurel Vlaicu" din Arad;Arad, Arad;60;7.70;N/A;2.200 lei;Controlul şi expertiza produselor alimentare;Public;Acreditat;Controlul şi expertiza produselor alimentare;Ingineria produselor alimentare;Științe Agricole;Dosar;30;30
Facultatea de Design;Universitatea "Aurel Vlaicu" din Arad;Arad, Arad;25;6.31;N/A;2.200 lei;Design ambiental;Public;Autorizat;Design ambiental;Arte vizuale;Arte, Arhitectură și Urbanism ;Examen;15;10
Facultatea de Design;Universitatea "Aurel Vlaicu" din Arad;Arad, Arad;25;6.58;N/A;2.200 lei;Modă - design vestimentar;Public;Acreditat;Modă - design vestimentar;Arte vizuale;Arte, Arhitectură și Urbanism ;Examen;15;10
Facultatea de Inginerie;Universitatea "Aurel Vlaicu" din Arad;Arad, Arad;60;6.82;N/A;2.300 lei;Automatică şi informatică aplicată;Public;Acreditat;Automatică şi informatică aplicată;Ingineria sistemelor și inginerie mecanică;Științe Inginerești;Dosar;40;20
Facultatea de Ştiinţe Umaniste și Sociale;Universitatea "Aurel Vlaicu" din Arad;Arad, Arad;30;7.71;N/A;2.200 lei;Teologie penticostală didactică;Public;Acreditat;Teologie didactică;Teologie;Teologie;Dosar;14;16
Facultatea de Ştiinţe Umaniste și Sociale;Universitatea "Aurel Vlaicu" din Arad;Arad, Arad;80;8.84;N/A;2.200 lei;Limba şi literatura română - Limba şi literatura engleză;Public;Acreditat;Limba şi literatura română;Limbă şi literatură;Științe Umaniste;Dosar;40;40
Facultatea de Ştiinţe Exacte;Universitatea "Aurel Vlaicu" din Arad;Arad, Arad;75;6.77;N/A;2.200 lei;Matematică informatică;Public;Acreditat;Matematică informatică;Matematică;Științe Exacte;Dosar;45;30
Facultatea de Inginerie Alimentară, Turism și Protecția Mediului;Universitatea "Aurel Vlaicu" din Arad;Arad, Arad;60;6.07;N/A;2.200 lei;Ingineria produselor alimentare;Public;Acreditat;Ingineria produselor alimentare;Ingineria produselor alimentare;Științe Agricole;Dosar;40;20
Facultatea de Științe ale Educației, Psihologie și Asistență Socială;Universitatea "Aurel Vlaicu" din Arad;Arad, Arad;75;7.83;N/A;2.200 lei;Psihologie;Public;Acreditat;Psihologie;Psihologie;Științe Sociale și Psihologie;Dosar;40;35
Facultatea de Ştiinţe Economice;Universitatea "Aurel Vlaicu" din Arad;Arad, Arad;100;8.47;1.00;2.200 lei;Management;Public;Acreditat;Management;Management;Științe Economice;Dosar;40;60
Facultatea de Inginerie;Universitatea "Aurel Vlaicu" din Arad;Arad, Arad;100;7.05;N/A;2.300 lei;Tehnologia construcţiilor de maşini;Public;Acreditat;Tehnologia construcţiilor de maşini;Inginerie industrială;Științe Inginerești;Dosar;60;40
Facultatea de Inginerie;Universitatea "Aurel Vlaicu" din Arad;Arad, Arad;50;6.34;N/A;2.300 lei;Inginerie economică industrială;Public;Acreditat;Inginerie economică industrială;Inginerie și management;Științe Inginerești;Dosar;30;20
Facultatea de Inginerie Alimentară, Turism și Protecția Mediului;Universitatea "Aurel Vlaicu" din Arad;Arad, Arad;60;6.54;N/A;2.200 lei;Protecţia consumatorului şi a mediului;Public;Autorizat;Protecția consumatorului și a mediului;Ingineria produselor alimentare;Științe Agricole;Dosar;30;30
Facultatea de Științe ale Educației, Psihologie și Asistență Socială;Universitatea "Aurel Vlaicu" din Arad;Arad, Arad;75;7.93;1.00;2.200 lei;Asistenţă socială;Public;Acreditat;Asistenţă socială;Asistenţă socială;Științe Sociale și Psihologie;Dosar;40;35
Facultatea de Ştiinţe Economice;Universitatea "Aurel Vlaicu" din Arad;Arad, Arad;100;8.63;N/A;2.200 lei;Contabilitate si Informatica de Gestiune;Public;Acreditat;Contabilitate şi informatică de gestiune;Contabilitate;Științe Economice;Dosar;60;40
Facultatea de Ştiinţe Economice;Universitatea "Aurel Vlaicu" din Arad;Arad, Arad;75;8.68;N/A;2.200 lei;Finanţe şi Bănci;Public;Acreditat;Finanţe şi bănci;Finanţe;Științe Economice;Dosar;30;45
Facultatea de Inginerie;Universitatea "Aurel Vlaicu" din Arad;Arad, Arad;60;5.87;N/A;2.300 lei;Ingineria sudării;Public;Autorizat;Ingineria sudării;Inginerie industrială;Științe Inginerești;Dosar;40;20
Facultatea de Inginerie Alimentară, Turism și Protecția Mediului;Universitatea "Aurel Vlaicu" din Arad;Arad, Arad;60;6.02;N/A;2.200 lei;Inginerie şi management în alimentaţia publică şi agroturism;Public;Acreditat;Inginerie şi management în alimentaţia publică şi agroturism;Inginerie şi management în agricultură și dezvoltare rurală;Științe Agricole;Dosar;30;30
Facultatea de Ştiinţe Exacte;Universitatea "Aurel Vlaicu" din Arad;Arad, Arad;75;6.60;N/A;2.200 lei;Informatică;Public;Acreditat;Informatică;Informatică;Științe Exacte;Dosar;45;30
Facultatea de Ştiinţe Umaniste și Sociale;Universitatea "Aurel Vlaicu" din Arad;Arad, Arad;60;8.59;N/A;2.200 lei;Administraţie publică;Public;Acreditat;Administraţie publică;Ştiinţe administrative;Științe Politice și Comunicare;Dosar;20;40
Facultatea de Design;Universitatea "Aurel Vlaicu" din Arad;Arad, Arad;25;7.53;N/A;2.200 lei;Design;Public;Acreditat;Design;Arte vizuale;Arte, Arhitectură și Urbanism ;Examen;15;10
Facultatea de Inginerie Alimentară, Turism și Protecția Mediului;Universitatea "Aurel Vlaicu" din Arad;Arad, Arad;60;5.83;N/A;2.200 lei;Ingineria sistemelor biotehnice şi ecologice;Public;Acreditat;Ingineria sistemelor biotehnice şi ecologice;Ingineria mediului;Științe Inginerești;Dosar;30;30
Facultatea de Ştiinţe Economice;Universitatea "Aurel Vlaicu" din Arad;Arad, Arad;100;8.27;1.00;2.200 lei;Economia Comerţului, Turismului şi Serviciilor;Public;Acreditat;Economia comerţului, turismului şi serviciilor;Administrarea afacerilor;Științe Economice;Dosar;60;40
Facultatea de Teologie Ortodoxă "Ilarion V. Felea";Universitatea "Aurel Vlaicu" din Arad;Arad, Arad;N/A;6.82;N/A;1.900 lei;Teologie ortodoxă pastorală;Public;Acreditat;Teologie pastorală;Teologie;Teologie;Examen;0;0
Facultatea de Inginerie;Universitatea "Aurel Vlaicu" din Arad;Arad, Arad;50;5.80;N/A;2.300 lei;Tehnologia şi designul produselor textile;Public;Acreditat;Tehnologia şi designul produselor textile;Inginerie industrială;Științe Inginerești;Dosar;25;25
Facultatea de Științe ale Educației, Psihologie și Asistență Socială;Universitatea "Aurel Vlaicu" din Arad;Arad, Arad;130;8.98;1.00;2.200 lei;Pedagogia învăţământului primar şi preşcolar;Public;Acreditat;Pedagogia învăţământului primar şi preşcolar;Științe ale educației;Științe Politice și Comunicare;Examen;70;60
Facultatea de Științe ale Educației, Psihologie și Asistență Socială;Universitatea "Aurel Vlaicu" din Arad;Arad, Arad;60;7.25;N/A;2.200 lei;Psihopedagogie specială;Public;Acreditat;Psihopedagogie specială;Științe ale educației;Științe Politice și Comunicare;Dosar;30;30
Facultatea de Ştiinţe Exacte;Universitatea "Aurel Vlaicu" din Arad;Arad, Arad;75;5.90;N/A;2.200 lei;Informatica aplicata;Public;Autorizat;Informatică aplicată;Informatică;Științe Exacte;Dosar;35;40
Facultatea de Ştiinţe Umaniste și Sociale;Universitatea "Aurel Vlaicu" din Arad;Arad, Arad;30;6.10;N/A;2.200 lei;Jurnalism;Public;Acreditat;Jurnalism;Ştiinţe ale comunicării;Științe Politice și Comunicare;Dosar;15;15
Facultatea de Drept;Universitatea "BIOTERRA" din București;Bucuresti, Bucuresti;N/A;N/A;N/A;2.500 lei;Drept;Public;Acreditat;Drept;Drept;Științe Juridice;Dosar;0;0
Facultatea de Controlul şi Expertiza Produselor Alimentare din Buzău;Universitatea "BIOTERRA" din București;Buzau, Buzau;N/A;N/A;N/A;2.500 lei;Controlul şi expertiza produselor alimentare;Public;Autorizat;Controlul şi expertiza produselor alimentare;Ingineria produselor alimentare;Științe Agricole;Dosar;0;0
Facultatea de Inginerie Produselor Alimentare;Universitatea "BIOTERRA" din București;Bucuresti, Bucuresti;N/A;N/A;N/A;2.500 lei;Ingineria produselor alimentare;Public;Acreditat;Ingineria produselor alimentare;Ingineria produselor alimentare;Științe Agricole;Dosar;0;0
Facultatea de Controlul şi Expertiza Produselor Alimentare;Universitatea "BIOTERRA" din București;Bucuresti, Bucuresti;N/A;N/A;N/A;2.500 lei;Protecția consumatorului și a mediului;Public;Autorizat;Protecția consumatorului și a mediului;Ingineria produselor alimentare;Științe Agricole;Dosar;0;0
Facultatea de Management Agroturistic din Buzău;Universitatea "BIOTERRA" din București;Buzau, Buzau;N/A;N/A;N/A;2.500 lei;Inginerie şi management în alimentaţia publică şi agroturism;Public;Autorizat;Inginerie şi management în alimentaţia publică şi agroturism;Inginerie şi management în agricultură și dezvoltare rurală;Științe Agricole;Dosar;0;0
Facultatea de Management Agroturistic din Alexandria;Universitatea "BIOTERRA" din București;Alexandria, Teleorman;N/A;N/A;N/A;2.140 lei;Inginerie şi management în alimentaţia publică şi agroturism;Public;Autorizat;Inginerie şi management în alimentaţia publică şi agroturism;Inginerie şi management în agricultură și dezvoltare rurală;Științe Agricole;Dosar;0;0
Facultatea de Controlul şi Expertiza Produselor Alimentare din Alexandria;Universitatea "BIOTERRA" din București;Alexandria, Teleorman;N/A;N/A;N/A;2.500 lei;Controlul şi expertiza produselor alimentare;Public;Acreditat;Controlul şi expertiza produselor alimentare;Ingineria produselor alimentare;Științe Agricole;Dosar;0;0
Facultatea de Management Agroturistic din Slobozia;Universitatea "BIOTERRA" din București;Slobozia, Ialomita;N/A;N/A;N/A;2.500 lei;Inginerie şi management în alimentaţia publică şi agroturism;Public;Autorizat;Inginerie şi management în alimentaţia publică şi agroturism;Inginerie şi management în agricultură și dezvoltare rurală;Științe Agricole;Dosar;0;0
Facultatea de Management Agroturistic din Focşani;Universitatea "BIOTERRA" din București;Focsani, Vrancea;N/A;N/A;N/A;2.500 lei;Inginerie şi management în alimentaţia publică şi agroturism;Public;Acreditat;Inginerie şi management în alimentaţia publică şi agroturism;Inginerie şi management în agricultură și dezvoltare rurală;Științe Agricole;Dosar;0;0
Facultatea de Controlul şi Expertiza Produselor Alimentare din Slobozia;Universitatea "BIOTERRA" din București;Slobozia, Ialomita;N/A;N/A;N/A;2.500 lei;Controlul şi expertiza produselor alimentare;Public;Acreditat;Controlul şi expertiza produselor alimentare;Ingineria produselor alimentare;Științe Agricole;Dosar;0;0
Facultatea de Controlul şi Expertiza Produselor Alimentare;Universitatea "BIOTERRA" din București;Bucuresti, Bucuresti;N/A;N/A;N/A;2.320 lei;Controlul şi expertiza produselor alimentare;Public;Acreditat;Controlul şi expertiza produselor alimentare;Ingineria produselor alimentare;Științe Agricole;Dosar;0;0
Facultatea de Matematică şi Informatică;Universitatea "Babeş-Bolyai" din Cluj-Napoca (UBB);Cluj-Napoca, Cluj;100;N/A;N/A;250 lei;Matematică informatică;Public;Acreditat;Matematică informatică;Matematică;Științe Exacte;Examen;27;73
Facultatea de Matematică şi Informatică;Universitatea "Babeş-Bolyai" din Cluj-Napoca (UBB);Cluj-Napoca, Cluj;100;N/A;N/A;250 lei;Informatică (în limba maghiară);Public;Acreditat;Informatică;Informatică;Științe Exacte;Examen;88;12
Facultatea de Matematică şi Informatică;Universitatea "Babeş-Bolyai" din Cluj-Napoca (UBB);Cluj-Napoca, Cluj;200;N/A;N/A;4.000 lei;Informatică;Public;Acreditat;Informatică;Informatică;Științe Exacte;Examen;150;50
Facultatea de Chimie şi Inginerie Chimică;Universitatea "Babeş-Bolyai" din Cluj-Napoca (UBB);Cluj-Napoca, Cluj;41;N/A;0.98;3.000 lei;Chimia şi ingineria substanţelor organice, petrochimie şi carbochimie;Public;Acreditat;Chimia şi ingineria substanţelor organice, petrochimie şi carbochimie;Inginerie chimică;Științe Inginerești;Examen;19;22
Facultatea de Geografie;Universitatea "Babeş-Bolyai" din Cluj-Napoca (UBB);Cluj-Napoca, Cluj;75;N/A;N/A;2.800 lei;Geografia turismului (în limba maghiară);Public;Acreditat;Geografia turismului;Geografie;Științe ale Naturii;Dosar;36;39
Facultatea de Geografie;Universitatea "Babeş-Bolyai" din Cluj-Napoca (UBB);Cluj-Napoca, Cluj;80;N/A;N/A;2.800 lei;Geografie;Public;Acreditat;Geografie;Geografie;Științe ale Naturii;Dosar;32;48
Facultatea de Litere;Universitatea "Babeş-Bolyai" din Cluj-Napoca (UBB);Cluj-Napoca, Cluj;N/A;N/A;N/A;2.700 lei;Limba şi literatura română - Limba şi literatura maghiară/modernă (engleză, germană, franceză, rusă, italiană,spaniolă)/latină/greacă veche/ebraică/Literatura universală şi comparată;Public;Acreditat;Limba şi literatura română;Limbă şi literatură;Științe Umaniste;Dosar;0;0
Facultatea de Studii Europene;Universitatea "Babeş-Bolyai" din Cluj-Napoca (UBB);Cluj-Napoca, Cluj;N/A;N/A;N/A;2.800 lei;Relații Internaționale și Studii Europene (ID);Public;Acreditat;Relaţii internaţionale şi studii europene;Relații internaționale și studii europene;Științe Politice și Comunicare;Examen;0;0
Facultatea de Studii Europene;Universitatea "Babeş-Bolyai" din Cluj-Napoca (UBB);Cluj-Napoca, Cluj;N/A;N/A;N/A;2.800 lei;Relaţii internaţionale şi studii europene (în limba germană);Public;Acreditat;Relaţii internaţionale şi studii europene;Relații internaționale și studii europene;Științe Politice și Comunicare;Examen;0;0
Facultatea de Litere;Universitatea "Babeş-Bolyai" din Cluj-Napoca (UBB);Cluj-Napoca, Cluj;N/A;N/A;N/A;2.700 lei;Limba şi literatura coreeană - Limba şi literatura română / maghiară/ modernă (engleză, franceză, germană, rusă, italiană, spaniolă, norvegiană, finlandeză, japoneză, chineză, ucraineană) / latină/ greacă veche / ebraică / Literatura universală și comparată;Public;Acreditat;Limbă şi literatură;Limbă şi literatură;Științe Umaniste;Dosar;0;0
Facultatea de Istorie şi Filosofie;Universitatea "Babeş-Bolyai" din Cluj-Napoca (UBB);Cluj-Napoca, Cluj;N/A;N/A;N/A;2.600 lei;Istorie (ID);Public;Acreditat;Istorie;Istorie;Științe Umaniste;Dosar;0;0
Facultatea de Istorie şi Filosofie;Universitatea "Babeş-Bolyai" din Cluj-Napoca (UBB);Cluj-Napoca, Cluj;N/A;N/A;N/A;2.600 lei;Arheologie (în limba maghiară);Public;Acreditat;Arheologie;Istorie;Științe Umaniste;Dosar;0;0
Facultatea de Istorie şi Filosofie;Universitatea "Babeş-Bolyai" din Cluj-Napoca (UBB);Cluj-Napoca, Cluj;N/A;N/A;N/A;2.600 lei;Științe ale informării și documentării;Public;Acreditat;Științe ale informării și documentării;Ştiinţe ale comunicării;Științe Politice și Comunicare;Dosar;0;0
Facultatea de Sociologie şi Asistenţă Socială;Universitatea "Babeş-Bolyai" din Cluj-Napoca (UBB);Cluj-Napoca, Cluj;N/A;N/A;N/A;2.500 lei;Asistenţă socială (în limba maghiară) (ID);Public;Acreditat;Asistenţă socială;Asistenţă socială;Științe Sociale și Psihologie;Dosar;0;0
Facultatea de Sociologie şi Asistenţă Socială;Universitatea "Babeş-Bolyai" din Cluj-Napoca (UBB);Cluj-Napoca, Cluj;N/A;N/A;N/A;2.600 lei;Asistenţă socială (ID);Public;Acreditat;Asistenţă socială;Asistenţă socială;Științe Sociale și Psihologie;Dosar;0;0
Facultatea de Sociologie şi Asistenţă Socială;Universitatea "Babeş-Bolyai" din Cluj-Napoca (UBB);Cluj-Napoca, Cluj;N/A;N/A;N/A;2.500 lei;Resurse umane (în limba maghiară);Public;Acreditat;Resurse umane;Sociologie;Științe Sociale și Psihologie;Dosar;0;0
Facultatea de Psihologie şi Ştiinţe ale Educaţiei;Universitatea "Babeş-Bolyai" din Cluj-Napoca (UBB);Cluj-Napoca, Cluj;N/A;N/A;N/A;2.900 lei;Pedagogia învăţământului primar şi preşcolar (ID);Public;Acreditat;Pedagogia învăţământului primar şi preşcolar;Științe ale educației;Științe Politice și Comunicare;Examen;0;0
Facultatea de Istorie şi Filosofie;Universitatea "Babeş-Bolyai" din Cluj-Napoca (UBB);Cluj-Napoca, Cluj;N/A;N/A;N/A;2.600 lei;Turism cultural (în limba maghiară);Public;Autorizat;Turism cultural;Studii culturale;Științe Umaniste;Dosar;0;0
Facultatea de Istorie şi Filosofie;Universitatea "Babeş-Bolyai" din Cluj-Napoca (UBB);Cluj-Napoca, Cluj;N/A;N/A;N/A;2.600 lei;Științe ale informării și documentării (în limba maghiară);Public;Acreditat;Științe ale informării și documentării;Ştiinţe ale comunicării;Științe Politice și Comunicare;Dosar;0;0
Facultatea de Ştiinţe Economice şi Gestiunea Afacerilor;Universitatea "Babeş-Bolyai" din Cluj-Napoca (UBB);Cluj-Napoca, Cluj;N/A;N/A;N/A;2.900 lei;Management;Public;Acreditat;Management;Management;Științe Economice;Dosar;0;0
Facultatea de Ştiinţe Economice şi Gestiunea Afacerilor;Universitatea "Babeş-Bolyai" din Cluj-Napoca (UBB);Cluj-Napoca, Cluj;N/A;N/A;N/A;2.900 lei;Management - învățământ la distanță în limba maghiară;Public;Acreditat;Management;Management;Științe Economice;Dosar;0;0
Facultatea de Psihologie şi Ştiinţe ale Educaţiei;Universitatea "Babeş-Bolyai" din Cluj-Napoca (UBB);Cluj-Napoca, Cluj;N/A;N/A;N/A;3.400 lei;Psihologie - învățământ la distanță;Public;Acreditat;Psihologie;Psihologie;Științe Sociale și Psihologie;Examen;0;0
Facultatea de Ştiinţe Economice şi Gestiunea Afacerilor;Universitatea "Babeş-Bolyai" din Cluj-Napoca (UBB);Cluj-Napoca, Cluj;N/A;N/A;N/A;2.900 lei;Contabilitate și informatică de gestiune - învățământ la distanță;Public;Acreditat;Contabilitate şi informatică de gestiune;Contabilitate;Științe Economice;Dosar;0;0
Facultatea de Ştiinţe Economice şi Gestiunea Afacerilor;Universitatea "Babeş-Bolyai" din Cluj-Napoca (UBB);Cluj-Napoca, Cluj;N/A;N/A;N/A;3.400 lei;Informatică economică - învățământ la distanță;Public;Acreditat;Informatică economică;Informatică economică;Științe Economice;Dosar;0;0
Facultatea de Ştiinţe Economice şi Gestiunea Afacerilor;Universitatea "Babeş-Bolyai" din Cluj-Napoca (UBB);Cluj-Napoca, Cluj;N/A;N/A;N/A;2.900 lei;Economie Agroalimentară și a Mediului;Public;Acreditat;Economie agroalimentară şi a mediului;Economie;Științe Economice;Dosar;0;0
Facultatea de Ştiinţe Economice şi Gestiunea Afacerilor;Universitatea "Babeş-Bolyai" din Cluj-Napoca (UBB);Cluj-Napoca, Cluj;N/A;N/A;N/A;2.900 lei;Marketing - învățământ la distanță;Public;Acreditat;Economie generală;Economie;Științe Economice;Dosar;0;0
Facultatea de Ştiinţe Economice şi Gestiunea Afacerilor;Universitatea "Babeş-Bolyai" din Cluj-Napoca (UBB);Cluj-Napoca, Cluj;N/A;N/A;N/A;2.900 lei;Finanţe şi bănci;Public;Acreditat;Finanţe şi bănci;Finanţe;Științe Economice;Dosar;0;0
Facultatea de Ştiinţe Economice şi Gestiunea Afacerilor;Universitatea "Babeş-Bolyai" din Cluj-Napoca (UBB);Cluj-Napoca, Cluj;N/A;N/A;N/A;2.900 lei;Economia Comerțului, Turismului și Serviciilor;Public;Acreditat;Economia comerţului, turismului şi serviciilor;Administrarea afacerilor;Științe Economice;Dosar;0;0
Facultatea de Educaţie Fizică şi Sport;Universitatea "Babeş-Bolyai" din Cluj-Napoca (UBB);Cluj-Napoca, Cluj;N/A;N/A;N/A;3.000 lei;Sport și performanță motrică (în limba maghiară);Public;Autorizat;Sport şi performanţă motrică;Educaţie fizică şi sport;Ştiinţa Sportului şi Educaţiei Fizice;Examen;0;0
Facultatea de Ştiinţe Politice, Administrative şi ale Comunicării;Universitatea "Babeş-Bolyai" din Cluj-Napoca (UBB);Cluj-Napoca, Cluj;N/A;N/A;N/A;2.900 lei;Comunicare şi relaţii publice (în limba maghiară);Public;Acreditat;Comunicare şi relaţii publice;Ştiinţe ale comunicării;Științe Politice și Comunicare;Examen;0;0
Facultatea de Ştiinţe Politice, Administrative şi ale Comunicării;Universitatea "Babeş-Bolyai" din Cluj-Napoca (UBB);Cluj-Napoca, Cluj;N/A;N/A;N/A;3.000 lei;Jurnalism (în limba engleză);Public;Acreditat;Jurnalism;Ştiinţe ale comunicării;Științe Politice și Comunicare;Examen;0;0
Facultatea de Ştiinţe Politice, Administrative şi ale Comunicării;Universitatea "Babeş-Bolyai" din Cluj-Napoca (UBB);Cluj-Napoca, Cluj;N/A;N/A;N/A;2.600 lei;Științe Politice (ID);Public;Acreditat;Ştiinţe politice;Ştiinţe politice;Științe Politice și Comunicare;Examen;0;0
Facultatea de Teologie Ortodoxă;Universitatea "Babeş-Bolyai" din Cluj-Napoca (UBB);Cluj-Napoca, Cluj;N/A;N/A;N/A;2.500 lei;Teologie ortodoxă pastorală;Public;Acreditat;Teologie pastorală;Teologie;Teologie;Examen;0;0
Facultatea de Teatru şi Televiziune;Universitatea "Babeş-Bolyai" din Cluj-Napoca (UBB);Cluj-Napoca, Cluj;N/A;N/A;N/A;5.000 lei;Artele spectacolului (actorie);Public;Acreditat;Artele spectacolului;Teatru şi artele spectacolului;Arte, Arhitectură și Urbanism ;Examen;0;0
Facultatea de Fizică;Universitatea "Babeş-Bolyai" din Cluj-Napoca (UBB);Cluj-Napoca, Cluj;15;N/A;N/A;2.000 lei;Fizică tehnologică (în limba maghiară);Public;Acreditat;Fizică tehnologică;Științe inginerești aplicate;Științe Inginerești;Examen;7;8
Facultatea de Teologie Reformată;Universitatea "Babeş-Bolyai" din Cluj-Napoca (UBB);Cluj-Napoca, Cluj;25;N/A;N/A;2.600 lei;Muzică (în limba maghiară);Public;Acreditat;Pedagogie muzicală;Muzică;Arte, Arhitectură și Urbanism ;Examen;17;8
Facultatea de Psihologie şi Ştiinţe ale Educaţiei;Universitatea "Babeş-Bolyai" din Cluj-Napoca (UBB);Cluj-Napoca, Cluj;N/A;N/A;N/A;2.900 lei;Pedagogia învăţământului primar şi preşcolar (în limba maghiară, la Odorheiu Secuiesc);Public;Autorizat;Pedagogia învăţământului primar şi preşcolar;Științe ale educației;Științe Politice și Comunicare;Examen;0;0
Facultatea de Teologie Romano-Catolică;Universitatea "Babeş-Bolyai" din Cluj-Napoca (UBB);Cluj-Napoca, Cluj;N/A;N/A;N/A;2.200 lei;Studii religioase (în limba maghiară);Public;Acreditat;Studii religioase;Teologie;Teologie;Examen;0;0
Facultatea de Litere;Universitatea "Babeş-Bolyai" din Cluj-Napoca (UBB);Cluj-Napoca, Cluj;N/A;N/A;N/A;3.000 lei;Etnologie (în limba maghiară);Public;Acreditat;Etnologie;Studii culturale;Științe Umaniste;Dosar;0;0
Facultatea de Istorie şi Filosofie;Universitatea "Babeş-Bolyai" din Cluj-Napoca (UBB);Cluj-Napoca, Cluj;40;N/A;N/A;2.400 lei;Istorie - în limba maghiară;Public;Acreditat;Istorie;Istorie;Științe Umaniste;Examen;16;24
Facultatea de Business;Universitatea "Babeş-Bolyai" din Cluj-Napoca (UBB);Cluj-Napoca, Cluj;N/A;N/A;N/A;2.800 lei;Administrarea afacerilor în servicii de ospitalitate;Public;Acreditat;Administrarea afacerilor;Administrarea afacerilor;Științe Economice;Examen;0;0
Facultatea de Istorie şi Filosofie;Universitatea "Babeş-Bolyai" din Cluj-Napoca (UBB);Cluj-Napoca, Cluj;N/A;N/A;N/A;2.600 lei;Filosofie ID;Public;Acreditat;Filosofie;Filosofie;Științe Umaniste;Dosar;0;0
Facultatea de Fizică;Universitatea "Babeş-Bolyai" din Cluj-Napoca (UBB);Cluj-Napoca, Cluj;50;N/A;N/A;2.000 lei;Fizică medicală;Public;Acreditat;Fizică medicală;Fizică;Științe Exacte;Examen;20;30
Facultatea de Chimie şi Inginerie Chimică;Universitatea "Babeş-Bolyai" din Cluj-Napoca (UBB);Cluj-Napoca, Cluj;40;N/A;1.02;3.000 lei;Ingineria şi informatica proceselor chimice şi biochimice;Public;Acreditat;Ingineria şi informatica proceselor chimice şi biochimice;Inginerie chimică;Științe Inginerești;Examen;20;20
Facultatea de Chimie şi Inginerie Chimică;Universitatea "Babeş-Bolyai" din Cluj-Napoca (UBB);Cluj-Napoca, Cluj;34;N/A;1.47;3.000 lei;Inginerie biochimică;Public;Acreditat;Inginerie biochimică;Inginerie chimică;Științe Inginerești;Examen;31;3
Facultatea de Geografie;Universitatea "Babeş-Bolyai" din Cluj-Napoca (UBB);Cluj-Napoca, Cluj;30;N/A;N/A;2.800 lei;Planificare teritorială (în limba maghiară);Public;Acreditat;Planificare teritorială;Geografie;Științe ale Naturii;Dosar;17;13
Facultatea de Litere;Universitatea "Babeş-Bolyai" din Cluj-Napoca (UBB);Cluj-Napoca, Cluj;N/A;N/A;N/A;3.000 lei;Limba şi literatura norvegiană - Limba şi literatura română / maghiară/ modernă (engleză, franceză, germană, rusă, italiană, spaniolă, coreeană, finlandeză, japoneză, chineză, ucraineană) / latină/ greacă veche / ebraică / Literatura universală și comparată;Public;Acreditat;Limbă şi literatură;Limbă şi literatură;Științe Umaniste;Examen;0;0
Facultatea de Studii Europene;Universitatea "Babeş-Bolyai" din Cluj-Napoca (UBB);Cluj-Napoca, Cluj;N/A;N/A;N/A;2.800 lei;Relaţii internaţionale şi studii europene;Public;Acreditat;Relaţii internaţionale şi studii europene;Relații internaționale și studii europene;Științe Politice și Comunicare;Examen;0;0
Facultatea de Business;Universitatea "Babeş-Bolyai" din Cluj-Napoca (UBB);Cluj-Napoca, Cluj;N/A;N/A;N/A;2.800 lei;Administrarea Afacerilor (în limba engleză) (ID);Public;Acreditat;Administrarea afacerilor;Administrarea afacerilor;Științe Economice;Examen;0;0
Facultatea de Sociologie şi Asistenţă Socială;Universitatea "Babeş-Bolyai" din Cluj-Napoca (UBB);Cluj-Napoca, Cluj;50;N/A;N/A;2.500 lei;Antropologie;Public;Acreditat;Antropologie;Sociologie;Științe Sociale și Psihologie;Examen;20;30
Facultatea de Istorie şi Filosofie;Universitatea "Babeş-Bolyai" din Cluj-Napoca (UBB);Cluj-Napoca, Cluj;N/A;N/A;N/A;2.600 lei;Istoria artei;Public;Acreditat;Istoria artei;Istorie;Științe Umaniste;Dosar;0;0
Facultatea de Istorie şi Filosofie;Universitatea "Babeş-Bolyai" din Cluj-Napoca (UBB);Cluj-Napoca, Cluj;N/A;N/A;N/A;2.600 lei;Etnologie;Public;Acreditat;Etnologie;Studii culturale;Științe Umaniste;Dosar;0;0
Facultatea de Sociologie şi Asistenţă Socială;Universitatea "Babeş-Bolyai" din Cluj-Napoca (UBB);Cluj-Napoca, Cluj;N/A;N/A;N/A;2.500 lei;Sociologie (în limba maghiară);Public;Acreditat;Sociologie;Sociologie;Științe Sociale și Psihologie;Dosar;0;0
Facultatea de Ştiinţe Economice şi Gestiunea Afacerilor;Universitatea "Babeş-Bolyai" din Cluj-Napoca (UBB);Cluj-Napoca, Cluj;N/A;N/A;N/A;3.400 lei;Informatică economică - română;Public;Acreditat;Informatică economică;Informatică economică;Științe Economice;Dosar;0;0
Facultatea de Psihologie şi Ştiinţe ale Educaţiei;Universitatea "Babeş-Bolyai" din Cluj-Napoca (UBB);Cluj-Napoca, Cluj;N/A;N/A;N/A;2.900 lei;Pedagogia învăţământului primar şi preşcolar (în limba maghiară) (ID);Public;Autorizat;Pedagogia învăţământului primar şi preşcolar;Științe ale educației;Științe Politice și Comunicare;Examen;0;0
Facultatea de Ştiinţe Economice şi Gestiunea Afacerilor;Universitatea "Babeş-Bolyai" din Cluj-Napoca (UBB);Cluj-Napoca, Cluj;N/A;N/A;N/A;2.900 lei;Economia Comerțului, Turismului și Serviciilor (ID);Public;Acreditat;Economia comerţului, turismului, serviciilor şi managementul calităţii;Administrarea afacerilor;Științe Economice;Dosar;0;0
Facultatea de Ştiinţe Economice şi Gestiunea Afacerilor;Universitatea "Babeş-Bolyai" din Cluj-Napoca (UBB);Cluj-Napoca, Cluj;N/A;N/A;N/A;2.900 lei;Contabilitate şi informatică de gestiune (în limba franceză);Public;Autorizat;Contabilitate şi informatică de gestiune;Contabilitate;Științe Economice;Dosar;0;0
Facultatea de Ştiinţe Economice şi Gestiunea Afacerilor;Universitatea "Babeş-Bolyai" din Cluj-Napoca (UBB);Cluj-Napoca, Cluj;N/A;N/A;N/A;2.900 lei;Management (în limba engleză);Public;Acreditat;Management;Management;Științe Economice;Dosar;0;0
Facultatea de Ştiinţe Politice, Administrative şi ale Comunicării;Universitatea "Babeş-Bolyai" din Cluj-Napoca (UBB);Cluj-Napoca, Cluj;N/A;N/A;N/A;2.900 lei;Comunicare şi relaţii publice;Public;Acreditat;Comunicare şi relaţii publice;Ştiinţe ale comunicării;Științe Politice și Comunicare;Examen;0;0
Facultatea de Ştiinţe Politice, Administrative şi ale Comunicării;Universitatea "Babeş-Bolyai" din Cluj-Napoca (UBB);Cluj-Napoca, Cluj;N/A;N/A;N/A;3.000 lei;Jurnalism (în limba maghiară);Public;Acreditat;Jurnalism;Ştiinţe ale comunicării;Științe Politice și Comunicare;Examen;0;0
Facultatea de Ştiinţe Politice, Administrative şi ale Comunicării;Universitatea "Babeş-Bolyai" din Cluj-Napoca (UBB);Cluj-Napoca, Cluj;N/A;N/A;N/A;3.000 lei;Jurnalism;Public;Acreditat;Jurnalism;Ştiinţe ale comunicării;Științe Politice și Comunicare;Examen;0;0
Facultatea de Ştiinţe Politice, Administrative şi ale Comunicării;Universitatea "Babeş-Bolyai" din Cluj-Napoca (UBB);Cluj-Napoca, Cluj;N/A;N/A;N/A;2.800 lei;Jurnalism (ID);Public;Acreditat;Jurnalism;Ştiinţe ale comunicării;Științe Politice și Comunicare;Examen;0;0
Facultatea de Educaţie Fizică şi Sport;Universitatea "Babeş-Bolyai" din Cluj-Napoca (UBB);Cluj-Napoca, Cluj;N/A;N/A;N/A;3.000 lei;Educație fizică și sportivă - frecvență redusă;Public;Acreditat;Educaţie fizică şi sportivă;Educaţie fizică şi sport;Ştiinţa Sportului şi Educaţiei Fizice;Examen;0;0
Facultatea de Biologie şi Geologie;Universitatea "Babeş-Bolyai" din Cluj-Napoca (UBB);Cluj-Napoca, Cluj;46;7.80;0.41;2.000 lei;Biochimie;Public;Acreditat;Biochimie;Biologie;Științe ale Naturii;Dosar;39;7
Facultatea de Biologie şi Geologie;Universitatea "Babeş-Bolyai" din Cluj-Napoca (UBB);Cluj-Napoca, Cluj;45;N/A;N/A;2.000 lei;Biotehnologii industriale;Public;Acreditat;Biotehnologii industriale;Științe inginerești aplicate;Științe Inginerești;Examen;19;26
Facultatea de Biologie şi Geologie;Universitatea "Babeş-Bolyai" din Cluj-Napoca (UBB);Cluj-Napoca, Cluj;11;N/A;N/A;2.000 lei;Ecologie şi protecţia mediului (în limba germană);Public;Acreditat;Ecologie şi protecţia mediului;Ştiinţa mediului;Științe ale Naturii;Examen;4;7
Facultatea de Teatru şi Televiziune;Universitatea "Babeş-Bolyai" din Cluj-Napoca (UBB);Cluj-Napoca, Cluj;N/A;N/A;N/A;5.000 lei;Artele spectacolului (actorie) (în limba maghiară);Public;Acreditat;Artele spectacolului;Teatru şi artele spectacolului;Arte, Arhitectură și Urbanism ;Examen;0;0
Facultatea de Teologie Greco-Catolică;Universitatea "Babeş-Bolyai" din Cluj-Napoca (UBB);Cluj-Napoca, Cluj;N/A;N/A;N/A;2.000 lei;Teologie greco-catolică asistenţă socială;Public;Acreditat;Teologie asistenţă socială;Teologie;Teologie;Examen;0;0
Facultatea de Teologie Romano-Catolică;Universitatea "Babeş-Bolyai" din Cluj-Napoca (UBB);Cluj-Napoca, Cluj;49;N/A;N/A;2.200 lei;Teologie romano-catolică didactică (în limba maghiară);Public;Acreditat;Teologie didactică;Teologie;Teologie;Examen;29;20
Facultatea de Ştiinţe Politice, Administrative şi ale Comunicării;Universitatea "Babeş-Bolyai" din Cluj-Napoca (UBB);Cluj-Napoca, Cluj;N/A;N/A;N/A;3.000 lei;Leadership în sectorul public (în limba engleză);Public;Autorizat;Leadership în sectorul public (n limba engleză);Ştiinţe administrative;Științe Politice și Comunicare;Examen;0;0
Facultatea de Psihologie şi Ştiinţe ale Educaţiei;Universitatea "Babeş-Bolyai" din Cluj-Napoca (UBB);Cluj-Napoca, Cluj;50;7.16;N/A;2.500 lei;Pedagogia învăţământului primar şi preşcolar (în limba maghiară, la Târgu Mureş);Public;Autorizat;Pedagogia învăţământului primar şi preşcolar;Științe ale educației;Științe Politice și Comunicare;Examen;17;33
Facultatea de Geografie;Universitatea "Babeş-Bolyai" din Cluj-Napoca (UBB);Cluj-Napoca, Cluj;85;N/A;N/A;2.400 lei;Geografia turismului (la Bistriţa);Public;Acreditat;Geografia turismului;Geografie;Științe ale Naturii;Examen;24;61
Facultatea de Teatru şi Televiziune;Universitatea "Babeş-Bolyai" din Cluj-Napoca (UBB);Cluj-Napoca, Cluj;N/A;N/A;N/A;4.000 lei;Filmologie;Public;Autorizat;Filmologie;Cinematografie şi media;Arte, Arhitectură și Urbanism ;Examen;0;0
Facultatea de Ştiinţe Economice şi Gestiunea Afacerilor;Universitatea "Babeş-Bolyai" din Cluj-Napoca (UBB);Cluj-Napoca, Cluj;N/A;N/A;N/A;2.900 lei;Administrarea afacerilor (în limba germană);Public;Autorizat;Administrarea afacerilor;Administrarea afacerilor;Științe Economice;Dosar;0;0
Facultatea de Litere;Universitatea "Babeş-Bolyai" din Cluj-Napoca (UBB);Cluj-Napoca, Cluj;N/A;N/A;N/A;3.000 lei;Studii culturale (în limba maghiară);Public;Autorizat;Studii culturale;Studii culturale;Științe Umaniste;Examen;0;0
Facultatea de Matematică şi Informatică;Universitatea "Babeş-Bolyai" din Cluj-Napoca (UBB);Cluj-Napoca, Cluj;95;N/A;N/A;250 lei;Matematică informatică (în limba engleză);Public;Autorizat;Matematică informatică;Matematică;Științe Exacte;Examen;18;77
Facultatea de Istorie şi Filosofie;Universitatea "Babeş-Bolyai" din Cluj-Napoca (UBB);Cluj-Napoca, Cluj;N/A;N/A;N/A;2.600 lei;Studii de securitate ID;Public;Acreditat;Studii de securitate;Ştiinţe politice;Științe Politice și Comunicare;Dosar;0;0
Facultatea de Ştiinţa şi Ingineria Mediului;Universitatea "Babeş-Bolyai" din Cluj-Napoca (UBB);Cluj-Napoca, Cluj;57;N/A;N/A;2.500 lei;Ingineria Mediului;Public;Acreditat;Ingineria mediului;Ingineria mediului;Științe Inginerești;Dosar;15;42
Facultatea de Ştiinţa şi Ingineria Mediului;Universitatea "Babeş-Bolyai" din Cluj-Napoca (UBB);Cluj-Napoca, Cluj;48;N/A;N/A;2.500 lei;Management și audit de mediu;Public;Autorizat;Ingineria mediului;Ingineria mediului;Științe Inginerești;Dosar;12;36
Facultatea de Fizică;Universitatea "Babeş-Bolyai" din Cluj-Napoca (UBB);Cluj-Napoca, Cluj;32;N/A;N/A;2.000 lei;Fizică;Public;Acreditat;Fizică;Fizică;Științe Exacte;Examen;6;26
Facultatea de Fizică;Universitatea "Babeş-Bolyai" din Cluj-Napoca (UBB);Cluj-Napoca, Cluj;25;N/A;N/A;2.000 lei;Fizică informatică;Public;Acreditat;Fizică informatică;Fizică;Științe Exacte;Examen;6;19
Facultatea de Matematică şi Informatică;Universitatea "Babeş-Bolyai" din Cluj-Napoca (UBB);Cluj-Napoca, Cluj;75;N/A;N/A;250 lei;Informatică (în limba germană);Public;Autorizat;Informatică;Informatică;Științe Exacte;Examen;45;30
Facultatea de Chimie şi Inginerie Chimică;Universitatea "Babeş-Bolyai" din Cluj-Napoca (UBB);Cluj-Napoca, Cluj;20;8.80;0.50;3.000 lei;Ştiinţa şi ingineria materialelor oxidice şi nanomateriale;Public;Acreditat;Ştiinţa şi ingineria materialelor oxidice şi nanomateriale;Inginerie chimică;Științe Inginerești;Examen;9;11
Facultatea de Chimie şi Inginerie Chimică;Universitatea "Babeş-Bolyai" din Cluj-Napoca (UBB);Cluj-Napoca, Cluj;17;7.00;2.06;3.000 lei;Chimia şi ingineria substanţelor organice, petrochimie şi carbochimie (în limba maghiară);Public;Acreditat;Chimia şi ingineria substanţelor organice, petrochimie şi carbochimie;Inginerie chimică;Științe Inginerești;Examen;16;1
Facultatea de Geografie;Universitatea "Babeş-Bolyai" din Cluj-Napoca (UBB);Cluj-Napoca, Cluj;70;N/A;N/A;2.800 lei;Cartografie;Public;Acreditat;Cartografie;Geografie;Științe ale Naturii;Dosar;28;42
Facultatea de Chimie şi Inginerie Chimică;Universitatea "Babeş-Bolyai" din Cluj-Napoca (UBB);Cluj-Napoca, Cluj;49;8.04;0.59;3.000 lei;Chimie;Public;Acreditat;Chimie;Chimie;Științe Exacte;Examen;30;19
Facultatea de Litere;Universitatea "Babeş-Bolyai" din Cluj-Napoca (UBB);Cluj-Napoca, Cluj;N/A;N/A;N/A;3.000 lei;Limbă şi literatură japoneză - limba şi literatura română / maghiară / modernă / latină / greacă veche / ebraică / Literatura universală și comparată;Public;Acreditat;Limbă şi literatură;Limbă şi literatură;Științe Umaniste;Dosar;0;0
Facultatea de Geografie;Universitatea "Babeş-Bolyai" din Cluj-Napoca (UBB);Cluj-Napoca, Cluj;50;N/A;N/A;2.800 lei;Planificare teritorială;Public;Acreditat;Planificare teritorială;Geografie;Științe ale Naturii;Dosar;28;22
Facultatea de Business;Universitatea "Babeş-Bolyai" din Cluj-Napoca (UBB);Cluj-Napoca, Cluj;N/A;N/A;N/A;2.800 lei;Administrarea afacerilor;Public;Acreditat;Administrarea afacerilor;Administrarea afacerilor;Științe Economice;Examen;0;0
Facultatea de Litere;Universitatea "Babeş-Bolyai" din Cluj-Napoca (UBB);Cluj-Napoca, Cluj;95;6.03;0.15;2.700 lei;Limba şi literatura maghiară/modernă (engleză, germană, franceză, rusă, italiană,spaniolă) - Limba şi literatura română/Limba şi literatura maghiară/modernă (engleză, germană, franceză, rusă, italiană, spaniolă) / Latină/Greacă veche/Ebraică/Literatura universală şi comparată;Public;Acreditat;Limbă şi literatură;Limbă şi literatură;Științe Umaniste;Examen;45;50
Facultatea de Litere;Universitatea "Babeş-Bolyai" din Cluj-Napoca (UBB);Cluj-Napoca, Cluj;N/A;N/A;N/A;2.700 lei;Limba şi literatura maghiară;Public;Acreditat;Limbă şi literatură;Limbă şi literatură;Științe Umaniste;Dosar;0;0
Facultatea de Business;Universitatea "Babeş-Bolyai" din Cluj-Napoca (UBB);Cluj-Napoca, Cluj;N/A;N/A;N/A;2.800 lei;Administrarea afacerilor în servicii de ospitalitate (în limba engleză);Public;Autorizat;Administrarea afacerilor în servicii de ospitalitate;Administrarea afacerilor;Științe Economice;Examen;0;0
Facultatea de Business;Universitatea "Babeş-Bolyai" din Cluj-Napoca (UBB);Cluj-Napoca, Cluj;50;N/A;N/A;2.800 lei;Administrarea afacerilor în servicii de ospitalitate (ID);Public;Acreditat;Administrarea afacerilor în servicii de ospitalitate;Administrarea afacerilor;Științe Economice;Dosar;0;50
Facultatea de Istorie şi Filosofie;Universitatea "Babeş-Bolyai" din Cluj-Napoca (UBB);Cluj-Napoca, Cluj;N/A;N/A;N/A;2.600 lei;Istorie - în limba maghiară (ID);Public;Acreditat;Istorie;Istorie;Științe Umaniste;Dosar;0;0
Facultatea de Psihologie şi Ştiinţe ale Educaţiei;Universitatea "Babeş-Bolyai" din Cluj-Napoca (UBB);Cluj-Napoca, Cluj;N/A;N/A;N/A;2.900 lei;Psihopedagogie specială;Public;Acreditat;Psihopedagogie specială;Științe ale educației;Științe Politice și Comunicare;Examen;0;0
Facultatea de Istorie şi Filosofie;Universitatea "Babeş-Bolyai" din Cluj-Napoca (UBB);Cluj-Napoca, Cluj;N/A;N/A;N/A;2.600 lei;Relaţii internaţionale şi studii europene;Public;Acreditat;Relaţii internaţionale şi studii europene;Relații internaționale și studii europene;Științe Politice și Comunicare;Dosar;0;0
Facultatea de Psihologie şi Ştiinţe ale Educaţiei;Universitatea "Babeş-Bolyai" din Cluj-Napoca (UBB);Cluj-Napoca, Cluj;N/A;N/A;N/A;3.400 lei;Psihologie;Public;Acreditat;Psihologie;Psihologie;Științe Sociale și Psihologie;Examen;0;0
Facultatea de Istorie şi Filosofie;Universitatea "Babeş-Bolyai" din Cluj-Napoca (UBB);Cluj-Napoca, Cluj;N/A;N/A;N/A;2.600 lei;Arhivistică;Public;Acreditat;Arhivistică;Istorie;Științe Umaniste;Dosar;0;0
Facultatea de Ştiinţe Economice şi Gestiunea Afacerilor;Universitatea "Babeş-Bolyai" din Cluj-Napoca (UBB);Cluj-Napoca, Cluj;N/A;N/A;N/A;2.900 lei;Management (în limba maghiară);Public;Acreditat;Management;Management;Științe Economice;Dosar;0;0
Facultatea de Ştiinţe Economice şi Gestiunea Afacerilor;Universitatea "Babeş-Bolyai" din Cluj-Napoca (UBB);Cluj-Napoca, Cluj;N/A;N/A;N/A;2.900 lei;Marketing;Public;Acreditat;Marketing;Marketing;Științe Economice;Dosar;0;0
Facultatea de Ştiinţe Economice şi Gestiunea Afacerilor;Universitatea "Babeş-Bolyai" din Cluj-Napoca (UBB);Cluj-Napoca, Cluj;N/A;N/A;N/A;2.900 lei;Finanţe şi bănci (în limba maghiară);Public;Acreditat;Finanţe şi bănci;Finanţe;Științe Economice;Dosar;0;0
Facultatea de Ştiinţe Economice şi Gestiunea Afacerilor;Universitatea "Babeş-Bolyai" din Cluj-Napoca (UBB);Cluj-Napoca, Cluj;N/A;N/A;N/A;2.900 lei;Economie și Afaceri Internaționale - învățământ la distanță;Public;Acreditat;Economie şi afaceri internaţionale;Economie şi afaceri internaţionale;Științe Economice;Dosar;0;0
Facultatea de Ştiinţe Economice şi Gestiunea Afacerilor;Universitatea "Babeş-Bolyai" din Cluj-Napoca (UBB);Cluj-Napoca, Cluj;N/A;N/A;N/A;2.900 lei;Economie și Afaceri Internaționale;Public;Acreditat;Economie şi afaceri internaţionale;Economie şi afaceri internaţionale;Științe Economice;Dosar;0;0
Facultatea de Ştiinţe Politice, Administrative şi ale Comunicării;Universitatea "Babeş-Bolyai" din Cluj-Napoca (UBB);Cluj-Napoca, Cluj;N/A;N/A;N/A;2.900 lei;Publicitate;Public;Acreditat;Publicitate;Ştiinţe ale comunicării;Științe Politice și Comunicare;Examen;0;0
Facultatea de Ştiinţe Politice, Administrative şi ale Comunicării;Universitatea "Babeş-Bolyai" din Cluj-Napoca (UBB);Cluj-Napoca, Cluj;N/A;N/A;N/A;2.600 lei;Ştiinţe politice (în limba maghiară);Public;Acreditat;Ştiinţe politice;Ştiinţe politice;Științe Politice și Comunicare;Examen;0;0
Facultatea de Ştiinţe Politice, Administrative şi ale Comunicării;Universitatea "Babeş-Bolyai" din Cluj-Napoca (UBB);Cluj-Napoca, Cluj;N/A;N/A;N/A;2.600 lei;Ştiinţe politice;Public;Acreditat;Ştiinţe politice;Ştiinţe politice;Științe Politice și Comunicare;Examen;0;0
Facultatea de Educaţie Fizică şi Sport;Universitatea "Babeş-Bolyai" din Cluj-Napoca (UBB);Cluj-Napoca, Cluj;N/A;N/A;N/A;3.000 lei;Kinetoterapie şi motricitate specială;Public;Acreditat;Kinetoterapie şi motricitate specială;Kinetoterapie;Ştiinţa Sportului şi Educaţiei Fizice;Examen;0;0
Facultatea de Biologie şi Geologie;Universitatea "Babeş-Bolyai" din Cluj-Napoca (UBB);Cluj-Napoca, Cluj;20;N/A;N/A;2.000 lei;Ecologie şi protecţia mediului (în limba maghiară);Public;Acreditat;Ecologie şi protecţia mediului;Ştiinţa mediului;Științe ale Naturii;Examen;10;10
Facultatea de Biologie şi Geologie;Universitatea "Babeş-Bolyai" din Cluj-Napoca (UBB);Cluj-Napoca, Cluj;35;8.19;0.31;2.000 lei;Geologie;Public;Acreditat;Geologie;Geologie;Științe ale Naturii;Dosar;7;28
Facultatea de Teatru şi Televiziune;Universitatea "Babeş-Bolyai" din Cluj-Napoca (UBB);Cluj-Napoca, Cluj;N/A;N/A;N/A;5.000 lei;Artele spectacolului (regie);Public;Acreditat;Artele spectacolului;Teatru şi artele spectacolului;Arte, Arhitectură și Urbanism ;Examen;0;0
Facultatea de Teatru şi Televiziune;Universitatea "Babeş-Bolyai" din Cluj-Napoca (UBB);Cluj-Napoca, Cluj;N/A;N/A;N/A;4.000 lei;Teatrologie (Jurnalism teatral, Management cultural, în limba maghiară);Public;Acreditat;Teatrologie ;Teatru şi artele spectacolului;Arte, Arhitectură și Urbanism ;Examen;0;0
Facultatea de Teologie Greco-Catolică;Universitatea "Babeş-Bolyai" din Cluj-Napoca (UBB);Cluj-Napoca, Cluj;N/A;N/A;N/A;2.000 lei;Teologie greco-catolică didactică;Public;Acreditat;Teologie didactică;Teologie;Teologie;Examen;0;0
Facultatea de Educaţie Fizică şi Sport;Universitatea "Babeş-Bolyai" din Cluj-Napoca (UBB);Cluj-Napoca, Cluj;N/A;N/A;N/A;3.000 lei;Educaţie fizică şi sportivă (la Bistriţa);Public;Acreditat;Educaţie fizică şi sportivă;Educaţie fizică şi sport;Ştiinţa Sportului şi Educaţiei Fizice;Examen;0;0
Facultatea de Psihologie şi Ştiinţe ale Educaţiei;Universitatea "Babeş-Bolyai" din Cluj-Napoca (UBB);Cluj-Napoca, Cluj;N/A;N/A;N/A;2.900 lei;Pedagogia învăţământului primar şi preşcolar (în limba maghiară, la Târgu Secuiesc);Public;Acreditat;Pedagogia învăţământului primar şi preşcolar;Științe ale educației;Științe Politice și Comunicare;Examen;0;0
Facultatea de Chimie şi Inginerie Chimică;Universitatea "Babeş-Bolyai" din Cluj-Napoca (UBB);Cluj-Napoca, Cluj;45;9.37;0.13;3.000 lei;Chimie (în limba maghiară);Public;Autorizat;Chimie;Chimie;Științe Exacte;Examen;15;30
Facultatea de Istorie şi Filosofie;Universitatea "Babeş-Bolyai" din Cluj-Napoca (UBB);Cluj-Napoca, Cluj;N/A;N/A;N/A;2.600 lei;Filosofie (în limba maghiară);Public;Acreditat;Filosofie;Filosofie;Științe Umaniste;Dosar;0;0
Facultatea de Ştiinţe Economice şi Gestiunea Afacerilor;Universitatea "Babeş-Bolyai" din Cluj-Napoca (UBB);Cluj-Napoca, Cluj;N/A;N/A;N/A;2.900 lei;Economia comerţului, turismului şi serviciilor (în limba maghiară, la Sfântu Gheorghe);Public;Autorizat;Economia comerţului, turismului şi serviciilor;Administrarea afacerilor;Științe Economice;Dosar;0;0
Facultatea de Ştiinţe Politice, Administrative şi ale Comunicării;Universitatea "Babeş-Bolyai" din Cluj-Napoca (UBB);Cluj-Napoca, Cluj;N/A;N/A;N/A;3.400 lei;Media Digitală;Public;Autorizat;Jurnalism;Ştiinţe ale comunicării;Științe Politice și Comunicare;Examen;0;0
Facultatea de Sociologie şi Asistenţă Socială;Universitatea "Babeş-Bolyai" din Cluj-Napoca (UBB);Cluj-Napoca, Cluj;35;N/A;N/A;2.500 lei;Asistenţă socială (în limba maghiară);Public;Acreditat;Asistenţă socială;Asistenţă socială;Științe Sociale și Psihologie;Examen;15;20
Facultatea de Psihologie şi Ştiinţe ale Educaţiei;Universitatea "Babeş-Bolyai" din Cluj-Napoca (UBB);Cluj-Napoca, Cluj;N/A;N/A;N/A;2.900 lei;Psihologie (în limba maghiară) (ID);Public;Acreditat;Psihologie;Psihologie;Științe Sociale și Psihologie;Examen;0;0
Facultatea de Psihologie şi Ştiinţe ale Educaţiei;Universitatea "Babeş-Bolyai" din Cluj-Napoca (UBB);Cluj-Napoca, Cluj;N/A;N/A;N/A;2.900 lei;Pedagogia învăţământului primar şi preşcolar (în limba germană);Public;Acreditat;Pedagogia învăţământului primar şi preşcolar;Științe ale educației;Științe Politice și Comunicare;Examen;0;0
Facultatea de Ştiinţa şi Ingineria Mediului;Universitatea "Babeş-Bolyai" din Cluj-Napoca (UBB);Cluj-Napoca, Cluj;97;N/A;N/A;2.500 lei;Ştiinţa mediului;Public;Acreditat;Ştiinţa mediului;Ştiinţa mediului;Științe ale Naturii;Dosar;14;83
Facultatea de Ştiinţa şi Ingineria Mediului;Universitatea "Babeş-Bolyai" din Cluj-Napoca (UBB);Cluj-Napoca, Cluj;29;N/A;N/A;2.500 lei;Ingineria Sistemelor Biotehnice si Ecologice;Public;Acreditat;Ingineria sistemelor biotehnice şi ecologice;Ingineria mediului;Științe Inginerești;Dosar;10;19
Facultatea de Teologie Romano-Catolică;Universitatea "Babeş-Bolyai" din Cluj-Napoca (UBB);Cluj-Napoca, Cluj;25;N/A;N/A;2.200 lei;Teologie romano-catolică pastorală (în limba maghiară, la Alba Iulia);Public;Acreditat;Teologie pastorală;Teologie;Teologie;Examen;20;5
Facultatea de Fizică;Universitatea "Babeş-Bolyai" din Cluj-Napoca (UBB);Cluj-Napoca, Cluj;N/A;N/A;N/A;2.000 lei;Fizică informatică (în limba maghiară);Public;Acreditat;Fizică informatică;Fizică;Științe Exacte;Examen;0;0
Facultatea de Matematică şi Informatică;Universitatea "Babeş-Bolyai" din Cluj-Napoca (UBB);Cluj-Napoca, Cluj;25;N/A;N/A;250 lei;Matematică (în limba maghiară);Public;Acreditat;Matematică;Matematică;Științe Exacte;Examen;15;10
Facultatea de Chimie şi Inginerie Chimică;Universitatea "Babeş-Bolyai" din Cluj-Napoca (UBB);Cluj-Napoca, Cluj;25;7.31;0.56;3.000 lei;Ingineria substanţelor anorganice şi protecţia mediului;Public;Acreditat;Ingineria substanţelor anorganice şi protecţia mediului;Inginerie chimică;Științe Inginerești;Examen;10;15
Facultatea de Geografie;Universitatea "Babeş-Bolyai" din Cluj-Napoca (UBB);Cluj-Napoca, Cluj;50;N/A;N/A;2.800 lei;Geografie (în limba maghiară);Public;Acreditat;Geografie;Geografie;Științe ale Naturii;Dosar;24;26
Facultatea de Studii Europene;Universitatea "Babeş-Bolyai" din Cluj-Napoca (UBB);Cluj-Napoca, Cluj;N/A;N/A;N/A;2.800 lei;Administraţie europeană;Public;Acreditat;Administraţie europeană;Ştiinţe administrative;Științe Politice și Comunicare;Examen;0;0
Facultatea de Litere;Universitatea "Babeş-Bolyai" din Cluj-Napoca (UBB);Cluj-Napoca, Cluj;N/A;N/A;N/A;2.700 lei;Filologie clasică;Public;Acreditat;Filologie clasică;Limbă şi literatură;Științe Umaniste;Dosar;0;0
Facultatea de Studii Europene;Universitatea "Babeş-Bolyai" din Cluj-Napoca (UBB);Cluj-Napoca, Cluj;N/A;N/A;N/A;2.800 lei;Relaţii internaţionale şi studii europene (în limba engleză);Public;Autorizat;Relaţii internaţionale şi studii europene;Relații internaționale și studii europene;Științe Politice și Comunicare;Examen;0;0
Facultatea de Teatru şi Televiziune;Universitatea "Babeş-Bolyai" din Cluj-Napoca (UBB);Cluj-Napoca, Cluj;N/A;N/A;N/A;6.500 lei;Cinematografie, fotografie, media (Regie de film şi TV, Imagine film şi TV, Multimedia: sunet-montaj, Comunicare audiovizuală: scenaristică, publicitate, media);Public;Acreditat;Cinematografie, fotografie, media;Cinematografie şi media;Arte, Arhitectură și Urbanism ;Examen;0;0
Facultatea de Teologie Ortodoxă;Universitatea "Babeş-Bolyai" din Cluj-Napoca (UBB);Cluj-Napoca, Cluj;N/A;N/A;N/A;2.500 lei;Teologie ortodoxă asistenţă socială;Public;Acreditat;Teologie asistenţă socială;Teologie;Teologie;Examen;0;0
Facultatea de Teologie Greco-Catolică;Universitatea "Babeş-Bolyai" din Cluj-Napoca (UBB);Cluj-Napoca, Cluj;N/A;N/A;N/A;2.000 lei;Teologie greco-catolică pastorală;Public;Acreditat;Teologie pastorală;Teologie;Teologie;Examen;0;0
Facultatea de Teatru şi Televiziune;Universitatea "Babeş-Bolyai" din Cluj-Napoca (UBB);Cluj-Napoca, Cluj;N/A;N/A;N/A;4.000 lei;Teatrologie (Jurnalism teatral, Management cultural);Public;Acreditat;Teatrologie ;Teatru şi artele spectacolului;Arte, Arhitectură și Urbanism ;Examen;0;0
Facultatea de Biologie şi Geologie;Universitatea "Babeş-Bolyai" din Cluj-Napoca (UBB);Cluj-Napoca, Cluj;25;N/A;N/A;2.000 lei;Geologie (în limba maghiară);Public;Autorizat;Geologie;Geologie;Științe ale Naturii;Examen;10;15
Facultatea de Geografie;Universitatea "Babeş-Bolyai" din Cluj-Napoca (UBB);Cluj-Napoca, Cluj;50;N/A;N/A;2.800 lei;Geografia turismului (în limba germană);Public;Autorizat;Geografia turismului;Geografie;Științe ale Naturii;Dosar;7;43
Facultatea de Biologie şi Geologie;Universitatea "Babeş-Bolyai" din Cluj-Napoca (UBB);Cluj-Napoca, Cluj;45;N/A;0.49;2.000 lei;Biologie;Public;Acreditat;Biologie;Biologie;Științe ale Naturii;Dosar;29;16
Facultatea de Ştiinţe Economice şi Gestiunea Afacerilor;Universitatea "Babeş-Bolyai" din Cluj-Napoca (UBB);Cluj-Napoca, Cluj;N/A;N/A;N/A;2.900 lei;Economia firmei (în limba maghiară, la Sfântu Gheorghe) (ID);Public;Autorizat;Economia firmei;Administrarea afacerilor;Științe Economice;Dosar;0;0
Facultatea de Ştiinţe Economice şi Gestiunea Afacerilor;Universitatea "Babeş-Bolyai" din Cluj-Napoca (UBB);Cluj-Napoca, Cluj;N/A;N/A;N/A;2.900 lei;Economia comerţului, turismului şi serviciilor (la Sfântu Gheorghe);Public;Acreditat;Economia comerţului, turismului şi serviciilor;Administrarea afacerilor;Științe Economice;Dosar;0;0
Facultatea de Sociologie şi Asistenţă Socială;Universitatea "Babeş-Bolyai" din Cluj-Napoca (UBB);Cluj-Napoca, Cluj;25;N/A;N/A;2.500 lei;Antropologie (în limba maghiară);Public;Acreditat;Antropologie;Sociologie;Științe Sociale și Psihologie;Examen;8;17
Facultatea de Sociologie şi Asistenţă Socială;Universitatea "Babeş-Bolyai" din Cluj-Napoca (UBB);Cluj-Napoca, Cluj;N/A;N/A;N/A;2.500 lei;Sociologie;Public;Acreditat;Sociologie;Sociologie;Științe Sociale și Psihologie;Dosar;0;0
Facultatea de Sociologie şi Asistenţă Socială;Universitatea "Babeş-Bolyai" din Cluj-Napoca (UBB);Cluj-Napoca, Cluj;N/A;N/A;N/A;2.500 lei;Resurse umane;Public;Acreditat;Resurse umane;Sociologie;Științe Sociale și Psihologie;Dosar;0;0
Facultatea de Istorie şi Filosofie;Universitatea "Babeş-Bolyai" din Cluj-Napoca (UBB);Cluj-Napoca, Cluj;N/A;N/A;N/A;2.600 lei;Relaţii internaţionale şi studii europene (în limba maghiară);Public;Acreditat;Relaţii internaţionale şi studii europene;Relații internaționale și studii europene;Științe Politice și Comunicare;Dosar;0;0
Facultatea de Istorie şi Filosofie;Universitatea "Babeş-Bolyai" din Cluj-Napoca (UBB);Cluj-Napoca, Cluj;N/A;N/A;N/A;2.600 lei;Turism cultural;Public;Autorizat;Turism cultural;Studii culturale;Științe Umaniste;Dosar;0;0
Facultatea de Istorie şi Filosofie;Universitatea "Babeş-Bolyai" din Cluj-Napoca (UBB);Cluj-Napoca, Cluj;N/A;N/A;N/A;2.600 lei;Istoria artei (în limba maghiară);Public;Acreditat;Istoria artei;Istorie;Științe Umaniste;Dosar;0;0
Facultatea de Istorie şi Filosofie;Universitatea "Babeş-Bolyai" din Cluj-Napoca (UBB);Cluj-Napoca, Cluj;N/A;N/A;N/A;2.600 lei;Arheologie;Public;Acreditat;Arheologie;Istorie;Științe Umaniste;Dosar;0;0
Facultatea de Ştiinţe Economice şi Gestiunea Afacerilor;Universitatea "Babeş-Bolyai" din Cluj-Napoca (UBB);Cluj-Napoca, Cluj;50;7.58;N/A;2.900 lei;Marketing (în limba maghiară);Public;Acreditat;Marketing;Marketing;Științe Economice;Dosar;24;26
Facultatea de Psihologie şi Ştiinţe ale Educaţiei;Universitatea "Babeş-Bolyai" din Cluj-Napoca (UBB);Cluj-Napoca, Cluj;N/A;N/A;N/A;2.900 lei;Psihopedagogie specială (în limba maghiară);Public;Acreditat;Psihopedagogie specială;Științe ale educației;Științe Politice și Comunicare;Examen;0;0
Facultatea de Ştiinţe Economice şi Gestiunea Afacerilor;Universitatea "Babeş-Bolyai" din Cluj-Napoca (UBB);Cluj-Napoca, Cluj;N/A;N/A;N/A;2.900 lei;Finanțe și bănci - învățământ la distanță;Public;Acreditat;Finanţe şi bănci;Finanţe;Științe Economice;Dosar;0;0
Facultatea de Ştiinţe Economice şi Gestiunea Afacerilor;Universitatea "Babeş-Bolyai" din Cluj-Napoca (UBB);Cluj-Napoca, Cluj;N/A;N/A;N/A;2.900 lei;Finanţe şi bănci (în limba engleză);Public;Acreditat;Finanţe şi bănci;Finanţe;Științe Economice;Dosar;0;0
Facultatea de Ştiinţe Economice şi Gestiunea Afacerilor;Universitatea "Babeş-Bolyai" din Cluj-Napoca (UBB);Cluj-Napoca, Cluj;N/A;N/A;N/A;2.900 lei;Management - învățământ la distanță în limba romană;Public;Acreditat;Management;Management;Științe Economice;Dosar;0;0
Facultatea de Ştiinţe Economice şi Gestiunea Afacerilor;Universitatea "Babeş-Bolyai" din Cluj-Napoca (UBB);Cluj-Napoca, Cluj;N/A;N/A;N/A;2.900 lei;Contabilitate şi informatică de gestiune (în limba engleză);Public;Autorizat;Contabilitate şi informatică de gestiune;Contabilitate;Științe Economice;Dosar;0;0
Facultatea de Ştiinţe Politice, Administrative şi ale Comunicării;Universitatea "Babeş-Bolyai" din Cluj-Napoca (UBB);Cluj-Napoca, Cluj;N/A;N/A;N/A;2.600 lei;Ştiinţe politice (în limba engleză);Public;Acreditat;Ştiinţe politice;Ştiinţe politice;Științe Politice și Comunicare;Examen;0;0
Facultatea de Ştiinţe Politice, Administrative şi ale Comunicării;Universitatea "Babeş-Bolyai" din Cluj-Napoca (UBB);Cluj-Napoca, Cluj;N/A;N/A;N/A;2.900 lei;Comunicare şi relaţii publice (în limba germană);Public;Acreditat;Comunicare şi relaţii publice;Ştiinţe ale comunicării;Științe Politice și Comunicare;Examen;0;0
Facultatea de Ştiinţe Economice şi Gestiunea Afacerilor;Universitatea "Babeş-Bolyai" din Cluj-Napoca (UBB);Cluj-Napoca, Cluj;N/A;N/A;N/A;3.400 lei;Informatică economică - maghiară;Public;Acreditat;Informatică economică;Informatică economică;Științe Economice;Dosar;0;0
Facultatea de Ştiinţe Economice şi Gestiunea Afacerilor;Universitatea "Babeş-Bolyai" din Cluj-Napoca (UBB);Cluj-Napoca, Cluj;N/A;N/A;N/A;2.900 lei;Economie Generală;Public;Acreditat;Economie generală;Economie;Științe Economice;Dosar;0;0
Facultatea de Educaţie Fizică şi Sport;Universitatea "Babeş-Bolyai" din Cluj-Napoca (UBB);Cluj-Napoca, Cluj;N/A;N/A;N/A;3.000 lei;Sport și performanță motrică;Public;Autorizat;Sport şi performanţă motrică;Educaţie fizică şi sport;Ştiinţa Sportului şi Educaţiei Fizice;Examen;0;0
Facultatea de Ştiinţe Politice, Administrative şi ale Comunicării;Universitatea "Babeş-Bolyai" din Cluj-Napoca (UBB);Cluj-Napoca, Cluj;N/A;N/A;N/A;3.000 lei;Jurnalism (în limba germană);Public;Acreditat;Jurnalism;Ştiinţe ale comunicării;Științe Politice și Comunicare;Examen;0;0
Facultatea de Educaţie Fizică şi Sport;Universitatea "Babeş-Bolyai" din Cluj-Napoca (UBB);Cluj-Napoca, Cluj;N/A;N/A;N/A;3.000 lei;Kinetoterapie şi motricitate specială (în limba maghiară);Public;Acreditat;Kinetoterapie şi motricitate specială;Kinetoterapie;Ştiinţa Sportului şi Educaţiei Fizice;Examen;0;0
Facultatea de Ştiinţe Politice, Administrative şi ale Comunicării;Universitatea "Babeş-Bolyai" din Cluj-Napoca (UBB);Cluj-Napoca, Cluj;N/A;N/A;N/A;4.300 lei;Servicii şi politici de sănătate publică (Public Health) (în limba engleză);Public;Autorizat;Servicii şi politici de sănătate publică (Public Health);Ştiinţe administrative;Științe Politice și Comunicare;Examen;0;0
Facultatea de Ştiinţe Politice, Administrative şi ale Comunicării;Universitatea "Babeş-Bolyai" din Cluj-Napoca (UBB);Cluj-Napoca, Cluj;N/A;N/A;N/A;3.000 lei;Administraţie publică (în limba maghiară, la Sfântu Gheorghe);Public;Acreditat;Administraţie publică;Ştiinţe administrative;Științe Politice și Comunicare;Examen;0;0
Facultatea de Istorie şi Filosofie;Universitatea "Babeş-Bolyai" din Cluj-Napoca (UBB);Cluj-Napoca, Cluj;N/A;N/A;N/A;2.600 lei;Studii de securitate (în limba engleză);Public;Autorizat;Studii de securitate;Ştiinţe politice;Științe Politice și Comunicare;Dosar;0;0
Facultatea de Psihologie şi Ştiinţe ale Educaţiei;Universitatea "Babeş-Bolyai" din Cluj-Napoca (UBB);Cluj-Napoca, Cluj;N/A;N/A;N/A;2.900 lei;Pedagogia învăţământului primar şi preşcolar (la Năsăud);Public;Acreditat;Pedagogia învăţământului primar şi preşcolar;Științe ale educației;Științe Politice și Comunicare;Examen;0;0
Facultatea de Ştiinţe Politice, Administrative şi ale Comunicării;Universitatea "Babeş-Bolyai" din Cluj-Napoca (UBB);Cluj-Napoca, Cluj;50;7.68;0.80;2.700 lei;Administraţie publică (la Satu Mare);Public;Acreditat;Administraţie publică;Ştiinţe administrative;Științe Politice și Comunicare;Dosar;18;32
Facultatea de Ştiinţe Politice, Administrative şi ale Comunicării;Universitatea "Babeş-Bolyai" din Cluj-Napoca (UBB);Cluj-Napoca, Cluj;N/A;N/A;N/A;2.700 lei;Administrație publică (ID);Public;Acreditat;Administraţie publică;Ştiinţe administrative;Științe Politice și Comunicare;Examen;0;0
Facultatea de Biologie şi Geologie;Universitatea "Babeş-Bolyai" din Cluj-Napoca (UBB);Cluj-Napoca, Cluj;25;8.80;0.64;2.000 lei;Biologie ambientală;Public;Acreditat;Biologie;Biologie;Științe ale Naturii;Examen;10;15
Facultatea de Sociologie şi Asistenţă Socială;Universitatea "Babeş-Bolyai" din Cluj-Napoca (UBB);Cluj-Napoca, Cluj;N/A;N/A;N/A;2.500 lei;Asistenţă socială;Public;Acreditat;Asistenţă socială;Asistenţă socială;Științe Sociale și Psihologie;Dosar;0;0
Facultatea de Psihologie şi Ştiinţe ale Educaţiei;Universitatea "Babeş-Bolyai" din Cluj-Napoca (UBB);Cluj-Napoca, Cluj;N/A;N/A;N/A;2.900 lei;Pedagogia învăţământului primar şi preşcolar;Public;Acreditat;Pedagogia învăţământului primar şi preşcolar;Științe ale educației;Științe Politice și Comunicare;Examen;0;0
Facultatea de Ştiinţe Economice şi Gestiunea Afacerilor;Universitatea "Babeş-Bolyai" din Cluj-Napoca (UBB);Cluj-Napoca, Cluj;N/A;N/A;N/A;2.900 lei;Economie şi afaceri internaţionale (în limba engleză);Public;Acreditat;Economie şi afaceri internaţionale;Economie şi afaceri internaţionale;Științe Economice;Dosar;0;0
Facultatea de Geografie;Universitatea "Babeş-Bolyai" din Cluj-Napoca (UBB);Cluj-Napoca, Cluj;396;N/A;N/A;2.800 lei;Geografia turismului;Public;Acreditat;Geografia turismului;Geografie;Științe ale Naturii;Dosar;111;285
Facultatea de Geografie;Universitatea "Babeş-Bolyai" din Cluj-Napoca (UBB);Cluj-Napoca, Cluj;50;N/A;N/A;2.800 lei;Hidrologie și Meteorologie;Public;Acreditat;Hidrologie şi meteorologie;Geografie;Științe ale Naturii;Dosar;19;31
Facultatea de Chimie şi Inginerie Chimică;Universitatea "Babeş-Bolyai" din Cluj-Napoca (UBB);Cluj-Napoca, Cluj;30;6.42;1.17;3.000 lei;Chimie alimentară şi tehnologii biochimice;Public;Acreditat;Chimie alimentară şi tehnologii biochimice;Inginerie chimică;Științe Inginerești;Examen;15;15
Facultatea de Litere;Universitatea "Babeş-Bolyai" din Cluj-Napoca (UBB);Cluj-Napoca, Cluj;N/A;N/A;N/A;3.000 lei;Literatură universală şi comparată - Limba și literatura română/ Limba și literatura maghiară/Limba şi literatura modernă(engleză, franceză, germană, italiană, spaniolă, rusă, ucraineană, norvegiană, finlandeză, japoneză, chineză, coreeană, ebraică)/Limba latină/Limba greacă veche;Public;Acreditat;Literatură universală şi comparată;Limbă şi literatură;Științe Umaniste;Dosar;0;0
Facultatea de Litere;Universitatea "Babeş-Bolyai" din Cluj-Napoca (UBB);Cluj-Napoca, Cluj;N/A;N/A;N/A;3.000 lei;Limba şi literatura ucraineană - Limba şi literatura română / maghiară / modernă (în limbile engleză, germană, franceză, rusă, italiană, spaniolă, ebraică, norvegiană, finlandeză, japoneză)//latină/greacă veche/Literatura universală şi comparată;Public;Acreditat;Limbă şi literatură;Limbă şi literatură;Științe Umaniste;Examen;0;0
Facultatea de Drept;Universitatea "Babeş-Bolyai" din Cluj-Napoca (UBB);Cluj-Napoca, Cluj;100;N/A;0.48;3.600 lei;Drept (ID);Public;Acreditat;Drept;Drept;Științe Juridice;Examen;0;100
Facultatea de Litere;Universitatea "Babeş-Bolyai" din Cluj-Napoca (UBB);Cluj-Napoca, Cluj;N/A;N/A;N/A;2.700 lei;Limba şi literatura chineză - Limba şi literatura română/maghiară/modernă/latină/greacă veche/ebraică/Literatura universală și comparată;Public;Acreditat;Limbă şi literatură;Limbă şi literatură;Științe Umaniste;Dosar;0;0
Facultatea de Litere;Universitatea "Babeş-Bolyai" din Cluj-Napoca (UBB);Cluj-Napoca, Cluj;N/A;N/A;N/A;3.000 lei;Limbi moderne aplicate;Public;Acreditat;Limbi moderne aplicate;Limbi moderne aplicate;Științe Umaniste;Dosar;0;0
Facultatea de Litere;Universitatea "Babeş-Bolyai" din Cluj-Napoca (UBB);Cluj-Napoca, Cluj;N/A;N/A;N/A;2.700 lei;Limba şi literatura finlandeză - Limba şi literatura română/Limba şi literatura maghiară/Limba şi literatura modernă (engleză, franceză, germană, italiană, spaniolă, rusă, norvegiană, japoneză, chineză, coreeană, ebraică)/Limba latină/Limba greacă veche/Literatura universală și comparată;Public;Acreditat;Limbă şi literatură;Limbă şi literatură;Științe Umaniste;Dosar;0;0
Facultatea de Studii Europene;Universitatea "Babeş-Bolyai" din Cluj-Napoca (UBB);Cluj-Napoca, Cluj;N/A;N/A;N/A;2.800 lei;Management;Public;Acreditat;Management;Management;Științe Economice;Examen;0;0
Facultatea de Business;Universitatea "Babeş-Bolyai" din Cluj-Napoca (UBB);Cluj-Napoca, Cluj;N/A;N/A;N/A;2.800 lei;Administrarea afacerilor (în limba engleză);Public;Acreditat;Administrarea afacerilor;Administrarea afacerilor;Științe Economice;Examen;0;0
Facultatea de Business;Universitatea "Babeş-Bolyai" din Cluj-Napoca (UBB);Cluj-Napoca, Cluj;N/A;N/A;N/A;2.800 lei;Administrarea afacerilor în servicii de ospitalitate - învățământ la distanță;Public;Acreditat;Administrarea afacerilor în servicii de ospitalitate;Administrarea afacerilor;Științe Economice;Examen;0;0
Facultatea de Istorie şi Filosofie;Universitatea "Babeş-Bolyai" din Cluj-Napoca (UBB);Cluj-Napoca, Cluj;N/A;N/A;N/A;2.600 lei;Arhivistică (în limba maghiară);Public;Acreditat;Arhivistică;Istorie;Științe Umaniste;Dosar;0;0
Facultatea de Istorie şi Filosofie;Universitatea "Babeş-Bolyai" din Cluj-Napoca (UBB);Cluj-Napoca, Cluj;N/A;N/A;N/A;2.600 lei;Studii de securitate;Public;Acreditat;Studii de securitate;Ştiinţe politice;Științe Politice și Comunicare;Dosar;0;0
Facultatea de Psihologie şi Ştiinţe ale Educaţiei;Universitatea "Babeş-Bolyai" din Cluj-Napoca (UBB);Cluj-Napoca, Cluj;N/A;N/A;N/A;3.400 lei;Psihologie (în limba maghiară);Public;Acreditat;Psihologie;Psihologie;Științe Sociale și Psihologie;Examen;0;0
Facultatea de Psihologie şi Ştiinţe ale Educaţiei;Universitatea "Babeş-Bolyai" din Cluj-Napoca (UBB);Cluj-Napoca, Cluj;N/A;N/A;N/A;2.900 lei;Pedagogie;Public;Acreditat;Pedagogie;Științe ale educației;Științe Politice și Comunicare;Examen;0;0
Facultatea de Ştiinţe Economice şi Gestiunea Afacerilor;Universitatea "Babeş-Bolyai" din Cluj-Napoca (UBB);Cluj-Napoca, Cluj;N/A;N/A;N/A;2.900 lei;Statistică şi previziune economică;Public;Acreditat;Statistică și previziune economică ;Cibernetică, statistică și informatică economică ;Științe Economice;Dosar;0;0
Facultatea de Ştiinţe Economice şi Gestiunea Afacerilor;Universitatea "Babeş-Bolyai" din Cluj-Napoca (UBB);Cluj-Napoca, Cluj;N/A;N/A;N/A;2.900 lei;Contabilitate şi informatică de gestiune;Public;Acreditat;Contabilitate şi informatică de gestiune;Contabilitate;Științe Economice;Dosar;0;0
Facultatea de Educaţie Fizică şi Sport;Universitatea "Babeş-Bolyai" din Cluj-Napoca (UBB);Cluj-Napoca, Cluj;N/A;N/A;N/A;3.000 lei;Educaţie fizică şi sportivă (în limba maghiară);Public;Acreditat;Educaţie fizică şi sportivă;Educaţie fizică şi sport;Ştiinţa Sportului şi Educaţiei Fizice;Examen;0;0
Facultatea de Ştiinţe Politice, Administrative şi ale Comunicării;Universitatea "Babeş-Bolyai" din Cluj-Napoca (UBB);Cluj-Napoca, Cluj;N/A;N/A;N/A;2.700 lei;Administraţie publică;Public;Acreditat;Administraţie publică;Ştiinţe administrative;Științe Politice și Comunicare;Examen;0;0
Facultatea de Educaţie Fizică şi Sport;Universitatea "Babeş-Bolyai" din Cluj-Napoca (UBB);Cluj-Napoca, Cluj;N/A;N/A;N/A;3.000 lei;Educaţie fizică şi sportivă;Public;Acreditat;Educaţie fizică şi sportivă;Educaţie fizică şi sport;Ştiinţa Sportului şi Educaţiei Fizice;Examen;0;0
Facultatea de Ştiinţe Politice, Administrative şi ale Comunicării;Universitatea "Babeş-Bolyai" din Cluj-Napoca (UBB);Cluj-Napoca, Cluj;N/A;N/A;N/A;2.800 lei;Comunicare și relații publice (ID);Public;Acreditat;Comunicare şi relaţii publice;Ştiinţe ale comunicării;Științe Politice și Comunicare;Examen;0;0
Facultatea de Teologie Greco-Catolică;Universitatea "Babeş-Bolyai" din Cluj-Napoca (UBB);Cluj-Napoca, Cluj;N/A;N/A;N/A;2.000 lei;Teologie greco-catolică pastorală (la Blaj);Public;Acreditat;Teologie pastorală;Teologie;Teologie;Examen;0;0
Facultatea de Biologie şi Geologie;Universitatea "Babeş-Bolyai" din Cluj-Napoca (UBB);Cluj-Napoca, Cluj;45;N/A;N/A;2.000 lei;Inginerie geologică;Public;Acreditat;Inginerie geologică;Inginerie geologică;Științe Inginerești;Dosar;19;26
Facultatea de Teatru şi Televiziune;Universitatea "Babeş-Bolyai" din Cluj-Napoca (UBB);Cluj-Napoca, Cluj;N/A;N/A;N/A;6.500 lei;Cinematografie, fotografie, media (Regie de film şi TV, Imagine film şi TV, Multimedia: sunet-montaj, Comunicare audiovizuală: scenaristică, publicitate, media) (în limba maghiară);Public;Acreditat;Cinematografie, fotografie, media;Cinematografie şi media;Arte, Arhitectură și Urbanism ;Examen;0;0
Facultatea de Teologie Ortodoxă;Universitatea "Babeş-Bolyai" din Cluj-Napoca (UBB);Cluj-Napoca, Cluj;N/A;N/A;N/A;2.500 lei;Teologie ortodoxă didactică;Public;Acreditat;Teologie didactică;Teologie;Teologie;Examen;0;0
Facultatea de Fizică;Universitatea "Babeş-Bolyai" din Cluj-Napoca (UBB);Cluj-Napoca, Cluj;20;N/A;N/A;2.000 lei;Fizică tehnologică;Public;Acreditat;Fizică tehnologică;Științe inginerești aplicate;Științe Inginerești;Examen;15;5
Facultatea de Teologie Reformată;Universitatea "Babeş-Bolyai" din Cluj-Napoca (UBB);Cluj-Napoca, Cluj;89;N/A;N/A;2.200 lei;Teologie reformată didactică (în limba maghiară);Public;Acreditat;Teologie didactică;Teologie;Teologie;Examen;24;65
Facultatea de Biologie şi Geologie;Universitatea "Babeş-Bolyai" din Cluj-Napoca (UBB);Cluj-Napoca, Cluj;45;7.80;0.67;2.000 lei;Biologie (în limba maghiară);Public;Acreditat;Biologie;Biologie;Științe ale Naturii;Examen;29;16
Facultatea de Business;Universitatea "Babeş-Bolyai" din Cluj-Napoca (UBB);Cluj-Napoca, Cluj;75;8.63;N/A;2.800 lei;Administrarea afacerilor ( la Bistrița);Public;Autorizat;Administrarea afacerilor;Administrarea afacerilor;Științe Economice;Dosar;5;70
Facultatea de Matematică şi Informatică;Universitatea "Babeş-Bolyai" din Cluj-Napoca (UBB);Cluj-Napoca, Cluj;50;N/A;N/A;250 lei;Matematică;Public;Acreditat;Matematică;Matematică;Științe Exacte;Examen;20;30
Facultatea de Fizică;Universitatea "Babeş-Bolyai" din Cluj-Napoca (UBB);Cluj-Napoca, Cluj;25;N/A;N/A;2.000 lei;Fizică (în limba maghiară);Public;Acreditat;Fizică;Fizică;Științe Exacte;Examen;5;20
Facultatea de Matematică şi Informatică;Universitatea "Babeş-Bolyai" din Cluj-Napoca (UBB);Cluj-Napoca, Cluj;25;N/A;N/A;250 lei;Matematică informatică (în limba maghiară);Public;Autorizat;Matematică informatică;Matematică;Științe Exacte;Examen;12;13
Facultatea de Matematică şi Informatică;Universitatea "Babeş-Bolyai" din Cluj-Napoca (UBB);Cluj-Napoca, Cluj;198;N/A;N/A;4.000 lei;Informatică (în limba engleză);Public;Acreditat;Informatică;Informatică;Științe Exacte;Examen;146;52
Facultatea de Ştiinţe Politice, Administrative şi ale Comunicării;Universitatea "Babeş-Bolyai" din Cluj-Napoca (UBB);Cluj-Napoca, Cluj;245;7.41;0.16;2.700 lei;Administraţie publică (la Bistriţa);Public;Acreditat;Administraţie publică;Ştiinţe administrative;Științe Politice și Comunicare;Dosar;70;175
Facultatea de Ştiinţe Politice, Administrative şi ale Comunicării;Universitatea "Babeş-Bolyai" din Cluj-Napoca (UBB);Cluj-Napoca, Cluj;30;6.55;0.77;2.700 lei;Administraţie publică (la Sfântu Gheorghe);Public;Autorizat;Administraţie publică;Ştiinţe administrative;Științe Politice și Comunicare;Dosar;14;16
Facultatea de Psihologie şi Ştiinţe ale Educaţiei;Universitatea "Babeş-Bolyai" din Cluj-Napoca (UBB);Cluj-Napoca, Cluj;N/A;N/A;N/A;2.900 lei;Pedagogia învăţământului primar şi preşcolar (în limba maghiară, la Satu Mare);Public;Autorizat;Pedagogia învăţământului primar şi preşcolar;Științe ale educației;Științe Politice și Comunicare;Examen;0;0
Facultatea de Teologie Ortodoxă;Universitatea "Babeş-Bolyai" din Cluj-Napoca (UBB);Cluj-Napoca, Cluj;N/A;N/A;N/A;2.500 lei;Artă sacră;Public;Acreditat;Artă sacră;Arte vizuale;Arte, Arhitectură și Urbanism ;Examen;0;0
Facultatea de Istorie şi Filosofie;Universitatea "Babeş-Bolyai" din Cluj-Napoca (UBB);Cluj-Napoca, Cluj;N/A;N/A;N/A;2.600 lei;Filosofie;Public;Acreditat;Filosofie;Filosofie;Științe Umaniste;Dosar;0;0
Facultatea de Ştiinţe Politice, Administrative şi ale Comunicării;Universitatea "Babeş-Bolyai" din Cluj-Napoca (UBB);Cluj-Napoca, Cluj;N/A;N/A;N/A;2.000 lei;Administrație publică (în limba maghiară);Public;Autorizat;Administraţie publică;Ştiinţe administrative;Științe Politice și Comunicare;Examen;0;0
Facultatea de Business;Universitatea "Babeş-Bolyai" din Cluj-Napoca (UBB);Cluj-Napoca, Cluj;N/A;N/A;N/A;2.800 lei;Administrarea Afacerilor;Public;Acreditat;Administrarea afacerilor;Administrarea afacerilor;Științe Economice;Examen;0;0
Facultatea de Istorie şi Filosofie;Universitatea "Babeş-Bolyai" din Cluj-Napoca (UBB);Cluj-Napoca, Cluj;N/A;N/A;N/A;2.600 lei;Istorie;Public;Acreditat;Istorie;Istorie;Științe Umaniste;Dosar;0;0
Facultatea de Drept;Universitatea "Babeş-Bolyai" din Cluj-Napoca (UBB);Cluj-Napoca, Cluj;487;N/A;N/A;3.600 lei;Drept;Public;Acreditat;Drept;Drept;Științe Juridice;Dosar;147;340
Facultatea de Teologie Greco-Catolică;Universitatea "Babeş-Bolyai" din Cluj-Napoca (UBB);Cluj-Napoca, Cluj;N/A;N/A;N/A;2.000 lei;Teologie greco-catolică pastorală (la Oradea);Public;Acreditat;Teologie pastorală;Teologie;Teologie;Examen;0;0
Facultatea de Psihologie şi Ştiinţe ale Educaţiei;Universitatea "Babeş-Bolyai" din Cluj-Napoca (UBB);Cluj-Napoca, Cluj;N/A;N/A;N/A;2.900 lei;Pedagogia învăţământului primar şi preşcolar (în limba maghiară);Public;Acreditat;Pedagogia învăţământului primar şi preşcolar;Științe ale educației;Științe Politice și Comunicare;Examen;0;0
Facultatea de Ştiinţa şi Ingineria Mediului;Universitatea "Babeş-Bolyai" din Cluj-Napoca (UBB);Cluj-Napoca, Cluj;40;N/A;N/A;2.500 lei;Ştiinţa mediului (în limba maghiară);Public;Acreditat;Ştiinţa mediului;Ştiinţa mediului;Științe ale Naturii;Dosar;7;33
Facultatea de Ştiinţa şi Ingineria Mediului;Universitatea "Babeş-Bolyai" din Cluj-Napoca (UBB);Cluj-Napoca, Cluj;40;N/A;N/A;2.500 lei;Ştiinţa mediului (în limba maghiară, la Sfântu Gheorghe);Public;Autorizat;Ştiinţa mediului;Ştiinţa mediului;Științe ale Naturii;Dosar;12;28
Facultatea de Psihologie si Stiinte ale Educatiei;Universitatea "Babeș Bolyai” Cluj Napoca (UBB) - extensia Târgu Mureș;Targu Mures, Mures;N/A;N/A;N/A;2.900 lei;Pedagogia învăţământului primar şi preşcolar (în limba maghiară, la Târgu Mureş) (ID);Public;Acreditat;Pedagogia învăţământului primar şi preşcolar;Științe ale educației;Științe Politice și Comunicare;Examen;0;0
Facultatea de Psihologie si Stiinte ale Educatiei;Universitatea "Babeș Bolyai” Cluj Napoca (UBB) - extensia Târgu Mureș;Targu Mures, Mures;N/A;N/A;N/A;2.900 lei;Pedagogia învățământului primar si prescolar (în limba maghiară);Public;Autorizat;Pedagogia învăţământului primar şi preşcolar;Științe ale educației;Științe Politice și Comunicare;Examen;0;0
Facultatea de Psihologie si Stiinte ale Educatiei;Universitatea "Babeș Bolyai” Cluj Napoca (UBB) - extensia Târgu Mureș;Targu Mures, Mures;N/A;N/A;N/A;2.900 lei;Pedagogia învățământului primar și preșcolar;Public;Acreditat;Pedagogia învăţământului primar şi preşcolar;Științe ale educației;Științe Politice și Comunicare;Examen;0;0
Facultatea de Psihologie si Stiinte ale Educatiei;Universitatea "Babeș Bolyai” Cluj Napoca (UBB) - extensia Târgu Mureș;Targu Mures, Mures;N/A;N/A;N/A;2.900 lei;Pedagogia învatamântului primar si prescolar (lD);Public;Acreditat;Pedagogia învăţământului primar şi preşcolar;Științe ale educației;Științe Politice și Comunicare;Examen;0;0
Facultatea de Ştiinţe Economice;Universitatea "Bogdan Vodă" din Cluj-Napoca;Cluj-Napoca, Cluj;N/A;N/A;N/A;2.240 lei;Economia comerţului, turismului şi serviciilor;Public;Autorizat;Economia comerţului, turismului şi serviciilor;Administrarea afacerilor;Științe Economice;Dosar;0;0
Facultatea de Educaţie Fizică şi Sport;Universitatea "Bogdan Vodă" din Cluj-Napoca;Cluj-Napoca, Cluj;N/A;N/A;N/A;600 lei;Educaţie fizică şi sportivă;Public;Acreditat;Educaţie fizică şi sportivă;Educaţie fizică şi sport;Ştiinţa Sportului şi Educaţiei Fizice;Dosar;0;0
Facultatea de Ştiinţe Economice;Universitatea "Bogdan Vodă" din Cluj-Napoca;Cluj-Napoca, Cluj;N/A;N/A;N/A;2.240 lei;Contabilitate şi informatică de gestiune;Public;Acreditat;Contabilitate şi informatică de gestiune;Contabilitate;Științe Economice;Dosar;0;0
Facultatea de Ştiinţe Economice;Universitatea "Bogdan Vodă" din Cluj-Napoca;Cluj-Napoca, Cluj;N/A;N/A;N/A;2.240 lei;Finanţe şi bănci;Public;Acreditat;Finanţe şi bănci;Finanţe;Științe Economice;Dosar;0;0
Facultatea de Ştiinţe Economice;Universitatea "Bogdan Vodă" din Cluj-Napoca;Cluj-Napoca, Cluj;N/A;N/A;N/A;2.240 lei;Management;Public;Acreditat;Management;Management;Științe Economice;Dosar;0;0
Facultatea de Drept;Universitatea "Bogdan Vodă" din Cluj-Napoca;Cluj-Napoca, Cluj;N/A;N/A;N/A;2.240 lei;Drept;Public;Autorizat;Drept;Drept;Științe Juridice;Dosar;0;0
Facultatea de Management, Marketing în Afaceri Economice;Universitatea "Constantin Brâncoveanu" din Piteşti;Pitesti, Arges;100;N/A;N/A;3.000 lei;Marketing;Public;Acreditat;Marketing;Marketing;Științe Economice;Dosar;0;100
Facultatea de Ştiinţe Juridice, Administrative şi ale Comunicării;Universitatea "Constantin Brâncoveanu" din Piteşti;Pitesti, Arges;100;N/A;N/A;N/A;Administraţie publică;Public;Acreditat;Administraţie publică;Ştiinţe administrative;Științe Politice și Comunicare;Dosar;0;100
Facultatea de Ştiinţe Juridice, Administrative şi ale Comunicării;Universitatea "Constantin Brâncoveanu" din Piteşti;Pitesti, Arges;N/A;N/A;N/A;3.000 lei;Comunicare şi relaţii publice;Public;Acreditat;Comunicare şi relaţii publice;Ştiinţe ale comunicării;Științe Politice și Comunicare;Dosar;0;0
Facultatea de Management, Marketing în Afaceri Economice;Universitatea "Constantin Brâncoveanu" din Piteşti;Pitesti, Arges;100;N/A;N/A;3.000 lei;Management;Public;Acreditat;Management;Management;Științe Economice;Dosar;0;100
Facultatea de Ştiinţe Juridice, Administrative şi ale Comunicării;Universitatea "Constantin Brâncoveanu" din Piteşti;Pitesti, Arges;60;N/A;N/A;N/A;Jurnalism;Public;Acreditat;Jurnalism;Ştiinţe ale comunicării;Științe Politice și Comunicare;Dosar;0;60
Facultatea de Finanţe - Contabilitate;Universitatea "Constantin Brâncoveanu" din Piteşti;Pitesti, Arges;100;N/A;N/A;3.000 lei;Contabilitate şi informatică de gestiune (IFR);Public;Acreditat;Contabilitate şi informatică de gestiune;Contabilitate;Științe Economice;Dosar;0;100
Facultatea de Finanţe - Contabilitate;Universitatea "Constantin Brâncoveanu" din Piteşti;Pitesti, Arges;150;N/A;N/A;3.000 lei;Finanţe şi bănci;Public;Acreditat;Finanţe şi bănci;Finanţe;Științe Economice;Dosar;0;150
Facultatea de Management, Marketing în Afaceri Economice;Universitatea "Constantin Brâncoveanu" din Piteşti;Pitesti, Arges;100;N/A;N/A;3.000 lei;Management (IFR);Public;Acreditat;Management;Management;Științe Economice;Dosar;0;100
Facultatea de Finanţe - Contabilitate;Universitatea "Constantin Brâncoveanu" din Piteşti;Pitesti, Arges;60;N/A;N/A;3.000 lei;Informatică economică;Public;Acreditat;Informatică economică;Informatică economică;Științe Economice;Dosar;0;60
Facultatea de Management, Marketing în Afaceri Economice;Universitatea "Constantin Brâncoveanu" din Piteşti;Pitesti, Arges;75;N/A;N/A;3.000 lei;Management (în limba engleză);Public;Autorizat;Management;Management;Științe Economice;Dosar;0;75
Facultatea de Ştiinţe Juridice, Administrative şi ale Comunicării;Universitatea "Constantin Brâncoveanu" din Piteşti;Pitesti, Arges;80;N/A;N/A;3.000 lei;Drept;Public;Acreditat;Drept;Drept;Științe Juridice;Dosar;0;80
Facultatea de Finanţe - Contabilitate;Universitatea "Constantin Brâncoveanu" din Piteşti;Pitesti, Arges;150;N/A;N/A;3.000 lei;Contabilitate şi informatică de gestiune;Public;Acreditat;Contabilitate şi informatică de gestiune;Contabilitate;Științe Economice;Dosar;0;150
Facultatea de Management, Marketing în Afaceri Economice din Brăila;Universitatea "Constantin Brâncoveanu" din Piteşti - extensia din Brăila;Braila, Braila;100;N/A;N/A;3.000 lei;Contabilitate şi informatică de gestiune (IFR);Public;Acreditat;Contabilitate şi informatică de gestiune;Contabilitate;Științe Economice;Dosar;0;100
Facultatea de Management, Marketing în Afaceri Economice din Brăila;Universitatea "Constantin Brâncoveanu" din Piteşti - extensia din Brăila;Braila, Braila;100;N/A;N/A;3.000 lei;Management;Public;Acreditat;Management;Management;Științe Economice;Dosar;0;100
Facultatea de Management, Marketing în Afaceri Economice din Brăila;Universitatea "Constantin Brâncoveanu" din Piteşti - extensia din Brăila;Braila, Braila;100;N/A;N/A;3.000 lei;Management (IFR);Public;Acreditat;Management;Management;Științe Economice;Dosar;0;100
Facultatea de Management, Marketing în Afaceri Economice din Brăila;Universitatea "Constantin Brâncoveanu" din Piteşti - extensia din Brăila;Braila, Braila;75;N/A;N/A;3.000 lei;Contabilitate şi informatică de gestiune;Public;Acreditat;Contabilitate şi informatică de gestiune;Contabilitate;Științe Economice;Dosar;0;75
Facultatea de Management, Marketing în Afaceri Economice din Brăila;Universitatea "Constantin Brâncoveanu" din Piteşti - extensia din Brăila;Braila, Braila;60;N/A;N/A;3.000 lei;Administraţie publică;Public;Acreditat;Administraţie publică;Ştiinţe administrative;Științe Politice și Comunicare;Dosar;0;60
Facultatea de Management, Marketing în Afaceri Economice din Brăila;Universitatea "Constantin Brâncoveanu" din Piteşti - extensia din Brăila;Braila, Braila;75;N/A;N/A;3.000 lei;Finanțe bănci;Public;Acreditat;Finanţe şi bănci;Finanţe;Științe Economice;Dosar;0;75
Facultatea De Management Marketing In Afaceri Economice;Universitatea "Constantin Brâncoveanu" din Pitești - extensia Râmnicu Vâlcea;Ramnicu Valcea, Valcea;100;N/A;N/A;3.000 lei;Contabilitate şi informatică de gestiune;Public;Acreditat;Contabilitate şi informatică de gestiune;Contabilitate;Științe Economice;Dosar;0;100
Facultatea De Management Marketing In Afaceri Economice;Universitatea "Constantin Brâncoveanu" din Pitești - extensia Râmnicu Vâlcea;Ramnicu Valcea, Valcea;100;N/A;N/A;3.000 lei;Management (IFR);Public;Acreditat;Management;Management;Științe Economice;Dosar;0;100
Facultatea De Management Marketing In Afaceri Economice;Universitatea "Constantin Brâncoveanu" din Pitești - extensia Râmnicu Vâlcea;Ramnicu Valcea, Valcea;60;N/A;N/A;3.000 lei;Administraţie publică;Public;Acreditat;Administraţie publică;Ştiinţe administrative;Științe Politice și Comunicare;Dosar;0;60
Facultatea De Management Marketing In Afaceri Economice;Universitatea "Constantin Brâncoveanu" din Pitești - extensia Râmnicu Vâlcea;Ramnicu Valcea, Valcea;100;N/A;N/A;3.000 lei;Finanţe şi Bănci;Public;Acreditat;Finanţe şi bănci;Finanţe;Științe Economice;Dosar;0;100
Facultatea De Management Marketing In Afaceri Economice;Universitatea "Constantin Brâncoveanu" din Pitești - extensia Râmnicu Vâlcea;Ramnicu Valcea, Valcea;90;N/A;N/A;3.000 lei;Management;Public;Acreditat;Management;Management;Științe Economice;Dosar;0;90
Facultatea De Management Marketing In Afaceri Economice;Universitatea "Constantin Brâncoveanu" din Pitești - extensia Râmnicu Vâlcea;Ramnicu Valcea, Valcea;100;N/A;N/A;3.000 lei;Contabilitate și informatică de gestiune (IFR);Public;Acreditat;Contabilitate şi informatică de gestiune;Contabilitate;Științe Economice;Dosar;0;100
Facultatea De Management Marketing In Afaceri Economice;Universitatea "Constantin Brâncoveanu" din Pitești - extensia Râmnicu Vâlcea;Ramnicu Valcea, Valcea;90;N/A;N/A;3.000 lei;Economia comerţului, turismului şi serviciilor;Public;Acreditat;Economia comerţului, turismului şi serviciilor;Administrarea afacerilor;Științe Economice;Dosar;0;90
Facultatea de Ştiinţe Economice;Universitatea "Constantin Brâncuşi" din Târgu Jiu;Targu Jiu, Gorj;50;5.94;N/A;2.600 lei;Finanţe şi bănci;Public;Acreditat;Finanţe şi bănci;Finanţe;Științe Economice;Dosar;23;27
Facultatea de Științe ale Educației, Drept și Administrație Publică;Universitatea "Constantin Brâncuşi" din Târgu Jiu;Targu Jiu, Gorj;30;5.84;0.17;2.700 lei;Istorie;Public;Acreditat;Istorie;Istorie;Științe Umaniste;Dosar;5;25
Facultatea de Științe ale Educației, Drept și Administrație Publică;Universitatea "Constantin Brâncuşi" din Târgu Jiu;Targu Jiu, Gorj;50;7.23;0.66;2.700 lei;Administraţie publică;Public;Acreditat;Administraţie publică;Ştiinţe administrative;Științe Politice și Comunicare;Dosar;29;21
Facultatea de Ştiinţe Economice;Universitatea "Constantin Brâncuşi" din Târgu Jiu;Targu Jiu, Gorj;50;7.26;N/A;2.600 lei;Management;Public;Acreditat;Management;Management;Științe Economice;Dosar;24;26
Facultatea de Științe ale Educației, Drept și Administrație Publică;Universitatea "Constantin Brâncuşi" din Târgu Jiu;Targu Jiu, Gorj;50;6.10;0.40;2.700 lei;Relaţii internaţionale şi studii europene;Public;Acreditat;Relaţii internaţionale şi studii europene;Relații internaționale și studii europene;Științe Politice și Comunicare;Dosar;25;25
Facultatea de Științe Medicale și Comportamentale;Universitatea "Constantin Brâncuşi" din Târgu Jiu;Targu Jiu, Gorj;30;9.39;0.97;5.000 lei;Asistență medicală generală;Public;Acreditat;Asistență medicală generală;Sănătate;Medicină;Examen;12;18
Facultatea de Științe Medicale și Comportamentale;Universitatea "Constantin Brâncuşi" din Târgu Jiu;Targu Jiu, Gorj;60;6.98;0.63;3.000 lei;Educaţie fizică şi sportivă;Public;Acreditat;Educaţie fizică şi sportivă;Educaţie fizică şi sport;Ştiinţa Sportului şi Educaţiei Fizice;Examen;17;43
Facultatea de Științe ale Educației, Drept și Administrație Publică;Universitatea "Constantin Brâncuşi" din Târgu Jiu;Targu Jiu, Gorj;50;8.28;1.00;2.700 lei;Pedagogia învățământului primar și preșcolar;Public;Acreditat;Pedagogia învăţământului primar şi preşcolar;Științe ale educației;Științe Politice și Comunicare;Dosar;18;32
Facultatea de Științe ale Educației, Drept și Administrație Publică;Universitatea "Constantin Brâncuşi" din Târgu Jiu;Targu Jiu, Gorj;50;6.98;0.50;2.700 lei;Limba și literatura engleză - Limba și literatura română;Public;Acreditat;Limbă şi literatură;Limbă şi literatură;Științe Umaniste;Dosar;21;29
Facultatea de Științe Medicale și Comportamentale;Universitatea "Constantin Brâncuşi" din Târgu Jiu;Targu Jiu, Gorj;30;7.80;0.93;3.000 lei;Kinetoterapie şi motricitate specială;Public;Acreditat;Kinetoterapie şi motricitate specială;Kinetoterapie;Ştiinţa Sportului şi Educaţiei Fizice;Examen;11;19
Facultatea de Ştiinţe Economice;Universitatea "Constantin Brâncuşi" din Târgu Jiu;Targu Jiu, Gorj;50;6.24;N/A;2.700 lei;Economia comerţului, turismului şi serviciilor;Public;Acreditat;Economia comerţului, turismului şi serviciilor;Administrarea afacerilor;Științe Economice;Dosar;25;25
Facultatea de Ştiinţe Economice;Universitatea "Constantin Brâncuşi" din Târgu Jiu;Targu Jiu, Gorj;50;5.82;0.46;2.600 lei;Informatica economica;Public;Acreditat;Informatică economică;Cibernetică, statistică și informatică economică ;Științe Economice;Dosar;24;26
Facultatea de Științe Medicale și Comportamentale;Universitatea "Constantin Brâncuşi" din Târgu Jiu;Targu Jiu, Gorj;30;7.61;0.70;3.500 lei;Asistenţă de farmacie;Public;Acreditat;Asistenţă de farmacie;Sănătate;Medicină;Examen;10;20
Facultatea de Ştiinţe Economice;Universitatea "Constantin Brâncuşi" din Târgu Jiu;Targu Jiu, Gorj;50;6.24;N/A;2.600 lei;Contabilitate şi informatică de gestiune;Public;Acreditat;Contabilitate şi informatică de gestiune;Contabilitate;Științe Economice;Dosar;23;27
Facultatea de Ştiinţe Juridice;Universitatea "Constantin Brâncuşi" din Târgu Jiu;Targu Jiu, Gorj;110;8.21;N/A;2.700 lei;Drept;Public;Acreditat;Drept;Drept;Științe Juridice;Dosar;30;80
Facultatea de Drept;Universitatea "Danubius" din Galaţi;Galati, Galati;375;N/A;N/A;3.800 lei;Drept;Public;Acreditat;Drept;Drept;Științe Juridice;Examen;175;200
Facultatea de Comunicare şi Relaţii Internaționale;Universitatea "Danubius" din Galaţi;Galati, Galati;125;N/A;N/A;3.800 lei;Comunicare şi relaţii publice;Public;Acreditat;Comunicare şi relaţii publice;Ştiinţe ale comunicării;Științe Politice și Comunicare;Dosar;50;75
Facultatea de Ştiinţe Economice;Universitatea "Danubius" din Galaţi;Galati, Galati;60;N/A;N/A;3.800 lei;Economia comerțului, turismului și serviciilor;Public;Acreditat;Economia comerţului, turismului şi serviciilor;Administrarea afacerilor;Științe Economice;Dosar;0;60
Facultatea de Comunicare şi Relaţii Internaționale;Universitatea "Danubius" din Galaţi;Galati, Galati;N/A;N/A;N/A;2.600 lei;Asistenţă managerială şi secretariat;Public;Autorizat;Asistenţă managerială şi secretariat;Ştiinţe administrative;Științe Politice și Comunicare;Dosar;0;0
Facultatea de Ştiinţe Economice;Universitatea "Danubius" din Galaţi;Galati, Galati;N/A;N/A;N/A;2.600 lei;Finanţe şi bănci;Public;Autorizat;Finanţe şi bănci;Finanţe;Științe Economice;Dosar;0;0
Facultatea de Ştiinţe Economice;Universitatea "Danubius" din Galaţi;Galati, Galati;50;N/A;N/A;3.800 lei;Economia comerţului, turismului şi serviciilor (în limba engleză);Public;Autorizat;Economia comerţului, turismului şi serviciilor;Administrarea afacerilor;Științe Economice;Dosar;50;0
Facultatea de Comunicare şi Relaţii Internaționale;Universitatea "Danubius" din Galaţi;Galati, Galati;100;N/A;N/A;3.800 lei;Relaţii internaţionale şi studii europene;Public;Acreditat;Relaţii internaţionale şi studii europene;Relații internaționale și studii europene;Științe Politice și Comunicare;Dosar;50;50
Facultatea de Ştiinţe Economice;Universitatea "Danubius" din Galaţi;Galati, Galati;125;N/A;N/A;3.800 lei;Contabilitate şi informatică de gestiune;Public;Autorizat;Contabilitate şi informatică de gestiune;Contabilitate;Științe Economice;Dosar;50;75
Facultatea de Psihologie şi Ştiinţe ale Educaţiei;Universitatea "Dimitrie Cantemir" din Târgu Mureş;Targu Mures, Mures;N/A;N/A;N/A;2.700 lei;Psihologie;Public;Acreditat;Psihologie;Psihologie;Științe Sociale și Psihologie;Dosar;0;0
Facultatea de Drept;Universitatea "Dimitrie Cantemir" din Târgu Mureş;Targu Mures, Mures;N/A;N/A;N/A;2.700 lei;Drept;Public;Acreditat;Drept;Drept;Științe Juridice;Dosar;0;0
Facultatea de Ştiinţe Economice;Universitatea "Dimitrie Cantemir" din Târgu Mureş;Targu Mures, Mures;N/A;N/A;N/A;2.700 lei;Finanţe şi bănci;Public;Acreditat;Finanţe şi bănci;Finanţe;Științe Economice;Dosar;0;0
Facultatea de Ştiinţe Economice;Universitatea "Dimitrie Cantemir" din Târgu Mureş;Targu Mures, Mures;N/A;N/A;N/A;2.400 lei;Economia comerţului, turismului şi serviciilor (în limba engleză);Public;Autorizat;Economia comerţului, turismului şi serviciilor;Administrarea afacerilor;Științe Economice;Dosar;0;0
Facultatea de Geografie;Universitatea "Dimitrie Cantemir" din Târgu Mureş;Targu Mures, Mures;N/A;N/A;N/A;2.700 lei;Geografia turismului;Public;Acreditat;Geografia turismului;Geografie;Științe ale Naturii;Dosar;0;0
Facultatea de Ştiinţe Economice;Universitatea "Dimitrie Cantemir" din Târgu Mureş;Targu Mures, Mures;N/A;N/A;N/A;2.400 lei;Contabilitate şi informatică de gestiune;Public;Autorizat;Contabilitate şi informatică de gestiune;Contabilitate;Științe Economice;Dosar;0;0
Facultatea de Ştiinţe Economice;Universitatea "Dimitrie Cantemir" din Târgu Mureş;Targu Mures, Mures;N/A;N/A;N/A;2.700 lei;Economia comerţului, turismului şi serviciilor;Public;Acreditat;Economia comerţului, turismului şi serviciilor;Administrarea afacerilor;Științe Economice;Dosar;0;0
Facultatea Transfrontalieră de Ştiinţe Umaniste, Economice şi Inginereşti;Universitatea "Dunărea de Jos" din Galaţi;Galati, Galati;N/A;N/A;N/A;3.000 lei;Ingineria procesării materialelor (la Cahul);Public;Autorizat;Ingineria procesării materialelor;Ingineria materialelor;Științe Inginerești;Examen;0;0
Facultatea Transfrontalieră de Ştiinţe Umaniste, Economice şi Inginereşti;Universitatea "Dunărea de Jos" din Galaţi;Galati, Galati;N/A;N/A;N/A;3.200 lei;Electromecanică (la Cahul);Public;Acreditat;Electromecanică;Inginerie electrică;Științe Inginerești;Examen;0;0
Facultatea de Inginerie;Universitatea "Dunărea de Jos" din Galaţi;Galati, Galati;59;N/A;N/A;3.000 lei;Sisteme şi echipamente termice;Public;Acreditat;Sisteme şi echipamente termice;Ingineria sistemelor și inginerie mecanică;Științe Inginerești;Dosar;20;39
Facultatea de Inginerie;Universitatea "Dunărea de Jos" din Galaţi;Galati, Galati;35;N/A;N/A;3.000 lei;Autovehicule rutiere;Public;Autorizat;Autovehicule rutiere;Ingineria autovehiculelor;Științe Inginerești;Dosar;30;5
Facultatea de Automatică, Calculatoare, Inginerie Electrică şi Electronică;Universitatea "Dunărea de Jos" din Galaţi;Galati, Galati;86;N/A;N/A;3.200 lei;Calculatoare;Public;Acreditat;Calculatoare;Calculatoare și tehnologia informației;Științe Inginerești;Examen;72;14
Facultatea de Ştiinţa şi Ingineria Alimentelor;Universitatea "Dunărea de Jos" din Galaţi;Galati, Galati;196;N/A;N/A;3.200 lei;Tehnologie si control în alimentatie publica;Public;Autorizat;Controlul şi expertiza produselor alimentare;Ingineria produselor alimentare;Științe Agricole;Dosar;40;156
Facultatea de Inginerie şi Agronomie din Brăila;Universitatea "Dunărea de Jos" din Galaţi;Braila, Braila;96;N/A;N/A;3.200 lei;Utilaje tehnologice pentru construcţii;Public;Acreditat;Utilaje tehnologice pentru construcţii;Ingineria sistemelor și inginerie mecanică;Științe Inginerești;Dosar;40;56
Facultatea de Litere;Universitatea "Dunărea de Jos" din Galaţi;Galati, Galati;98;N/A;N/A;2.700 lei;Limba şi literatura engleză - Limba şi literatura franceză;Public;Acreditat;Limbă şi literatură;Limbă şi literatură;Științe Umaniste;Dosar;20;78
Facultatea de Istorie, Filosofie şi Teologie;Universitatea "Dunărea de Jos" din Galaţi;Galati, Galati;35;N/A;N/A;2.700 lei;Filosofie;Public;Acreditat;Filosofie;Filosofie;Științe Umaniste;Dosar;18;17
Facultatea de Economie și Administrarea Afacerilor;Universitatea "Dunărea de Jos" din Galaţi;Galati, Galati;60;N/A;N/A;3.000 lei;Management;Public;Acreditat;Management;Management;Științe Economice;Dosar;21;39
Facultatea Transfrontalieră de Ştiinţe Umaniste, Economice şi Inginereşti;Universitatea "Dunărea de Jos" din Galaţi;Galati, Galati;N/A;N/A;N/A;3.000 lei;Limbi moderne aplicate (la Cahul);Public;Acreditat;Limbi moderne aplicate;Limbi moderne aplicate;Științe Umaniste;Dosar;0;0
Facultatea de Inginerie;Universitatea "Dunărea de Jos" din Galaţi;Galati, Galati;45;N/A;N/A;3.000 lei;Ingineria şi protecţia mediului în industrie;Public;Acreditat;Ingineria şi protecţia mediului în industrie;Ingineria mediului;Științe Inginerești;Examen;27;18
Facultatea de Arhitectură Navală;Universitatea "Dunărea de Jos" din Galaţi;Galati, Galati;5;N/A;N/A;N/A;Arhitectură Navală;Public;Acreditat;Arhitectură navală;Arhitectură navală;Științe Inginerești;Examen;5;0
Facultatea de Inginerie;Universitatea "Dunărea de Jos" din Galaţi;Galati, Galati;81;N/A;N/A;3.000 lei;Ingineria sudării;Public;Acreditat;Ingineria sudării;Inginerie industrială;Științe Inginerești;Examen;27;54
Facultatea Transfrontalieră de Ştiinţe Umaniste, Economice şi Inginereşti;Universitatea "Dunărea de Jos" din Galaţi;Galati, Galati;N/A;N/A;N/A;2.700 lei;Afaceri internaţionale (la Cahul);Public;Autorizat;Afaceri internaţionale;Economie şi afaceri internaţionale;Științe Economice;Examen;0;0
Facultatea de Inginerie;Universitatea "Dunărea de Jos" din Galaţi;Galati, Galati;110;N/A;N/A;3.000 lei;Ştiinţa materialelor;Public;Acreditat;Ştiinţa materialelor;Ingineria materialelor;Științe Inginerești;Dosar;20;90
Facultatea de Arhitectură Navală;Universitatea "Dunărea de Jos" din Galaţi;Galati, Galati;90;N/A;N/A;3.200 lei;Sisteme și Echipamente Navale;Public;Acreditat;Sisteme şi echipamente navale;Arhitectură navală;Științe Inginerești;Dosar;85;5
Facultatea de Ştiinţa şi Ingineria Alimentelor;Universitatea "Dunărea de Jos" din Galaţi;Galati, Galati;N/A;N/A;N/A;3.200 lei;Biotehnologii pentru industria alimentară;Public;Acreditat;Biotehnologii pentru industria alimentară;Biotehnologii;Științe Agricole;Dosar;0;0
Facultatea de Ştiinţa şi Ingineria Alimentelor;Universitatea "Dunărea de Jos" din Galaţi;Galati, Galati;196;N/A;N/A;3.200 lei;Ingineria produselor alimentare;Public;Acreditat;Ingineria produselor alimentare;Ingineria produselor alimentare;Științe Agricole;Dosar;40;156
Facultatea de Ştiinţe și Mediu;Universitatea "Dunărea de Jos" din Galaţi;Galati, Galati;45;N/A;N/A;3.000 lei;Știința Mediului;Public;Acreditat;Ştiinţa mediului;Ştiinţa mediului;Științe ale Naturii;Dosar;15;30
Facultatea de Medicină şi Farmacie;Universitatea "Dunărea de Jos" din Galaţi;Galati, Galati;45;N/A;N/A;6.500 lei;Medicină dentară;Public;Autorizat;Medicină dentară ;Medicină dentară;Medicină;Examen;30;15
Facultatea de Inginerie şi Agronomie din Brăila;Universitatea "Dunărea de Jos" din Galaţi;Braila, Braila;96;N/A;N/A;3.200 lei;Maşini şi Instalaţii pentru Agricultură şi Industria Alimentară;Public;Acreditat;Maşini şi instalaţii pentru agricultură şi industrie alimentară;Ingineria sistemelor și inginerie mecanică;Științe Inginerești;Dosar;40;56
Facultatea de Litere;Universitatea "Dunărea de Jos" din Galaţi;Galati, Galati;110;N/A;N/A;2.700 lei;Limba şi literatura franceză - Limba şi literatura română;Public;Autorizat;Limbă şi literatură;Limbă şi literatură;Științe Umaniste;Dosar;20;90
Facultatea de Arte;Universitatea "Dunărea de Jos" din Galaţi;Galati, Galati;24;N/A;N/A;2.700 lei;Artele spectacolului (actorie);Public;Acreditat;Artele spectacolului;Teatru şi artele spectacolului;Arte, Arhitectură și Urbanism ;Examen;10;14
Facultatea de Științe Juridice, Sociale și Politice;Universitatea "Dunărea de Jos" din Galaţi;Galati, Galati;122;N/A;N/A;27 lei;Drept;Public;Acreditat;Drept;Drept;Științe Juridice;Dosar;55;67
Facultatea de Economie și Administrarea Afacerilor;Universitatea "Dunărea de Jos" din Galaţi;Galati, Galati;50;N/A;N/A;3.000 lei;Administrarea afacerilor în alimentatia publica;Public;Autorizat;Administrarea afacerilor în servicii de ospitalitate;Administrarea afacerilor;Științe Economice;Dosar;21;29
Facultatea de Economie și Administrarea Afacerilor;Universitatea "Dunărea de Jos" din Galaţi;Galati, Galati;59;N/A;N/A;3.000 lei;Economia Comerţului, Turismului şi Serviciilor;Public;Acreditat;Economia comerţului, turismului şi serviciilor;Administrarea afacerilor;Științe Economice;Dosar;21;38
Facultatea Transfrontalieră de Ştiinţe Umaniste, Economice şi Inginereşti;Universitatea "Dunărea de Jos" din Galaţi;Galati, Galati;N/A;N/A;N/A;3.000 lei;Piscicultură şi acvacultură (la Cahul);Public;Autorizat;Piscicultură şi acvacultură;Zootehnie;Științe Agricole;Dosar;0;0
Facultatea de Educaţie Fizică și Sport;Universitatea "Dunărea de Jos" din Galaţi;Galati, Galati;100;N/A;N/A;3.200 lei;Pedagogia învăţământului primar şi preşcolar;Public;Autorizat;Pedagogia învăţământului primar şi preşcolar;Științe ale educației;Științe Politice și Comunicare;Examen;36;64
Facultatea de Inginerie;Universitatea "Dunărea de Jos" din Galaţi;Galati, Galati;52;N/A;N/A;3.000 lei;Mecatronică;Public;Acreditat;Mecatronică;Mecatronică și robotică;Științe Inginerești;Examen;27;25
Facultatea de Inginerie;Universitatea "Dunărea de Jos" din Galaţi;Galati, Galati;49;N/A;N/A;3.000 lei;Tehnologia construcţiilor de maşini;Public;Acreditat;Tehnologia construcţiilor de maşini;Inginerie industrială;Științe Inginerești;Dosar;20;29
Facultatea de Automatică, Calculatoare, Inginerie Electrică şi Electronică;Universitatea "Dunărea de Jos" din Galaţi;Galati, Galati;60;N/A;N/A;3.200 lei;Electronică de Putere şi Acţionări Electrice;Public;Acreditat;Electronică de putere şi acţionări electrice;Inginerie electrică;Științe Inginerești;Dosar;40;20
Facultatea de Automatică, Calculatoare, Inginerie Electrică şi Electronică;Universitatea "Dunărea de Jos" din Galaţi;Galati, Galati;30;N/A;N/A;3.000 lei;Inginerie electrică și calculatoare;Public;Autorizat;Inginerie electrică şi calculatoare;Inginerie electrică;Științe Inginerești;Dosar;28;2
Facultatea de Medicină şi Farmacie;Universitatea "Dunărea de Jos" din Galaţi;Galati, Galati;125;N/A;N/A;3.500 lei;Asistenţă medicală generală;Public;Acreditat;Asistenţă medicală generală;Medicină;Medicină;Examen;90;35
Facultatea de Inginerie şi Agronomie din Brăila;Universitatea "Dunărea de Jos" din Galaţi;Braila, Braila;96;N/A;N/A;3.200 lei;Ingineria şi managementul resurselor tehnologice în construcţii;Public;Acreditat;Ingineria şi managementul resurselor tehnologice în construcţii;Ingineria sistemelor și inginerie mecanică;Științe Inginerești;Dosar;40;56
Facultatea de Litere;Universitatea "Dunărea de Jos" din Galaţi;Galati, Galati;150;N/A;N/A;N/A;Limba si literatura româna - Limba si literatura engleză;Public;Acreditat;Limba şi literatura română;Limbă şi literatură;Științe Umaniste;Dosar;40;110
Facultatea de Litere;Universitatea "Dunărea de Jos" din Galaţi;Galati, Galati;150;N/A;N/A;2.700 lei;Limba şi literatura engleză - Limba şi literatura română;Public;Autorizat;Limbă şi literatură;Limbă şi literatură;Științe Umaniste;Dosar;40;110
Facultatea de Istorie, Filosofie şi Teologie;Universitatea "Dunărea de Jos" din Galaţi;Galati, Galati;100;N/A;N/A;2.700 lei;Sociologie;Public;Acreditat;Sociologie;Sociologie;Științe Sociale și Psihologie;Dosar;18;82
Facultatea de Arte;Universitatea "Dunărea de Jos" din Galaţi;Galati, Galati;29;N/A;N/A;2.700 lei;Arte plastice (pictură);Public;Acreditat;Arte plastice;Arte vizuale;Arte, Arhitectură și Urbanism ;Examen;10;19
Facultatea de Științe Juridice, Sociale și Politice;Universitatea "Dunărea de Jos" din Galaţi;Galati, Galati;122;N/A;N/A;2.700 lei;Administraţie publică;Public;Acreditat;Administraţie publică;Ştiinţe administrative;Științe Politice și Comunicare;Dosar;55;67
Facultatea de Economie și Administrarea Afacerilor;Universitatea "Dunărea de Jos" din Galaţi;Galati, Galati;59;N/A;N/A;3.000 lei;Finanţe şi Bănci;Public;Acreditat;Finanţe şi bănci;Finanţe;Științe Economice;Dosar;21;38
Facultatea de Inginerie;Universitatea "Dunărea de Jos" din Galaţi;Galati, Galati;110;N/A;N/A;3.000 lei;Informatică aplicată în ingineria materialelor;Public;Autorizat;Informatică aplicată în ingineria materialelor ;Ingineria materialelor;Științe Inginerești;Dosar;20;90
Facultatea de Inginerie;Universitatea "Dunărea de Jos" din Galaţi;Galati, Galati;43;N/A;N/A;3.000 lei;Inginerie economică industrială;Public;Acreditat;Inginerie economică industrială;Inginerie și management;Științe Inginerești;Dosar;20;23
Facultatea de Inginerie;Universitatea "Dunărea de Jos" din Galaţi;Galati, Galati;59;N/A;N/A;3.000 lei;Inginerie mecanică;Public;Acreditat;Inginerie mecanică;Ingineria sistemelor și inginerie mecanică;Științe Inginerești;Dosar;20;39
Facultatea de Automatică, Calculatoare, Inginerie Electrică şi Electronică;Universitatea "Dunărea de Jos" din Galaţi;Galati, Galati;45;N/A;N/A;3.200 lei;Electronică aplicată;Public;Acreditat;Electronică aplicată;Inginerie electronică, telecomunicații și tehnologii informaționale;Științe Inginerești;Dosar;30;15
Facultatea de Ştiinţa şi Ingineria Alimentelor;Universitatea "Dunărea de Jos" din Galaţi;Galati, Galati;196;N/A;N/A;3.200 lei;Controlul și expertiza produselor alimentare;Public;Acreditat;Controlul şi expertiza produselor alimentare;Ingineria produselor alimentare;Științe Agricole;Dosar;40;156
Facultatea de Automatică, Calculatoare, Inginerie Electrică şi Electronică;Universitatea "Dunărea de Jos" din Galaţi;Galati, Galati;60;N/A;N/A;3.200 lei;Electromecanică;Public;Acreditat;Electromecanică;Inginerie electrică;Științe Inginerești;Dosar;40;20
Facultatea de Medicină şi Farmacie;Universitatea "Dunărea de Jos" din Galaţi;Galati, Galati;75;N/A;N/A;6.500 lei;Medicină;Public;Acreditat;Medicină;Medicină;Medicină;Dosar;65;10
Facultatea de Ştiinţa şi Ingineria Alimentelor;Universitatea "Dunărea de Jos" din Galaţi;Galati, Galati;50;N/A;N/A;3.200 lei;Ecologie şi protecţia mediului;Public;Acreditat;Ecologie şi protecţia mediului;Ştiinţa mediului;Științe ale Naturii;Dosar;20;30
Facultatea de Litere;Universitatea "Dunărea de Jos" din Galaţi;Galati, Galati;150;N/A;N/A;3.000 lei;Limba şi literatura română - Limba şi literatura engleză (ID);Public;Acreditat;Limba şi literatura română;Limbă şi literatură;Științe Umaniste;Dosar;40;110
Facultatea de Litere;Universitatea "Dunărea de Jos" din Galaţi;Galati, Galati;108;N/A;N/A;2.700 lei;Limba şi literatura franceză - Limba şi literatura engleză;Public;Autorizat;Limbă şi literatură;Limbă şi literatură;Științe Umaniste;Dosar;30;78
Facultatea de Litere;Universitatea "Dunărea de Jos" din Galaţi;Galati, Galati;98;N/A;N/A;2.700 lei;Limbi moderne aplicate (engleză - franceză);Public;Acreditat;Limbi moderne aplicate;Limbi moderne aplicate;Științe Umaniste;Dosar;20;78
Facultatea de Istorie, Filosofie şi Teologie;Universitatea "Dunărea de Jos" din Galaţi;Galati, Galati;69;N/A;N/A;2.700 lei;Istorie;Public;Acreditat;Istorie;Istorie;Științe Umaniste;Dosar;18;51
Facultatea de Litere;Universitatea "Dunărea de Jos" din Galaţi;Galati, Galati;56;N/A;N/A;2.700 lei;Jurnalism;Public;Acreditat;Jurnalism;Ştiinţe ale comunicării;Științe Politice și Comunicare;Dosar;18;38
Facultatea de Istorie, Filosofie şi Teologie;Universitatea "Dunărea de Jos" din Galaţi;Galati, Galati;100;N/A;N/A;2.700 lei;Resurse umane;Public;Autorizat;Resurse umane;Sociologie;Științe Sociale și Psihologie;Dosar;18;82
Facultatea de Istorie, Filosofie şi Teologie;Universitatea "Dunărea de Jos" din Galaţi;Galati, Galati;47;N/A;N/A;2.700 lei;Relații Internaționale și Studii Europene;Public;Autorizat;Relaţii internaţionale şi studii europene;Relații internaționale și studii europene;Științe Politice și Comunicare;Dosar;18;29
Facultatea de Istorie, Filosofie şi Teologie;Universitatea "Dunărea de Jos" din Galaţi;Galati, Galati;50;N/A;N/A;2.700 lei;Teologie ortodoxă didactică;Public;Acreditat;Teologie didactică;Teologie;Teologie;Dosar;18;32
Facultatea de Economie și Administrarea Afacerilor;Universitatea "Dunărea de Jos" din Galaţi;Galati, Galati;58;N/A;N/A;3.000 lei;Afaceri Internaţionale;Public;Acreditat;Afaceri internaţionale;Economie şi afaceri internaţionale;Științe Economice;Dosar;21;37
Facultatea de Educaţie Fizică și Sport;Universitatea "Dunărea de Jos" din Galaţi;Galati, Galati;128;N/A;N/A;N/A;Educaţie fizică şi sportivă;Public;Acreditat;Educaţie fizică şi sportivă;Educaţie fizică şi sport;Ştiinţa Sportului şi Educaţiei Fizice;Dosar;36;92
Facultatea de Automatică, Calculatoare, Inginerie Electrică şi Electronică;Universitatea "Dunărea de Jos" din Galaţi;Galati, Galati;50;N/A;N/A;3.000 lei;Automatică şi informatică aplicată;Public;Acreditat;Automatică şi informatică aplicată;Ingineria sistemelor și inginerie mecanică;Științe Inginerești;Dosar;40;10
Facultatea de Inginerie şi Agronomie din Brăila;Universitatea "Dunărea de Jos" din Galaţi;Braila, Braila;50;N/A;N/A;3.200 lei;Agricultură;Public;Acreditat;Agricultură;Agronomie;Științe Agricole;Dosar;30;20
Facultatea de Ştiinţa şi Ingineria Alimentelor;Universitatea "Dunărea de Jos" din Galaţi;Galati, Galati;50;N/A;N/A;3.200 lei;Pescuit şi Industrializarea Peştelui;Public;Acreditat;Pescuit şi industrializarea peştelui;Ingineria produselor alimentare;Științe Agricole;Dosar;20;30
Facultatea de Ştiinţe și Mediu;Universitatea "Dunărea de Jos" din Galaţi;Galati, Galati;45;N/A;N/A;3.000 lei;Matematică informatică;Public;Acreditat;Matematică informatică;Matematică;Științe Exacte;Dosar;15;30
Facultatea de Medicină şi Farmacie;Universitatea "Dunărea de Jos" din Galaţi;Galati, Galati;45;N/A;N/A;3.500 lei;Moașe;Public;Autorizat;Moaşe;Medicină;Medicină;Examen;10;35
Facultatea de Ştiinţa şi Ingineria Alimentelor;Universitatea "Dunărea de Jos" din Galaţi;Galati, Galati;50;N/A;N/A;3.200 lei;Piscicultură și acvacultură;Public;Autorizat;Piscicultură şi acvacultură;Zootehnie;Științe Agricole;Dosar;20;30
Facultatea de Medicină şi Farmacie;Universitatea "Dunărea de Jos" din Galaţi;Galati, Galati;74;N/A;N/A;6.500 lei;Farmacie;Public;Acreditat;Farmacie ;Farmacie;Medicină;Examen;50;24
Facultatea de Litere;Universitatea "Dunărea de Jos" din Galaţi;Galati, Galati;N/A;N/A;N/A;2.700 lei;Limba şi literatura română - Limba şi literatura franceză;Public;Acreditat;Limba şi literatura română;Limbă şi literatură;Științe Umaniste;Dosar;0;0
Facultatea de Istorie, Filosofie şi Teologie;Universitatea "Dunărea de Jos" din Galaţi;Galati, Galati;50;N/A;N/A;2.700 lei;Teologie ortodoxă asistenţă socială;Public;Acreditat;Teologie asistenţă socială;Teologie;Teologie;Dosar;18;32
Facultatea de Istorie, Filosofie şi Teologie;Universitatea "Dunărea de Jos" din Galaţi;Galati, Galati;30;N/A;N/A;2.700 lei;Artă sacră;Public;Autorizat;Artă sacră;Arte vizuale;Arte, Arhitectură și Urbanism ;Dosar;10;20
Facultatea de Economie și Administrarea Afacerilor;Universitatea "Dunărea de Jos" din Galaţi;Galati, Galati;60;N/A;N/A;3.000 lei;Contabilitate şi Informatică de Gestiune;Public;Acreditat;Contabilitate şi informatică de gestiune;Contabilitate;Științe Economice;Dosar;21;39
Facultatea de Economie și Administrarea Afacerilor;Universitatea "Dunărea de Jos" din Galaţi;Galati, Galati;60;N/A;N/A;3.000 lei;Informatică economică;Public;Acreditat;Informatică economică;Informatică economică;Științe Economice;Dosar;28;32
Facultatea de Arte;Universitatea "Dunărea de Jos" din Galaţi;Galati, Galati;23;N/A;N/A;2.700 lei;Interpretare muzicală - canto;Public;Acreditat;Interpretare muzicală - canto;Muzică;Arte, Arhitectură și Urbanism ;Examen;10;13
Facultatea de Economie și Administrarea Afacerilor;Universitatea "Dunărea de Jos" din Galaţi;Galati, Galati;60;N/A;N/A;3.000 lei;Marketing;Public;Acreditat;Marketing;Marketing;Științe Economice;Dosar;21;39
Facultatea de Educaţie Fizică și Sport;Universitatea "Dunărea de Jos" din Galaţi;Galati, Galati;73;N/A;N/A;3.000 lei;Kinetoterapie și Motricitate Specială;Public;Acreditat;Kinetoterapie şi motricitate specială;Kinetoterapie;Ştiinţa Sportului şi Educaţiei Fizice;Dosar;18;55
Facultatea Transfrontalieră de Ştiinţe Umaniste, Economice şi Inginereşti;Universitatea "Dunărea de Jos" din Galaţi;Galati, Galati;N/A;N/A;N/A;3.000 lei;Ingineria produselor alimentare (la Cahul);Public;Acreditat;Ingineria produselor alimentare;Ingineria produselor alimentare;Științe Agricole;Dosar;0;0
Facultatea Transfrontalieră de Ştiinţe Umaniste, Economice şi Inginereşti;Universitatea "Dunărea de Jos" din Galaţi;Galati, Galati;N/A;N/A;N/A;3.000 lei;Relaţii internaţionale şi studii europene (la Cahul);Public;Autorizat;Relaţii internaţionale şi studii europene;Relații internaționale și studii europene;Științe Politice și Comunicare;Dosar;0;0
Facultatea de Ştiinţe Sociale;Universitatea "Eftimie Murgu" din Reşiţa;Resita, Caras-Severin;65;7.03;N/A;2.400 lei;Pedagogia învăţământului primar şi preşcolar;Public;Autorizat;Pedagogia învăţământului primar şi preşcolar;Științe ale educației;Științe Politice și Comunicare;Examen;22;43
Facultatea de Inginerie şi Management;Universitatea "Eftimie Murgu" din Reşiţa;Resita, Caras-Severin;30;6.68;N/A;2.400 lei;Inginerie economică în domeniul mecanic;Public;Acreditat;Inginerie economică în domeniul mecanic;Inginerie și management;Științe Inginerești;Dosar;18;12
Facultatea de Ştiinţe Sociale;Universitatea "Eftimie Murgu" din Reşiţa;Resita, Caras-Severin;100;N/A;N/A;2.400 lei;Administraţie Publică (ID);Public;Acreditat;Administraţie publică;Ştiinţe administrative;Științe Politice și Comunicare;Dosar;0;100
Facultatea de Ştiinţe Sociale;Universitatea "Eftimie Murgu" din Reşiţa;Resita, Caras-Severin;50;6.01;N/A;3.200 lei;Teologie ortodoxă didactică (la Caransebeș);Public;Acreditat;Teologie didactică;Teologie;Teologie;Dosar;20;30
Facultatea de Științe Sociale - extensie la Caransebeș;Universitatea "Eftimie Murgu" din Reşiţa;Resita, Caras-Severin;30;6.16;N/A;2.400 lei;Teologie Ortodoxă Didactică;Public;Acreditat;Teologie didactică;Teologie;Teologie;Examen;18;12
Facultatea de Ştiinţe Economice;Universitatea "Eftimie Murgu" din Reşiţa;Resita, Caras-Severin;75;6.30;N/A;2.400 lei;Marketing;Public;Acreditat;Marketing;Marketing;Științe Economice;Dosar;22;53
Facultatea de Ştiinţe Economice;Universitatea "Eftimie Murgu" din Reşiţa;Resita, Caras-Severin;75;N/A;N/A;2.400 lei;Marketing (ID);Public;Acreditat;Marketing;Marketing;Științe Economice;Dosar;0;75
Facultatea de Ştiinţe Sociale;Universitatea "Eftimie Murgu" din Reşiţa;Resita, Caras-Severin;50;N/A;N/A;2.400 lei;Drept European şi Internaţional;Public;Autorizat;Drept european și internațional;Drept;Științe Juridice;Dosar;35;15
Facultatea de Inginerie şi Management;Universitatea "Eftimie Murgu" din Reşiţa;Resita, Caras-Severin;50;6.26;N/A;2.400 lei;Electromecanică;Public;Acreditat;Electromecanică;Inginerie electrică;Științe Inginerești;Dosar;20;30
Facultatea de Inginerie şi Management;Universitatea "Eftimie Murgu" din Reşiţa;Resita, Caras-Severin;60;6.00;N/A;2.400 lei;Inginerie mecanică;Public;Autorizat;Inginerie mecanică;Ingineria sistemelor și inginerie mecanică;Științe Inginerești;Dosar;21;39
Facultatea de Ştiinţe Sociale;Universitatea "Eftimie Murgu" din Reşiţa;Resita, Caras-Severin;60;6.70;N/A;2.400 lei;Asistenţă socială;Public;Acreditat;Asistenţă socială;Asistenţă socială;Științe Sociale și Psihologie;Dosar;19;41
Facultatea de Inginerie şi Management;Universitatea "Eftimie Murgu" din Reşiţa;Resita, Caras-Severin;30;6.30;N/A;2.400 lei;Informatică industrială;Public;Acreditat;Informatică industrială;Științe inginerești aplicate;Științe Inginerești;Dosar;21;9
Facultatea de Ştiinţe Sociale;Universitatea "Eftimie Murgu" din Reşiţa;Resita, Caras-Severin;50;6.20;N/A;2.400 lei;Educaţie fizică şi sportivă;Public;Acreditat;Educaţie fizică şi sportivă;Educaţie fizică şi sport;Ştiinţa Sportului şi Educaţiei Fizice;Examen;23;27
Facultatea de Ştiinţe Sociale;Universitatea "Eftimie Murgu" din Reşiţa;Resita, Caras-Severin;50;6.66;N/A;2.400 lei;Administraţie publică;Public;Acreditat;Administraţie publică;Ştiinţe administrative;Științe Politice și Comunicare;Dosar;20;30
Facultatea de Ştiinţe Economice;Universitatea "Eftimie Murgu" din Reşiţa;Resita, Caras-Severin;75;6.05;N/A;2.400 lei;Contabilitate şi informatică de gestiune;Public;Acreditat;Contabilitate şi informatică de gestiune;Contabilitate;Științe Economice;Dosar;20;55
Facultatea de Ştiinţe Economice;Universitatea "Eftimie Murgu" din Reşiţa;Resita, Caras-Severin;60;6.13;N/A;2.400 lei;Economia comerţului, turismului şi serviciilor;Public;Autorizat;Economia comerţului, turismului şi serviciilor;Administrarea afacerilor;Științe Economice;Dosar;19;41
Facultatea de Teologie;Universitatea "Emanuel" din Oradea;Oradea, Bihor;N/A;N/A;N/A;385 lei;Asistenţă socială;Public;Acreditat;Asistenţă socială;Asistenţă socială;Științe Sociale și Psihologie;Examen;0;0
Facultatea de Management;Universitatea "Emanuel" din Oradea;Oradea, Bihor;N/A;N/A;N/A;550 lei;MANAGEMENT;Public;Acreditat;Management;Management;Științe Economice;Examen;0;0
Facultatea de Teologie;Universitatea "Emanuel" din Oradea;Oradea, Bihor;N/A;N/A;N/A;385 lei;Limba şi literatura română - Limba şi literatura engleză;Public;Acreditat;Limba şi literatura română;Limbă şi literatură;Științe Umaniste;Examen;0;0
Facultatea de Teologie;Universitatea "Emanuel" din Oradea;Oradea, Bihor;N/A;N/A;N/A;385 lei;Teologie baptistă pastorală;Public;Acreditat;Teologie pastorală;Teologie;Teologie;Examen;0;0
Facultatea de Teologie;Universitatea "Emanuel" din Oradea;Oradea, Bihor;N/A;N/A;N/A;385 lei;Pedagogie muzicală;Public;Acreditat;Pedagogie muzicală;Muzică;Arte, Arhitectură și Urbanism ;Examen;0;0
Facultatea de Ştiinţe Economice, Juridice și Administrative;Universitatea "George Bacovia" din Bacău;Bacau, Bacau;75;N/A;N/A;2.700 lei;Management;Public;Acreditat;Management;Management;Științe Economice;Dosar;0;75
Facultatea de Ştiinţe Economice, Juridice și Administrative;Universitatea "George Bacovia" din Bacău;Bacau, Bacau;75;N/A;N/A;2.700 lei;Economia comerţului, turismului şi serviciilor;Public;Acreditat;Economia comerţului, turismului şi serviciilor;Administrarea afacerilor;Științe Economice;Dosar;0;75
Facultatea de Ştiinţe Economice, Juridice și Administrative;Universitatea "George Bacovia" din Bacău;Bacau, Bacau;75;N/A;N/A;3.100 lei;Drept;Public;Autorizat;Drept;Drept;Științe Juridice;Dosar;0;75
Facultatea de Ştiinţe Economice, Juridice și Administrative;Universitatea "George Bacovia" din Bacău;Bacau, Bacau;75;N/A;N/A;2.700 lei;Administrație Publică;Public;Acreditat;Administraţie publică;Ştiinţe administrative;Științe Politice și Comunicare;Dosar;0;75
Facultatea de Ştiinţe Economice, Juridice și Administrative;Universitatea "George Bacovia" din Bacău;Bacau, Bacau;50;N/A;N/A;2.200 lei;Finante si Banci;Public;Acreditat;Finanţe şi bănci;Finanţe;Științe Economice;Dosar;0;50
Facultatea de Științe Sociale, Umaniste și ale Naturii;Universitatea "Hyperion" din Bucureşti;Bucuresti, Bucuresti;N/A;N/A;N/A;2.600 lei;Ştiinţe politice;Public;Acreditat;Ştiinţe politice;Ştiinţe politice;Științe Politice și Comunicare;Examen;0;0
Facultatea de Psihologie și Științe ale Educației;Universitatea "Hyperion" din Bucureşti;Bucuresti, Bucuresti;N/A;N/A;N/A;3.500 lei;Psihologie;Public;Acreditat;Psihologie;Psihologie;Științe Sociale și Psihologie;Examen;0;0
Facultatea de Ştiinţe Economice;Universitatea "Hyperion" din Bucureşti;Bucuresti, Bucuresti;N/A;N/A;N/A;2.600 lei;Afaceri internaţionale;Public;Acreditat;Afaceri internaţionale;Economie şi afaceri internaţionale;Științe Economice;Examen;0;0
Facultatea de Ştiinţe Economice;Universitatea "Hyperion" din Bucureşti;Bucuresti, Bucuresti;N/A;N/A;N/A;2.600 lei;FINANŢE ŞI BĂNCI;Public;Acreditat;Finanţe şi bănci;Finanţe;Științe Economice;Examen;0;0
Facultatea de Jurnalism;Universitatea "Hyperion" din Bucureşti;Bucuresti, Bucuresti;N/A;N/A;N/A;3.000 lei;Jurnalism;Public;Acreditat;Jurnalism;Ştiinţe ale comunicării;Științe Politice și Comunicare;Examen;0;0
Facultatea de Științe Sociale, Umaniste și ale Naturii;Universitatea "Hyperion" din Bucureşti;Bucuresti, Bucuresti;N/A;N/A;N/A;2.200 lei;Istorie;Public;Acreditat;Istorie;Istorie;Științe Umaniste;Examen;0;0
Facultatea de Arte;Universitatea "Hyperion" din Bucureşti;Bucuresti, Bucuresti;N/A;N/A;N/A;7.000 lei;Artele spectacolului (actorie);Public;Acreditat;Artele spectacolului;Teatru şi artele spectacolului;Arte, Arhitectură și Urbanism ;Examen;0;0
Facultatea de Științe Exacte și Inginerești;Universitatea "Hyperion" din Bucureşti;Bucuresti, Bucuresti;100;N/A;N/A;3.200 lei;Automatică şi informatică aplicată;Public;Acreditat;Automatică şi informatică aplicată;Ingineria sistemelor și inginerie mecanică;Științe Inginerești;Examen;100;0
Facultatea de Ştiinţe Economice;Universitatea "Hyperion" din Bucureşti;Bucuresti, Bucuresti;N/A;N/A;N/A;2.700 lei;MANAGEMENT;Public;Acreditat;Management;Management;Științe Economice;Examen;0;0
Facultatea de Ştiinţe Economice;Universitatea "Hyperion" din Bucureşti;Bucuresti, Bucuresti;N/A;N/A;N/A;2.600 lei;CONTABILITATE ŞI INFORMATICĂ DE GESTIUNE;Public;Acreditat;Contabilitate şi informatică de gestiune;Contabilitate;Științe Economice;Dosar;0;0
Facultatea de Științe Exacte și Inginerești;Universitatea "Hyperion" din Bucureşti;Bucuresti, Bucuresti;30;N/A;N/A;2.200 lei;Fizica;Public;Acreditat;Fizică;Fizică;Științe Exacte;Examen;30;0
Facultatea de Arte;Universitatea "Hyperion" din Bucureşti;Bucuresti, Bucuresti;N/A;N/A;N/A;7.000 lei;Cinematografie, fotografie, media (Regie de film şi TV, Imagine de film şi TV);Public;Acreditat;Cinematografie, fotografie, media;Cinematografie şi media;Arte, Arhitectură și Urbanism ;Examen;0;0
Facultatea de Științe Exacte și Inginerești;Universitatea "Hyperion" din Bucureşti;Bucuresti, Bucuresti;30;N/A;N/A;3.700 lei;Informatică;Public;Acreditat;Informatică;Informatică;Științe Exacte;Dosar;30;0
Facultatea de Științe Sociale, Umaniste și ale Naturii;Universitatea "Hyperion" din Bucureşti;Bucuresti, Bucuresti;N/A;N/A;N/A;2.400 lei;Geografie;Public;Acreditat;Geografie;Geografie;Științe ale Naturii;Dosar;0;0
Facultatea de Ştiinţe Economice;Universitatea "Hyperion" din Bucureşti;Bucuresti, Bucuresti;N/A;N/A;N/A;2.700 lei;Economia comerţului, turismului şi serviciilor;Public;Acreditat;Economia comerţului, turismului şi serviciilor;Administrarea afacerilor;Științe Economice;Examen;0;0
Facultatea de Științe Sociale, Umaniste și ale Naturii;Universitatea "Hyperion" din Bucureşti;Bucuresti, Bucuresti;N/A;N/A;N/A;2.600 lei;Limba şi literatura română – O limbă şi literatură modernă (engleză, franceză, japoneză);Public;Acreditat;Limba şi literatura română;Limbă şi literatură;Științe Umaniste;Examen;0;0
Facultatea de Ştiinţe Juridice;Universitatea "Hyperion" din Bucureşti;Bucuresti, Bucuresti;N/A;N/A;N/A;2.700 lei;Drept;Public;Acreditat;Drept;Drept;Științe Juridice;Examen;0;0
Facultatea de Ştiinţe Juridice;Universitatea "Hyperion" din Bucureşti;Bucuresti, Bucuresti;N/A;N/A;N/A;2.800 lei;Drept (ID);Public;Autorizat;Drept;Drept;Științe Juridice;Examen;0;0
Facultatea de Drept;Universitatea "Lucian Blaga" din Sibiu (ULBS);Sibiu, Sibiu;147;N/A;N/A;3.100 lei;Drept;Public;Acreditat;Drept;Drept;Științe Juridice;Examen;98;49
Facultatea de Teologie;Universitatea "Lucian Blaga" din Sibiu (ULBS);Sibiu, Sibiu;N/A;N/A;N/A;6.000 lei;Muzica Religioasa;Public;Autorizat;Muzică religioasă;Muzică;Arte, Arhitectură și Urbanism ;Examen;0;0
Facultatea de Litere şi Arte;Universitatea "Lucian Blaga" din Sibiu (ULBS);Sibiu, Sibiu;28;N/A;N/A;2.780 lei;Limba şi literatura engleză - O limbă şi literatură modernă (germană, franceză)/ Limba şi literatura română;Public;Acreditat;Limbă şi literatură;Limbă şi literatură;Științe Umaniste;Dosar;17;11
Facultatea de Litere şi Arte;Universitatea "Lucian Blaga" din Sibiu (ULBS);Sibiu, Sibiu;74;N/A;N/A;2.780 lei;Limbi moderne aplicate;Public;Acreditat;Limbi moderne aplicate;Limbi moderne aplicate;Științe Umaniste;Dosar;45;29
Facultatea de Litere şi Arte;Universitatea "Lucian Blaga" din Sibiu (ULBS);Sibiu, Sibiu;12;N/A;N/A;10.000 lei;Teatrologie (management cultural);Public;Acreditat;Teatrologie ;Teatru şi artele spectacolului;Arte, Arhitectură și Urbanism ;Dosar;10;2
Facultatea de Litere şi Arte;Universitatea "Lucian Blaga" din Sibiu (ULBS);Sibiu, Sibiu;15;N/A;N/A;10.000 lei;Arta spectacolului (coregrafie);Public;Autorizat;Scenografie;Teatru şi artele spectacolului;Arte, Arhitectură și Urbanism ;Examen;8;7
Facultatea de Inginerie;Universitatea "Lucian Blaga" din Sibiu (ULBS);Sibiu, Sibiu;50;N/A;N/A;3.480 lei;Ingineria transporturilor şi a traficului;Public;Acreditat;Ingineria transporturilor şi a traficului;Ingineria transporturilor;Științe Inginerești;Dosar;22;28
Facultatea de Inginerie;Universitatea "Lucian Blaga" din Sibiu (ULBS);Sibiu, Sibiu;81;N/A;N/A;3.480 lei;Inginerie economică în domeniul mecanic;Public;Acreditat;Inginerie economică în domeniul mecanic;Inginerie și management;Științe Inginerești;Dosar;35;46
Facultatea de Inginerie;Universitatea "Lucian Blaga" din Sibiu (ULBS);Sibiu, Sibiu;23;N/A;N/A;3.480 lei;Mecatronică (în limba engleză);Public;Autorizat;Mecatronică;Mecatronică și robotică;Științe Inginerești;Dosar;5;18
Facultatea de Inginerie;Universitatea "Lucian Blaga" din Sibiu (ULBS);Sibiu, Sibiu;25;N/A;N/A;3.480 lei;Robotică;Public;Autorizat;Robotică;Mecatronică și robotică;Științe Inginerești;Dosar;10;15
Facultatea de Ştiinţe;Universitatea "Lucian Blaga" din Sibiu (ULBS);Sibiu, Sibiu;29;N/A;N/A;3.200 lei;Sport şi performanţă motrică;Public;Acreditat;Sport şi performanţă motrică;Educaţie fizică şi sport;Ştiinţa Sportului şi Educaţiei Fizice;Examen;18;11
Facultatea de Ştiinţe Agricole, Industrie Alimentară şi Protecţia Mediului;Universitatea "Lucian Blaga" din Sibiu (ULBS);Sibiu, Sibiu;43;N/A;N/A;3.000 lei;Montanologie;Public;Acreditat;Montanologie;Agronomie;Științe Agricole;Dosar;30;13
Facultatea de Ştiinţe Agricole, Industrie Alimentară şi Protecţia Mediului;Universitatea "Lucian Blaga" din Sibiu (ULBS);Sibiu, Sibiu;50;N/A;N/A;2.600 lei;Montanologie (ID);Public;Acreditat;Montanologie;Agronomie;Științe Agricole;Dosar;0;50
Facultatea de Medicină;Universitatea "Lucian Blaga" din Sibiu (ULBS);Sibiu, Sibiu;26;N/A;N/A;7.800 lei;Medicină dentară;Public;Acreditat;Medicină dentară ;Medicină dentară;Medicină;Examen;20;6
Facultatea de Ştiinţe Economice;Universitatea "Lucian Blaga" din Sibiu (ULBS);Sibiu, Sibiu;84;N/A;N/A;3.300 lei;Economia comerțului, turismului și serviciilor;Public;Acreditat;Economia comerţului, turismului şi serviciilor;Administrarea afacerilor;Științe Economice;Dosar;35;49
Facultatea de Ştiinţe Economice;Universitatea "Lucian Blaga" din Sibiu (ULBS);Sibiu, Sibiu;25;N/A;N/A;2.900 lei;Marketing (ID);Public;Autorizat;Marketing;Marketing;Științe Economice;Dosar;0;25
Facultatea de Științe Socio-Umane;Universitatea "Lucian Blaga" din Sibiu (ULBS);Sibiu, Sibiu;75;N/A;N/A;2.800 lei;Resurse Umane;Public;Autorizat;Resurse umane;Sociologie;Științe Sociale și Psihologie;Dosar;20;55
Facultatea de Științe Socio-Umane;Universitatea "Lucian Blaga" din Sibiu (ULBS);Sibiu, Sibiu;18;N/A;N/A;3.090 lei;Conservare şi restaurare;Public;Acreditat;Conservare şi restaurare;Arte vizuale;Arte, Arhitectură și Urbanism ;Examen;14;4
Facultatea de Științe Socio-Umane;Universitatea "Lucian Blaga" din Sibiu (ULBS);Sibiu, Sibiu;49;N/A;N/A;2.800 lei;Relații Internaționale și Studii Europene;Public;Acreditat;Relaţii internaţionale şi studii europene;Relații internaționale și studii europene;Științe Politice și Comunicare;Dosar;18;31
Facultatea de Științe Socio-Umane;Universitatea "Lucian Blaga" din Sibiu (ULBS);Sibiu, Sibiu;14;N/A;N/A;2.800 lei;Pedagogia învatamântului primar si prescolar (în limba germana);Public;Acreditat;Pedagogia învăţământului primar şi preşcolar;Științe ale educației;Științe Politice și Comunicare;Examen;0;14
Facultatea de Inginerie;Universitatea "Lucian Blaga" din Sibiu (ULBS);Sibiu, Sibiu;40;6.08;N/A;3.400 lei;Maşini-unelte şi sisteme de producţie;Public;Acreditat;Maşini-unelte şi sisteme de producţie;Inginerie industrială;Științe Inginerești;Dosar;25;15
Facultatea de Teologie;Universitatea "Lucian Blaga" din Sibiu (ULBS);Sibiu, Sibiu;73;N/A;N/A;3.150 lei;Teologie ortodoxă pastorală;Public;Acreditat;Teologie pastorală;Teologie;Teologie;Examen;56;17
Facultatea de Drept;Universitatea "Lucian Blaga" din Sibiu (ULBS);Sibiu, Sibiu;75;N/A;N/A;2.900 lei;Administratie Publica (ID);Public;Acreditat;Administraţie publică;Ştiinţe administrative;Științe Politice și Comunicare;Dosar;0;75
Facultatea de Litere şi Arte;Universitatea "Lucian Blaga" din Sibiu (ULBS);Sibiu, Sibiu;23;N/A;N/A;2.780 lei;Limba şi literatura franceză - O limbă şi literatură modernă (engleză/ germană) sau Limba şi literatura română;Public;Acreditat;Limbă şi literatură;Limbă şi literatură;Științe Umaniste;Dosar;13;10
Facultatea de Litere şi Arte;Universitatea "Lucian Blaga" din Sibiu (ULBS);Sibiu, Sibiu;51;N/A;N/A;2.780 lei;Limba şi literatura română - O limbă şi literatură modernă (engleză, germană, franceză);Public;Acreditat;Limba şi literatura română;Limbă şi literatură;Științe Umaniste;Dosar;34;17
Facultatea de Litere şi Arte;Universitatea "Lucian Blaga" din Sibiu (ULBS);Sibiu, Sibiu;14;N/A;N/A;2.780 lei;Științe ale informării și documentării;Public;Acreditat;Științe ale informării și documentării;Ştiinţe ale comunicării;Științe Politice și Comunicare;Dosar;6;8
Facultatea de Inginerie;Universitatea "Lucian Blaga" din Sibiu (ULBS);Sibiu, Sibiu;95;N/A;N/A;3.480 lei;Calculatoare;Public;Acreditat;Calculatoare;Calculatoare și tehnologia informației;Științe Inginerești;Examen;41;54
Facultatea de Inginerie;Universitatea "Lucian Blaga" din Sibiu (ULBS);Sibiu, Sibiu;30;N/A;N/A;3.480 lei;Ingineria şi protecţia mediului în industrie;Public;Acreditat;Ingineria şi protecţia mediului în industrie;Ingineria mediului;Științe Inginerești;Dosar;20;10
Facultatea de Inginerie;Universitatea "Lucian Blaga" din Sibiu (ULBS);Sibiu, Sibiu;39;N/A;N/A;3.480 lei;Transportul, depozitarea şi distribuţia hidrocarburilor (ID);Public;Acreditat;Transportul, depozitarea şi distribuţia hidrocarburilor;Mine, petrol şi gaze;Științe Inginerești;Dosar;25;14
Facultatea de Ştiinţe;Universitatea "Lucian Blaga" din Sibiu (ULBS);Sibiu, Sibiu;38;N/A;N/A;3.200 lei;Matematică informatică;Public;Acreditat;Matematică informatică;Matematică;Științe Exacte;Dosar;27;11
Facultatea de Medicină;Universitatea "Lucian Blaga" din Sibiu (ULBS);Sibiu, Sibiu;79;N/A;N/A;5.300 lei;Asistenţă medicală generală;Public;Acreditat;Asistenţă medicală generală;Medicină;Medicină;Examen;12;67
Facultatea de Medicină;Universitatea "Lucian Blaga" din Sibiu (ULBS);Sibiu, Sibiu;57;N/A;N/A;7.400 lei;Farmacie;Public;Autorizat;Farmacie ;Farmacie;Medicină;Examen;23;34
Facultatea de Ştiinţe Agricole, Industrie Alimentară şi Protecţia Mediului;Universitatea "Lucian Blaga" din Sibiu (ULBS);Sibiu, Sibiu;32;N/A;N/A;3.600 lei;Controlul şi expertiza produselor alimentare;Public;Acreditat;Controlul şi expertiza produselor alimentare;Ingineria produselor alimentare;Științe Agricole;Dosar;20;12
Facultatea de Ştiinţe Agricole, Industrie Alimentară şi Protecţia Mediului;Universitatea "Lucian Blaga" din Sibiu (ULBS);Sibiu, Sibiu;25;N/A;N/A;3.000 lei;Ingineria produselor alimentare (ID);Public;Acreditat;Ingineria produselor alimentare;Ingineria produselor alimentare;Științe Agricole;Dosar;0;25
Facultatea de Ştiinţe Economice;Universitatea "Lucian Blaga" din Sibiu (ULBS);Sibiu, Sibiu;125;N/A;N/A;2.900 lei;Economia comertului, turismului si serviciilor (ID);Public;Acreditat;Economia comerţului, turismului şi serviciilor;Administrarea afacerilor;Științe Economice;Dosar;0;125
Facultatea de Științe Socio-Umane;Universitatea "Lucian Blaga" din Sibiu (ULBS);Sibiu, Sibiu;69;N/A;N/A;2.800 lei;Sociologie;Public;Acreditat;Sociologie;Sociologie;Științe Sociale și Psihologie;Dosar;20;49
Facultatea de Drept;Universitatea "Lucian Blaga" din Sibiu (ULBS);Sibiu, Sibiu;120;N/A;N/A;3.000 lei;Drept (ID);Public;Acreditat;Drept;Drept;Științe Juridice;Dosar;0;120
Facultatea de Litere şi Arte;Universitatea "Lucian Blaga" din Sibiu (ULBS);Sibiu, Sibiu;12;N/A;N/A;10.000 lei;Artele spectacolului (actorie);Public;Acreditat;Artele spectacolului;Teatru şi artele spectacolului;Arte, Arhitectură și Urbanism ;Examen;12;0
Facultatea de Inginerie;Universitatea "Lucian Blaga" din Sibiu (ULBS);Sibiu, Sibiu;45;N/A;N/A;3.480 lei;Tehnologia informaţiei;Public;Acreditat;Tehnologia informaţiei;Calculatoare și tehnologia informației;Științe Inginerești;Examen;26;19
Facultatea de Inginerie;Universitatea "Lucian Blaga" din Sibiu (ULBS);Sibiu, Sibiu;114;N/A;N/A;3.480 lei;Tehnologia construcţiilor de maşini;Public;Acreditat;Tehnologia construcţiilor de maşini;Inginerie industrială;Științe Inginerești;Dosar;53;61
Facultatea de Inginerie;Universitatea "Lucian Blaga" din Sibiu (ULBS);Sibiu, Sibiu;40;N/A;N/A;3.480 lei;Inginerie economică industrială;Public;Autorizat;Inginerie economică industrială;Inginerie și management;Științe Inginerești;Dosar;22;18
Facultatea de Inginerie;Universitatea "Lucian Blaga" din Sibiu (ULBS);Sibiu, Sibiu;N/A;N/A;N/A;3.480 lei;Inginerie economică în domeniul mecanic (ID);Public;Acreditat;Inginerie economică în domeniul mecanic;Inginerie și management;Științe Inginerești;Dosar;0;0
Facultatea de Ştiinţe;Universitatea "Lucian Blaga" din Sibiu (ULBS);Sibiu, Sibiu;70;N/A;N/A;3.200 lei;Informatică;Public;Acreditat;Informatică;Informatică;Științe Exacte;Dosar;39;31
Facultatea de Medicină;Universitatea "Lucian Blaga" din Sibiu (ULBS);Sibiu, Sibiu;25;N/A;N/A;6.800 lei;Tehnică Dentară;Public;Acreditat;Tehnică dentară;Medicină dentară;Medicină;Examen;0;25
Facultatea de Ştiinţe Economice;Universitatea "Lucian Blaga" din Sibiu (ULBS);Sibiu, Sibiu;34;N/A;N/A;3.300 lei;Administrarea afacerilor (în limba engleză - Business administration);Public;Autorizat;Administrarea afacerilor;Administrarea afacerilor;Științe Economice;Examen;20;14
Facultatea de Ştiinţe Economice;Universitatea "Lucian Blaga" din Sibiu (ULBS);Sibiu, Sibiu;73;N/A;N/A;3.300 lei;Contabilitate și Informatică de Gestiune;Public;Acreditat;Contabilitate şi informatică de gestiune;Contabilitate;Științe Economice;Dosar;34;39
Facultatea de Ştiinţe Economice;Universitatea "Lucian Blaga" din Sibiu (ULBS);Sibiu, Sibiu;100;N/A;N/A;2.900 lei;Contabilitate si informatica de gestiune (ID);Public;Acreditat;Contabilitate şi informatică de gestiune;Contabilitate;Științe Economice;Dosar;0;100
Facultatea de Ştiinţe Economice;Universitatea "Lucian Blaga" din Sibiu (ULBS);Sibiu, Sibiu;72;N/A;N/A;3.300 lei;Finanţe şi bănci;Public;Acreditat;Finanţe şi bănci;Finanţe;Științe Economice;Dosar;34;38
Facultatea de Științe Socio-Umane;Universitatea "Lucian Blaga" din Sibiu (ULBS);Sibiu, Sibiu;68;N/A;N/A;2.600 lei;Asistență Socială;Public;Acreditat;Asistenţă socială;Asistenţă socială;Științe Sociale și Psihologie;Dosar;18;50
Facultatea de Științe Socio-Umane;Universitatea "Lucian Blaga" din Sibiu (ULBS);Sibiu, Sibiu;54;N/A;N/A;2.800 lei;Comunicare şi relaţii publice;Public;Acreditat;Comunicare şi relaţii publice;Ştiinţe ale comunicării;Științe Politice și Comunicare;Dosar;20;34
Facultatea de Științe Socio-Umane;Universitatea "Lucian Blaga" din Sibiu (ULBS);Sibiu, Sibiu;22;N/A;N/A;2.800 lei;Studiul patrimoniului și managementul bunurilor culturale;Public;Autorizat;Studiul patrimoniului și managementul bunurilor culturale;Studiul patrimoniului;Științe Umaniste;Dosar;12;10
Facultatea de Teologie;Universitatea "Lucian Blaga" din Sibiu (ULBS);Sibiu, Sibiu;70;N/A;N/A;2.700 lei;Teologie ortodoxă asistenţă socială;Public;Acreditat;Teologie asistenţă socială;Teologie;Teologie;Examen;35;35
Facultatea de Inginerie;Universitatea "Lucian Blaga" din Sibiu (ULBS);Sibiu, Sibiu;50;6.63;N/A;3.400 lei;Electronică aplicată;Public;Acreditat;Electronică aplicată;Inginerie electronică, telecomunicații și tehnologii informaționale;Științe Inginerești;Examen;25;25
Facultatea de Inginerie;Universitatea "Lucian Blaga" din Sibiu (ULBS);Sibiu, Sibiu;45;N/A;N/A;3.480 lei;Ingineria sistemelor multimedia;Public;Acreditat;Ingineria sistemelor multimedia;Ingineria sistemelor și inginerie mecanică;Științe Inginerești;Examen;25;20
Facultatea de Inginerie;Universitatea "Lucian Blaga" din Sibiu (ULBS);Sibiu, Sibiu;50;N/A;N/A;3.480 lei;Electromecanică;Public;Acreditat;Electromecanică;Inginerie electrică;Științe Inginerești;Examen;24;26
Facultatea de Inginerie;Universitatea "Lucian Blaga" din Sibiu (ULBS);Sibiu, Sibiu;40;N/A;N/A;3.480 lei;Tehnologia tricotajelor şi confecţiilor;Public;Acreditat;Tehnologia tricotajelor şi confecţiilor;Inginerie industrială;Științe Inginerești;Dosar;25;15
Facultatea de Ştiinţe;Universitatea "Lucian Blaga" din Sibiu (ULBS);Sibiu, Sibiu;33;N/A;N/A;3.200 lei;Educaţie fizică şi sportivă;Public;Acreditat;Educaţie fizică şi sportivă;Educaţie fizică şi sport;Ştiinţa Sportului şi Educaţiei Fizice;Examen;18;15
Facultatea de Ştiinţe;Universitatea "Lucian Blaga" din Sibiu (ULBS);Sibiu, Sibiu;30;N/A;N/A;3.200 lei;Ecologie şi protecţia mediului (în limba engleză - Ecology and environment protection);Public;Autorizat;Ecologie şi protecţia mediului;Ştiinţa mediului;Științe ale Naturii;Dosar;20;10
Facultatea de Ştiinţe Agricole, Industrie Alimentară şi Protecţia Mediului;Universitatea "Lucian Blaga" din Sibiu (ULBS);Sibiu, Sibiu;30;N/A;N/A;3.000 lei;Ingineria şi protecţia mediului în agricultură;Public;Acreditat;Ingineria şi protecţia mediului în agricultură;Ingineria mediului;Științe Inginerești;Dosar;0;30
Facultatea de Ştiinţe Agricole, Industrie Alimentară şi Protecţia Mediului;Universitatea "Lucian Blaga" din Sibiu (ULBS);Sibiu, Sibiu;27;N/A;N/A;3.600 lei;Inginerie şi management în alimentaţia publică şi agroturism;Public;Acreditat;Inginerie şi management în alimentaţia publică şi agroturism;Inginerie şi management în agricultură și dezvoltare rurală;Științe Agricole;Dosar;20;7
Facultatea de Ştiinţe Economice;Universitatea "Lucian Blaga" din Sibiu (ULBS);Sibiu, Sibiu;25;N/A;N/A;2.900 lei;Finanţe şi Bănci (ID);Public;Acreditat;Finanţe şi bănci;Finanţe;Științe Economice;Dosar;0;25
Facultatea de Științe Socio-Umane;Universitatea "Lucian Blaga" din Sibiu (ULBS);Sibiu, Sibiu;49;N/A;N/A;2.800 lei;Studii de securitate;Public;Acreditat;Studii de securitate;Ştiinţe politice;Științe Politice și Comunicare;Dosar;18;31
Facultatea de Științe Socio-Umane;Universitatea "Lucian Blaga" din Sibiu (ULBS);Sibiu, Sibiu;44;N/A;N/A;2.800 lei;Jurnalism;Public;Acreditat;Jurnalism;Ştiinţe ale comunicării;Științe Politice și Comunicare;Dosar;19;25
Facultatea de Științe Socio-Umane;Universitatea "Lucian Blaga" din Sibiu (ULBS);Sibiu, Sibiu;95;N/A;N/A;2.800 lei;Psihologie;Public;Acreditat;Psihologie;Psihologie;Științe Sociale și Psihologie;Dosar;25;70
Facultatea de Științe Socio-Umane;Universitatea "Lucian Blaga" din Sibiu (ULBS);Sibiu, Sibiu;30;N/A;N/A;2.800 lei;Pedagogia învatamântului primar si prescolar;Public;Acreditat;Pedagogia învăţământului primar şi preşcolar;Științe ale educației;Științe Politice și Comunicare;Examen;0;30
Facultatea de Drept;Universitatea "Lucian Blaga" din Sibiu (ULBS);Sibiu, Sibiu;42;N/A;N/A;2.900 lei;Administraţie publică;Public;Acreditat;Administraţie publică;Ştiinţe administrative;Științe Politice și Comunicare;Dosar;21;21
Facultatea de Litere şi Arte;Universitatea "Lucian Blaga" din Sibiu (ULBS);Sibiu, Sibiu;25;N/A;N/A;2.780 lei;Limba şi literatura chineză - Limba şi literatura engleză;Public;Autorizat;Limbă şi literatură;Limbă şi literatură;Științe Umaniste;Dosar;16;9
Facultatea de Litere şi Arte;Universitatea "Lucian Blaga" din Sibiu (ULBS);Sibiu, Sibiu;23;N/A;N/A;2.780 lei;Limba şi literatura germană - O limbă şi literatură modernă (engleză, franceză) sau Limba şi literatura română;Public;Acreditat;Limbă şi literatură;Limbă şi literatură;Științe Umaniste;Dosar;13;10
Facultatea de Inginerie;Universitatea "Lucian Blaga" din Sibiu (ULBS);Sibiu, Sibiu;25;N/A;N/A;3.480 lei;Inginerie industrială (în limba engleză);Public;Autorizat;Inginerie industrială;Inginerie industrială;Științe Inginerești;Examen;5;20
Facultatea de Inginerie;Universitatea "Lucian Blaga" din Sibiu (ULBS);Sibiu, Sibiu;45;N/A;N/A;3.480 lei;Mecatronică;Public;Autorizat;Mecatronică;Mecatronică și robotică;Științe Inginerești;Dosar;25;20
Facultatea de Ştiinţe;Universitatea "Lucian Blaga" din Sibiu (ULBS);Sibiu, Sibiu;45;N/A;N/A;3.200 lei;Biologie;Public;Acreditat;Biologie;Biologie;Științe ale Naturii;Dosar;25;20
Facultatea de Inginerie;Universitatea "Lucian Blaga" din Sibiu (ULBS);Sibiu, Sibiu;60;N/A;N/A;3.480 lei;Transportul, depozitarea şi distribuţia hidrocarburilor;Public;Acreditat;Transportul, depozitarea şi distribuţia hidrocarburilor;Mine, petrol şi gaze;Științe Inginerești;Dosar;0;60
Facultatea de Ştiinţe;Universitatea "Lucian Blaga" din Sibiu (ULBS);Sibiu, Sibiu;30;N/A;N/A;3.200 lei;Ecologie şi protecţia mediului;Public;Acreditat;Ecologie şi protecţia mediului;Ştiinţa mediului;Științe ale Naturii;Dosar;20;10
Facultatea de Medicină;Universitatea "Lucian Blaga" din Sibiu (ULBS);Sibiu, Sibiu;107;N/A;N/A;7.800 lei;Medicină;Public;Acreditat;Medicină;Medicină;Medicină;Examen;72;35
Facultatea de Ştiinţe Agricole, Industrie Alimentară şi Protecţia Mediului;Universitatea "Lucian Blaga" din Sibiu (ULBS);Sibiu, Sibiu;30;N/A;N/A;3.000 lei;Biotehnologii pentru industria alimentară;Public;Autorizat;Biotehnologii pentru industria alimentară;Biotehnologii;Științe Agricole;Dosar;0;30
Facultatea de Ştiinţe Agricole, Industrie Alimentară şi Protecţia Mediului;Universitatea "Lucian Blaga" din Sibiu (ULBS);Sibiu, Sibiu;36;N/A;N/A;3.600 lei;Ingineria produselor alimentare;Public;Acreditat;Ingineria produselor alimentare;Ingineria produselor alimentare;Științe Agricole;Dosar;20;16
Facultatea de Ştiinţe Economice;Universitatea "Lucian Blaga" din Sibiu (ULBS);Sibiu, Sibiu;100;N/A;N/A;2.900 lei;Management (ID);Public;Acreditat;Management;Management;Științe Economice;Dosar;0;100
Facultatea de Ştiinţe Economice;Universitatea "Lucian Blaga" din Sibiu (ULBS);Sibiu, Sibiu;71;N/A;N/A;3.300 lei;Management;Public;Acreditat;Management;Management;Științe Economice;Dosar;34;37
Facultatea de Ştiinţe Economice;Universitatea "Lucian Blaga" din Sibiu (ULBS);Sibiu, Sibiu;25;N/A;N/A;3.300 lei;Marketing;Public;Autorizat;Marketing;Marketing;Științe Economice;Dosar;10;15
Facultatea de Științe Socio-Umane;Universitatea "Lucian Blaga" din Sibiu (ULBS);Sibiu, Sibiu;25;N/A;N/A;2.800 lei;Istorie;Public;Acreditat;Istorie;Istorie;Științe Umaniste;Dosar;17;8
Facultatea de Științe Socio-Umane;Universitatea "Lucian Blaga" din Sibiu (ULBS);Sibiu, Sibiu;42;N/A;N/A;2.500 lei;Ştiinţe politice;Public;Acreditat;Ştiinţe politice;Ştiinţe politice;Științe Politice și Comunicare;Dosar;22;20
Facultatea de Științe Socio-Umane;Universitatea "Lucian Blaga" din Sibiu (ULBS);Sibiu, Sibiu;75;N/A;N/A;2.800 lei;Pedagogia învatamântului primar si prescolar (ID);Public;Acreditat;Pedagogia învăţământului primar şi preşcolar;Științe ale educației;Științe Politice și Comunicare;Examen;0;75
Facultatea de Ştiinţe Sociale şi Administrative;Universitatea "Nicolae Titulescu" din Bucureşti;Bucuresti, Bucuresti;75;N/A;N/A;2.000 lei;Relaţii internaţionale şi studii europene;Public;Acreditat;Relaţii internaţionale şi studii europene;Relații internaționale și studii europene;Științe Politice și Comunicare;Dosar;0;75
Facultatea de Ştiinţe Economice;Universitatea "Nicolae Titulescu" din Bucureşti;Bucuresti, Bucuresti;N/A;N/A;N/A;2.000 lei;Administrarea afacerilor;Public;Autorizat;Administrarea afacerilor;Administrarea afacerilor;Științe Economice;Dosar;0;0
Facultatea de Drept;Universitatea "Nicolae Titulescu" din Bucureşti;Bucuresti, Bucuresti;N/A;N/A;N/A;2.000 lei;Drept;Public;Acreditat;Drept;Drept;Științe Juridice;Dosar;0;0
Facultatea de Ştiinţe Economice;Universitatea "Nicolae Titulescu" din Bucureşti;Bucuresti, Bucuresti;N/A;N/A;N/A;2.000 lei;Contabilitate şi informatică de gestiune;Public;Acreditat;Contabilitate şi informatică de gestiune;Contabilitate;Științe Economice;Dosar;0;0
Facultatea de Drept;Universitatea "Nicolae Titulescu" din Bucureşti;Bucuresti, Bucuresti;200;N/A;N/A;2.000 lei;Drept european şi internaţional;Public;Acreditat;Drept european și internațional;Drept;Științe Juridice;Dosar;0;200
Facultatea de Ştiinţe Sociale şi Administrative;Universitatea "Nicolae Titulescu" din Bucureşti;Bucuresti, Bucuresti;150;N/A;N/A;2.000 lei;Administraţie publică;Public;Acreditat;Administraţie publică;Ştiinţe administrative;Științe Politice și Comunicare;Dosar;0;150
Facultatea de Litere;Universitatea "Ovidius" din Constanţa;Constanta, Constanta;60;8.04;N/A;3.500 lei;Limba şi literatura engleză - O limbă şi literatură modernă (italiană/franceză);Public;Autorizat;Limbă şi literatură;Limbă şi literatură;Științe Umaniste;Examen;12;48
Facultatea de Litere;Universitatea "Ovidius" din Constanţa;Constanta, Constanta;36;6.70;0.53;3.500 lei;Studii americane (în limba engleză);Public;Acreditat;Studii americane;Studii culturale;Științe Umaniste;Examen;18;18
Facultatea de Teologie;Universitatea "Ovidius" din Constanţa;Constanta, Constanta;50;N/A;N/A;2.800 lei;Teologie ortodoxă asistenţă socială;Public;Acreditat;Teologie asistenţă socială;Teologie;Teologie;Examen;15;35
Facultatea de Ştiinţe ale Naturii şi Ştiinţe Agricole;Universitatea "Ovidius" din Constanţa;Constanta, Constanta;15;7.63;3.33;3.600 lei;Ecologie şi protecţia mediului;Public;Acreditat;Ecologie şi protecţia mediului;Ştiinţa mediului;Științe ale Naturii;Dosar;15;0
Facultatea de Ştiinţe ale Naturii şi Ştiinţe Agricole;Universitatea "Ovidius" din Constanţa;Constanta, Constanta;N/A;N/A;N/A;3.600 lei;Agricultură - ifr;Public;Acreditat;Agricultură;Agronomie;Științe Agricole;Dosar;0;0
Facultatea de Ştiinţe ale Naturii şi Ştiinţe Agricole;Universitatea "Ovidius" din Constanţa;Constanta, Constanta;45;7.46;0.80;3.350 lei;Geografie;Public;Acreditat;Geografie;Geografie;Științe ale Naturii;Dosar;15;30
Facultatea de Drept și Ştiinţe Administrative;Universitatea "Ovidius" din Constanţa;Constanta, Constanta;50;8.05;N/A;2.600 lei;Asistenţă managerială şi administrativă;Public;Acreditat;Asistenţă managerială şi secretariat;Ştiinţe administrative;Științe Politice și Comunicare;Dosar;6;44
Facultatea de Drept și Ştiinţe Administrative;Universitatea "Ovidius" din Constanţa;Constanta, Constanta;50;N/A;N/A;2.600 lei;Administraţie Publică (IFR);Public;Acreditat;Drept;Drept;Științe Juridice;Dosar;0;50
Facultatea de Educaţie Fizică şi Sport;Universitatea "Ovidius" din Constanţa;Constanta, Constanta;60;9.06;1.07;3.500 lei;Kinetoterapie și motricitate specială;Public;Acreditat;Kinetoterapie şi motricitate specială;Kinetoterapie;Ştiinţa Sportului şi Educaţiei Fizice;Examen;10;50
Facultatea de Matematică şi Informatică;Universitatea "Ovidius" din Constanţa;Constanta, Constanta;250;8.27;0.87;3.600 lei;Informatică;Public;Acreditat;Informatică;Informatică;Științe Exacte;Dosar;160;90
Facultatea de Matematică şi Informatică;Universitatea "Ovidius" din Constanţa;Constanta, Constanta;50;8.19;0.96;3.100 lei;Matematică;Public;Acreditat;Matematică;Matematică;Științe Exacte;Dosar;25;25
Facultatea de Ştiinţe Economice;Universitatea "Ovidius" din Constanţa;Constanta, Constanta;88;7.75;0.47;3.200 lei;Finanțe și bănci;Public;Acreditat;Finanţe şi bănci;Finanţe;Științe Economice;Dosar;19;69
Facultatea de Ştiinţe Economice;Universitatea "Ovidius" din Constanţa;Constanta, Constanta;88;6.15;0.31;3.200 lei;Economia firmei;Public;Autorizat;Economia firmei;Administrarea afacerilor;Științe Economice;Dosar;19;69
Facultatea de Medicină;Universitatea "Ovidius" din Constanţa;Constanta, Constanta;100;7.69;0.88;3.500 lei;Asistenţă medicală generală;Public;Acreditat;Asistenţă medicală generală;Medicină;Medicină;Examen;5;95
Facultatea de Inginerie Mecanică, Industrială şi Maritimă;Universitatea "Ovidius" din Constanţa;Constanta, Constanta;60;5.96;0.50;3.200 lei;Ingineria sudării;Public;Acreditat;Ingineria sudării;Inginerie industrială;Științe Inginerești;Dosar;40;20
Facultatea de Inginerie Mecanică, Industrială şi Maritimă;Universitatea "Ovidius" din Constanţa;Constanta, Constanta;75;N/A;0.15;3.200 lei;Inginerie economică în domeniul mecanic (IFR);Public;Acreditat;Inginerie economică în domeniul mecanic;Inginerie și management;Științe Inginerești;Dosar;0;75
Facultatea de Arte;Universitatea "Ovidius" din Constanţa;Constanta, Constanta;10;6.83;1.30;6.000 lei;Artele spectacolului (actorie);Public;Acreditat;Artele spectacolului;Teatru şi artele spectacolului;Arte, Arhitectură și Urbanism ;Examen;10;0
Facultatea de Psihologie şi Ştiinţele Educaţiei;Universitatea "Ovidius" din Constanţa;Constanta, Constanta;59;7.48;1.44;2.900 lei;Asistență socială;Public;Acreditat;Asistenţă socială;Asistenţă socială;Științe Sociale și Psihologie;Dosar;20;39
Facultatea de Litere;Universitatea "Ovidius" din Constanţa;Constanta, Constanta;24;N/A;N/A;3.500 lei;Limba şi literatura franceză - O limbă şi literatură modernă (italiană/engleza/germana/turca);Public;Acreditat;Limbă şi literatură;Limbă şi literatură;Științe Umaniste;Examen;10;14
Facultatea de Drept și Ştiinţe Administrative;Universitatea "Ovidius" din Constanţa;Constanta, Constanta;58;8.61;N/A;2.800 lei;Administraţie publică;Public;Acreditat;Administraţie publică;Ştiinţe administrative;Științe Politice și Comunicare;Dosar;7;51
Facultatea de Educaţie Fizică şi Sport;Universitatea "Ovidius" din Constanţa;Constanta, Constanta;50;N/A;0.60;3.300 lei;Educație fizică și sportivă (IFR);Public;Acreditat;Educaţie fizică şi sportivă;Educaţie fizică şi sport;Ştiinţa Sportului şi Educaţiei Fizice;Examen;0;50
Facultatea de Științe Aplicate și Inginerie;Universitatea "Ovidius" din Constanţa;Constanta, Constanta;30;6.23;0.33;4.500 lei;Fizică tehnologică;Public;Acreditat;Fizică tehnologică;Științe inginerești aplicate;Științe Inginerești;Dosar;17;13
Facultatea de Ştiinţe Economice;Universitatea "Ovidius" din Constanţa;Constanta, Constanta;87;7.20;0.33;3.200 lei;Marketing;Public;Acreditat;Marketing;Marketing;Științe Economice;Dosar;19;68
Facultatea de Inginerie Mecanică, Industrială şi Maritimă;Universitatea "Ovidius" din Constanţa;Constanta, Constanta;40;N/A;0.90;3.200 lei;Autovehicule rutiere (IFR);Public;Acreditat;Autovehicule rutiere;Ingineria autovehiculelor;Științe Inginerești;Dosar;0;40
Facultatea de Construcţii;Universitatea "Ovidius" din Constanţa;Constanta, Constanta;N/A;N/A;N/A;3.300 lei;Construcții civile, industriale și agricole;Public;Acreditat;Inginerie civilă;Inginerie civilă;Științe Inginerești;Dosar;0;0
Facultatea de Arte;Universitatea "Ovidius" din Constanţa;Constanta, Constanta;11;6.16;1.36;5.500 lei;Pedagogia artelor plastice şi decorative;Public;Acreditat;Pedagogia artelor plastice şi decorative;Arte vizuale;Arte, Arhitectură și Urbanism ;Examen;11;0
Facultatea de Psihologie şi Ştiinţele Educaţiei;Universitatea "Ovidius" din Constanţa;Constanta, Constanta;99;9.11;0.55;3.300 lei;Psihologie;Public;Acreditat;Psihologie;Psihologie;Științe Sociale și Psihologie;Dosar;21;78
Facultatea de Teologie;Universitatea "Ovidius" din Constanţa;Constanta, Constanta;98;7.36;0.92;3.000 lei;Teologie ortodoxă pastorală;Public;Acreditat;Teologie pastorală;Teologie;Teologie;Examen;28;70
Facultatea de Litere;Universitatea "Ovidius" din Constanţa;Constanta, Constanta;71;7.46;0.28;3.500 lei;Jurnalism;Public;Acreditat;Jurnalism;Ştiinţe ale comunicării;Științe Politice și Comunicare;Examen;16;55
Facultatea de Istorie şi Ştiinţe Politice;Universitatea "Ovidius" din Constanţa;Constanta, Constanta;40;7.80;0.38;3.000 lei;Ştiinţe politice;Public;Acreditat;Ştiinţe politice;Ştiinţe politice;Științe Politice și Comunicare;Dosar;16;24
Facultatea de Ştiinţe ale Naturii şi Ştiinţe Agricole;Universitatea "Ovidius" din Constanţa;Constanta, Constanta;40;8.05;1.75;3.350 lei;Geografia turismului;Public;Autorizat;Geografia turismului;Geografie;Științe ale Naturii;Dosar;15;25
Facultatea de Educaţie Fizică şi Sport;Universitatea "Ovidius" din Constanţa;Constanta, Constanta;48;9.66;1.17;3.300 lei;Sport şi performanţă motrică;Public;Autorizat;Sport şi performanţă motrică;Educaţie fizică şi sport;Ştiinţa Sportului şi Educaţiei Fizice;Examen;19;29
Facultatea de Matematică şi Informatică;Universitatea "Ovidius" din Constanţa;Constanta, Constanta;100;N/A;N/A;3.100 lei;Matematică Informatică;Public;Acreditat;Matematică informatică;Matematică;Științe Exacte;Dosar;60;40
Facultatea de Ştiinţe Economice;Universitatea "Ovidius" din Constanţa;Constanta, Constanta;50;N/A;0.30;3.000 lei;Economia Comerțului, Turismului și Serviciilor (ID);Public;Acreditat;Economia comerţului, turismului şi serviciilor;Administrarea afacerilor;Științe Economice;Dosar;0;50
Facultatea de Medicină Dentară;Universitatea "Ovidius" din Constanţa;Constanta, Constanta;50;8.38;4.00;7.000 lei;Medicină dentară;Public;Acreditat;Medicină dentară ;Medicină dentară;Medicină;Examen;30;20
Facultatea de Medicină;Universitatea "Ovidius" din Constanţa;Constanta, Constanta;230;8.52;2.23;7.000 lei;Medicină;Public;Acreditat;Medicină;Medicină;Medicină;Examen;130;100
Facultatea de Medicină;Universitatea "Ovidius" din Constanţa;Constanta, Constanta;50;7.22;1.24;N/A;Balneofiziokinetoterapie şi recuperare;Public;Acreditat;Balneofiziokinetoterapie şi recuperare;Medicină;Medicină;Examen;16;34
Facultatea de Inginerie Mecanică, Industrială şi Maritimă;Universitatea "Ovidius" din Constanţa;Constanta, Constanta;80;5.96;0.50;3.200 lei;Instalații și echipamente portuare și marine;Public;Acreditat;Inginerie şi management naval şi portuar;Inginerie și management;Științe Inginerești;Dosar;50;30
Facultatea de Farmacie;Universitatea "Ovidius" din Constanţa;Constanta, Constanta;70;6.97;1.43;700 lei;Farmacie;Public;Acreditat;Farmacie ;Farmacie;Medicină;Examen;27;43
Facultatea de Inginerie Mecanică, Industrială şi Maritimă;Universitatea "Ovidius" din Constanţa;Constanta, Constanta;130;7.06;0.46;3.200 lei;Sisteme şi echipamente navale;Public;Acreditat;Sisteme şi echipamente navale;Arhitectură navală;Științe Inginerești;Dosar;75;55
Facultatea de Psihologie şi Ştiinţele Educaţiei;Universitatea "Ovidius" din Constanţa;Constanta, Constanta;80;8.61;1.74;3.300 lei;Pedagogia învăţământului primar şi preşcolar;Public;Acreditat;Pedagogia învăţământului primar şi preşcolar;Științe ale educației;Științe Politice și Comunicare;Examen;25;55
Facultatea de Arte;Universitatea "Ovidius" din Constanţa;Constanta, Constanta;10;7.50;0.80;6.000 lei;Artele spectacolului (coregrafie);Public;Autorizat;Artele spectacolului;Teatru şi artele spectacolului;Arte, Arhitectură și Urbanism ;Examen;5;5
Facultatea de Teologie;Universitatea "Ovidius" din Constanţa;Constanta, Constanta;50;6.11;0.40;2.800 lei;Teologie ortodoxă didactică;Public;Acreditat;Teologie didactică;Teologie;Teologie;Examen;15;35
Facultatea de Litere;Universitatea "Ovidius" din Constanţa;Constanta, Constanta;84;8.85;1.07;3.500 lei;Limba şi literatura română - O limbă şi literatură modernă (engleză, italiană, germană, turcă, franceză);Public;Acreditat;Limba şi literatura română;Limbă şi literatură;Științe Umaniste;Examen;32;52
Facultatea de Istorie şi Ştiinţe Politice;Universitatea "Ovidius" din Constanţa;Constanta, Constanta;34;6.95;1.24;3.000 lei;Istorie;Public;Acreditat;Istorie;Istorie;Științe Umaniste;Dosar;16;18
Facultatea de Ştiinţe ale Naturii şi Ştiinţe Agricole;Universitatea "Ovidius" din Constanţa;Constanta, Constanta;N/A;N/A;N/A;3.600 lei;Agricultură;Public;Acreditat;Agricultură;Agronomie;Științe Agricole;Dosar;0;0
Facultatea de Ştiinţe ale Naturii şi Ştiinţe Agricole;Universitatea "Ovidius" din Constanţa;Constanta, Constanta;N/A;6.23;N/A;3.600 lei;Horticultură;Public;Acreditat;Horticultură;Horticultură;Științe Agricole;Dosar;0;0
Facultatea de Drept și Ştiinţe Administrative;Universitatea "Ovidius" din Constanţa;Constanta, Constanta;50;9.31;N/A;3.000 lei;Poliţie locală;Public;Acreditat;Poliţie locală;Ştiinţe administrative;Științe Politice și Comunicare;Dosar;7;43
Facultatea de Drept și Ştiinţe Administrative;Universitatea "Ovidius" din Constanţa;Constanta, Constanta;75;N/A;0.88;2.800 lei;Drept (IFR);Public;Acreditat;Drept;Drept;Științe Juridice;Dosar;0;75
Facultatea de Științe Aplicate și Inginerie;Universitatea "Ovidius" din Constanţa;Constanta, Constanta;30;7.20;0.63;4.500 lei;Chimie alimentară şi tehnologii biochimice;Public;Autorizat;Chimie alimentară şi tehnologii biochimice;Inginerie chimică;Științe Inginerești;Dosar;9;21
Facultatea de Științe Aplicate și Inginerie;Universitatea "Ovidius" din Constanţa;Constanta, Constanta;40;6.06;0.80;4.500 lei;Chimie;Public;Acreditat;Chimie;Chimie;Științe Exacte;Dosar;17;23
Facultatea de Ştiinţe Economice;Universitatea "Ovidius" din Constanţa;Constanta, Constanta;87;8.50;0.71;3.200 lei;Contabilitate și informatică de gestiune;Public;Acreditat;Contabilitate şi informatică de gestiune;Contabilitate;Științe Economice;Dosar;19;68
Facultatea de Ştiinţe Economice;Universitatea "Ovidius" din Constanţa;Constanta, Constanta;86;7.87;0.63;3.200 lei;Management;Public;Acreditat;Management;Management;Științe Economice;Dosar;19;67
Facultatea de Ştiinţe Economice;Universitatea "Ovidius" din Constanţa;Constanta, Constanta;50;N/A;0.18;3.000 lei;Finanțe și bănci (ID);Public;Acreditat;Finanţe şi bănci;Finanţe;Științe Economice;Dosar;0;50
Facultatea de Ştiinţe Economice;Universitatea "Ovidius" din Constanţa;Constanta, Constanta;50;N/A;0.40;3.000 lei;Afaceri internaționale (ID);Public;Acreditat;Afaceri internaţionale;Economie şi afaceri internaţionale;Științe Economice;Dosar;0;50
Facultatea de Științe Aplicate și Inginerie;Universitatea "Ovidius" din Constanţa;Constanta, Constanta;40;N/A;N/A;4.500 lei;Chimie medicala;Public;Autorizat;Chimie medicală;Chimie;Științe Exacte;Dosar;17;23
Facultatea de Medicină Dentară;Universitatea "Ovidius" din Constanţa;Constanta, Constanta;50;8.92;1.36;4.500 lei;Tehnică Dentară;Public;Acreditat;Tehnică dentară;Medicină dentară;Medicină;Examen;13;37
Facultatea de Ştiinţe Economice;Universitatea "Ovidius" din Constanţa;Constanta, Constanta;90;6.33;N/A;2.200 lei;Administrarea afacerilor (în limba engleză);Public;Acreditat;Administrarea afacerilor;Administrarea afacerilor;Științe Economice;Dosar;19;71
Facultatea de Inginerie Mecanică, Industrială şi Maritimă;Universitatea "Ovidius" din Constanţa;Constanta, Constanta;56;6.65;1.25;3.200 lei;Energetică industrială;Public;Acreditat;Energetică industrială;Inginerie energetică;Științe Inginerești;Dosar;37;19
Facultatea de Farmacie;Universitatea "Ovidius" din Constanţa;Constanta, Constanta;10;7.35;2.40;3.500 lei;Asistenţă de farmacie;Public;Acreditat;Asistenţă de farmacie;Farmacie;Medicină;Examen;10;0
Facultatea de Construcţii;Universitatea "Ovidius" din Constanţa;Constanta, Constanta;N/A;N/A;N/A;3.300 lei;Amenajări și construcții hidrotehnice;Public;Acreditat;Amenajări şi construcţii hidrotehnice;Inginerie civilă;Științe Inginerești;Dosar;0;0
Facultatea de Psihologie şi Ştiinţele Educaţiei;Universitatea "Ovidius" din Constanţa;Constanta, Constanta;60;7.36;0.88;2.900 lei;Psihopedagogie specială;Public;Acreditat;Psihopedagogie specială;Științe ale educației;Științe Politice și Comunicare;Dosar;20;40
Facultatea de Litere;Universitatea "Ovidius" din Constanţa;Constanta, Constanta;110;8.28;0.64;3.500 lei;Limba şi literatura engleză - Limba şi literatura modernă (germană/turcă/franceză/italiană);Public;Autorizat;Limbă şi literatură;Limbă şi literatură;Științe Umaniste;Examen;35;75
Facultatea de Litere;Universitatea "Ovidius" din Constanţa;Constanta, Constanta;75;N/A;0.20;3.300 lei;Limba şi literatura română - O limbă şi literatură modernă (engleză, italiană);Public;Acreditat;Limba şi literatura română;Limbă şi literatură;Științe Umaniste;Examen;0;75
Facultatea de Teologie;Universitatea "Ovidius" din Constanţa;Constanta, Constanta;40;6.01;0.33;5.000 lei;Muzică religioasă;Public;Autorizat;Muzică religioasă;Muzică;Arte, Arhitectură și Urbanism ;Examen;30;10
Facultatea de Ştiinţe ale Naturii şi Ştiinţe Agricole;Universitatea "Ovidius" din Constanţa;Constanta, Constanta;40;8.80;2.50;3.600 lei;Biologie;Public;Acreditat;Biologie;Biologie;Științe ale Naturii;Dosar;16;24
Facultatea de Istorie şi Ştiinţe Politice;Universitatea "Ovidius" din Constanţa;Constanta, Constanta;40;8.53;1.10;3.000 lei;Relații internaționale și studii europene;Public;Acreditat;Relaţii internaţionale şi studii europene;Relații internaționale și studii europene;Științe Politice și Comunicare;Dosar;16;24
Facultatea de Drept și Ştiinţe Administrative;Universitatea "Ovidius" din Constanţa;Constanta, Constanta;196;9.33;1.37;3.200 lei;Drept;Public;Acreditat;Drept;Drept;Științe Juridice;Dosar;28;168
Facultatea de Educaţie Fizică şi Sport;Universitatea "Ovidius" din Constanţa;Constanta, Constanta;70;8.99;1.10;3.300 lei;Educație fizică și sportivă;Public;Acreditat;Educaţie fizică şi sportivă;Educaţie fizică şi sport;Ştiinţa Sportului şi Educaţiei Fizice;Examen;25;45
Facultatea de Științe Aplicate și Inginerie;Universitatea "Ovidius" din Constanţa;Constanta, Constanta;30;6.31;0.70;4.500 lei;Prelucrarea petrolului şi petrochimie;Public;Acreditat;Prelucrarea petrolului şi petrochimie;Inginerie chimică;Științe Inginerești;Dosar;9;21
Facultatea de Matematică şi Informatică;Universitatea "Ovidius" din Constanţa;Constanta, Constanta;100;6.03;0.35;3.800 lei;Informatică (în limba engleză);Public;Autorizat;Informatică;Informatică;Științe Exacte;Dosar;60;40
Facultatea de Ştiinţe Economice;Universitatea "Ovidius" din Constanţa;Constanta, Constanta;86;6.98;0.60;3.200 lei;Economia comerțului, turismului și serviciilor;Public;Acreditat;Economia comerţului, turismului şi serviciilor;Administrarea afacerilor;Științe Economice;Dosar;23;63
Facultatea de Ştiinţe Economice;Universitatea "Ovidius" din Constanţa;Constanta, Constanta;50;N/A;0.64;3.000 lei;Contabilitate și informatică de gestiune (ID);Public;Acreditat;Contabilitate şi informatică de gestiune;Contabilitate;Științe Economice;Dosar;0;50
Facultatea de Ştiinţe Economice;Universitatea "Ovidius" din Constanţa;Constanta, Constanta;84;7.66;0.42;3.200 lei;Afaceri internaţionale;Public;Acreditat;Afaceri internaţionale;Economie şi afaceri internaţionale;Științe Economice;Dosar;19;65
Facultatea de Medicină;Universitatea "Ovidius" din Constanţa;Constanta, Constanta;47;N/A;N/A;5.000 lei;Medicină (în limba engleză);Public;Acreditat;Medicină;Medicină;Medicină;Examen;0;47
Facultatea de Inginerie Mecanică, Industrială şi Maritimă;Universitatea "Ovidius" din Constanţa;Constanta, Constanta;130;7.48;N/A;3.200 lei;Autovehicule rutiere;Public;Acreditat;Autovehicule rutiere;Ingineria autovehiculelor;Științe Inginerești;Dosar;75;55
Facultatea de Inginerie Mecanică, Industrială şi Maritimă;Universitatea "Ovidius" din Constanţa;Constanta, Constanta;100;6.17;0.37;3.200 lei;Inginerie economică în domeniul mecanic;Public;Acreditat;Inginerie economică în domeniul mecanic;Inginerie și management;Științe Inginerești;Dosar;60;40
Facultatea de Construcţii;Universitatea "Ovidius" din Constanţa;Constanta, Constanta;N/A;N/A;N/A;3.300 lei;Îmbunătățiri funciare și dezvoltare rurală;Public;Acreditat;Îmbunătăţiri funciare şi dezvoltare rurală;Inginerie civilă;Științe Inginerești;Dosar;0;0
Facultatea de Arte;Universitatea "Ovidius" din Constanţa;Constanta, Constanta;7;6.33;1.43;6.000 lei;Interpretare muzicală - canto;Public;Acreditat;Interpretare muzicală - canto;Muzică;Arte, Arhitectură și Urbanism ;Examen;7;0
Facultatea de Arte;Universitatea "Ovidius" din Constanţa;Constanta, Constanta;10;5.00;2.40;5.500 lei;Muzica;Public;Acreditat;Pedagogie muzicală;Muzică;Arte, Arhitectură și Urbanism ;Examen;10;0
Facultatea de Ştiinţe Politice şi Administrative;Universitatea "Petre Andrei" din Iaşi;Iasi, Iasi;100;N/A;N/A;3.000 lei;Stiinte Politice;Public;Acreditat;Ştiinţe politice;Ştiinţe politice;Științe Politice și Comunicare;Dosar;0;100
Facultatea de Drept;Universitatea "Petre Andrei" din Iaşi;Iasi, Iasi;150;N/A;N/A;4.700 lei;Drept;Public;Acreditat;Drept;Drept;Științe Juridice;Dosar;0;150
Facultatea de Economie;Universitatea "Petre Andrei" din Iaşi;Iasi, Iasi;60;N/A;N/A;3.000 lei;Finanţe și bănci;Public;Acreditat;Finanţe şi bănci;Finanţe;Științe Economice;Dosar;0;60
Facultatea de Economie;Universitatea "Petre Andrei" din Iaşi;Iasi, Iasi;75;N/A;N/A;3.000 lei;Contabilitate si Informatica de Gestiune;Public;Acreditat;Contabilitate şi informatică de gestiune;Contabilitate;Științe Economice;Dosar;0;75
Facultatea de Economie;Universitatea "Petre Andrei" din Iaşi;Iasi, Iasi;50;N/A;N/A;3.000 lei;Marketing;Public;Acreditat;Marketing;Marketing;Științe Economice;Dosar;0;50
Facultatea de Psihologie şi Ştiinţele Educaţiei;Universitatea "Petre Andrei" din Iaşi;Iasi, Iasi;150;N/A;N/A;4.400 lei;Psihologie;Public;Acreditat;Psihologie;Psihologie;Științe Sociale și Psihologie;Dosar;0;150
Facultatea de Asistenţă Socială şi Sociologie;Universitatea "Petre Andrei" din Iaşi;Iasi, Iasi;125;N/A;N/A;3.300 lei;Asistenţă Socială;Public;Acreditat;Asistenţă socială;Asistenţă socială;Științe Sociale și Psihologie;Dosar;0;125
Facultatea de Inginerie;Universitatea "Petru Maior" din Târgu Mureş;Targu Mures, Mures;36;6.03;N/A;2.900 lei;Tehnologia construcţiilor de maşini;Public;Acreditat;Tehnologia construcţiilor de maşini;Inginerie industrială;Științe Inginerești;Dosar;30;6
Facultatea de Inginerie;Universitatea "Petru Maior" din Târgu Mureş;Targu Mures, Mures;55;6.88;N/A;2.900 lei;Automatică şi informatică aplicată;Public;Acreditat;Automatică şi informatică aplicată;Ingineria sistemelor și inginerie mecanică;Științe Inginerești;Dosar;45;10
Facultatea de Ştiinţe Economice, Juridice şi Administrative;Universitatea "Petru Maior" din Târgu Mureş;Targu Mures, Mures;32;7.13;N/A;2.900 lei;Administraţie publică;Public;Acreditat;Administraţie publică;Ştiinţe administrative;Științe Politice și Comunicare;Dosar;18;14
Facultatea de Ştiinţe şi Litere;Universitatea "Petru Maior" din Târgu Mureş;Targu Mures, Mures;21;6.11;N/A;2.900 lei;Ştiinţe politice;Public;Autorizat;Ştiinţe politice;Ştiinţe politice;Științe Politice și Comunicare;Dosar;19;2
Facultatea de Ştiinţe Economice, Juridice şi Administrative;Universitatea "Petru Maior" din Târgu Mureş;Targu Mures, Mures;45;7.26;N/A;2.900 lei;Management;Public;Acreditat;Management;Management;Științe Economice;Dosar;20;25
Facultatea de Ştiinţe Economice, Juridice şi Administrative;Universitatea "Petru Maior" din Târgu Mureş;Targu Mures, Mures;38;7.48;N/A;2.900 lei;Contabilitate şi informatică de gestiune;Public;Acreditat;Contabilitate şi informatică de gestiune;Contabilitate;Științe Economice;Dosar;20;18
Facultatea de Ştiinţe Economice, Juridice şi Administrative;Universitatea "Petru Maior" din Târgu Mureş;Targu Mures, Mures;67;8.55;N/A;2.900 lei;Drept;Public;Acreditat;Drept;Drept;Științe Juridice;Dosar;26;41
Facultatea de Ştiinţe Economice, Juridice şi Administrative;Universitatea "Petru Maior" din Târgu Mureş;Targu Mures, Mures;33;7.30;N/A;4.500 lei;Economia comerţului, turismului şi serviciilor;Public;Acreditat;Economia comerţului, turismului şi serviciilor;Administrarea afacerilor;Științe Economice;Dosar;23;10
Facultatea de Inginerie;Universitatea "Petru Maior" din Târgu Mureş;Targu Mures, Mures;47;7.51;N/A;2.900 lei;Inginerie economică industrială;Public;Acreditat;Inginerie economică industrială;Inginerie și management;Științe Inginerești;Dosar;35;12
Facultatea de Ştiinţe şi Litere;Universitatea "Petru Maior" din Târgu Mureş;Targu Mures, Mures;20;6.18;N/A;2.900 lei;Istorie;Public;Acreditat;Istorie;Istorie;Științe Umaniste;Dosar;20;0
Facultatea de Ştiinţe şi Litere;Universitatea "Petru Maior" din Târgu Mureş;Targu Mures, Mures;74;7.23;N/A;2.900 lei;Informatică;Public;Acreditat;Informatică;Informatică;Științe Exacte;Dosar;43;31
Facultatea de Inginerie;Universitatea "Petru Maior" din Târgu Mureş;Targu Mures, Mures;33;6.13;N/A;2.900 lei;Ingineria sistemelor electroenergetice;Public;Acreditat;Ingineria sistemelor electroenergetice;Inginerie energetică;Științe Inginerești;Dosar;31;2
Facultatea de Ştiinţe şi Litere;Universitatea "Petru Maior" din Târgu Mureş;Targu Mures, Mures;19;6.23;N/A;2.900 lei;Limbi moderne aplicate;Public;Acreditat;Limbi moderne aplicate;Limbi moderne aplicate;Științe Umaniste;Dosar;15;4
Facultatea de Ştiinţe şi Litere;Universitatea "Petru Maior" din Târgu Mureş;Targu Mures, Mures;25;7.53;N/A;2.900 lei;Limba şi literatura română - Limba şi literatura engleză;Public;Acreditat;Limba şi literatura română;Limbă şi literatură;Științe Umaniste;Dosar;16;9
Facultatea de Ştiinţe Economice, Juridice şi Administrative;Universitatea "Petru Maior" din Târgu Mureş;Targu Mures, Mures;41;7.35;N/A;2.900 lei;Finanţe şi bănci;Public;Acreditat;Finanţe şi bănci;Finanţe;Științe Economice;Dosar;22;19
Facultatea de Ştiinţe şi Litere;Universitatea "Petru Maior" din Târgu Mureş;Targu Mures, Mures;20;6.66;N/A;2.900 lei;Comunicare şi relaţii publice;Public;Autorizat;Comunicare şi relaţii publice;Ştiinţe ale comunicării;Științe Politice și Comunicare;Dosar;13;7
Facultatea de Ştiinţe Economice;Universitatea "Româno-Germană" din Sibiu;Sibiu, Sibiu;N/A;N/A;N/A;2.240 lei;Economia comerțului, turismului, serviciilor și managementul calității;Public;Acreditat;Economia comerţului, turismului, serviciilor şi managementul calităţii;Administrarea afacerilor;Științe Economice;Examen;0;0
Facultatea de Drept și Științe Administrative;Universitatea "Româno-Germană" din Sibiu;Sibiu, Sibiu;N/A;N/A;N/A;2.240 lei;Drept;Public;Acreditat;Drept;Drept;Științe Juridice;Examen;0;0
Facultatea de Ştiinţe Economice;Universitatea "Româno-Germană" din Sibiu;Sibiu, Sibiu;N/A;N/A;N/A;2.240 lei;Management;Public;Acreditat;Management;Management;Științe Economice;Examen;0;0
Facultatea de Ştiinţe Economice;Universitatea "Româno-Germană" din Sibiu;Sibiu, Sibiu;N/A;N/A;N/A;2.240 lei;Contabilitate și informatică de gestiune;Public;Acreditat;Contabilitate şi informatică de gestiune;Contabilitate;Științe Economice;Examen;0;0
Facultatea de Ştiinţe Economice, Socio-Umane şi Inginereşti din Miercurea Ciuc;Universitatea "Sapientia" din Cluj-Napoca;Miercurea Ciuc, Harghita;25;N/A;N/A;1.126 lei;Resurse umane;Public;Autorizat;Resurse umane;Sociologie;Științe Sociale și Psihologie;Examen;10;15
Facultatea de Ştiinţe Economice, Socio-Umane şi Inginereşti din Miercurea Ciuc;Universitatea "Sapientia" din Cluj-Napoca;Miercurea Ciuc, Harghita;30;N/A;N/A;1.126 lei;Marketing;Public;Autorizat;Marketing;Marketing;Științe Economice;Examen;15;15
Facultatea de Științe și Arte;Universitatea "Sapientia" din Cluj-Napoca;Cluj-Napoca, Cluj;N/A;N/A;N/A;2.026 lei;Drept;Public;Autorizat;Drept;Drept;Științe Juridice;Examen;0;0
Facultatea de Științe Tehnice și Umaniste din Târgu Mureș;Universitatea "Sapientia" din Cluj-Napoca;Targu Mures, Mures;N/A;N/A;N/A;1.800 lei;Servicii şi politici de sănătate publică (Public Health);Public;Autorizat;Servicii şi politici de sănătate publică (Public Health);Ştiinţe administrative;Științe Politice și Comunicare;Dosar;0;0
Facultatea de Științe Tehnice și Umaniste din Târgu Mureș;Universitatea "Sapientia" din Cluj-Napoca;Targu Mures, Mures;40;N/A;N/A;1.800 lei;Automatică şi informatică aplicată;Public;Acreditat;Automatică şi informatică aplicată;Ingineria sistemelor și inginerie mecanică;Științe Inginerești;Dosar;20;20
Facultatea de Științe Tehnice și Umaniste din Târgu Mureș;Universitatea "Sapientia" din Cluj-Napoca;Targu Mures, Mures;40;N/A;N/A;1.800 lei;Peisagistică;Public;Autorizat;Peisagistică;Horticultură;Științe Agricole;Dosar;15;25
Facultatea de Ştiinţe Economice, Socio-Umane şi Inginereşti din Miercurea Ciuc;Universitatea "Sapientia" din Cluj-Napoca;Miercurea Ciuc, Harghita;50;N/A;N/A;1.126 lei;Comunicare şi relaţii publice;Public;Acreditat;Comunicare şi relaţii publice;Ştiinţe ale comunicării;Științe Politice și Comunicare;Examen;16;34
Facultatea de Ştiinţe Economice, Socio-Umane şi Inginereşti din Miercurea Ciuc;Universitatea "Sapientia" din Cluj-Napoca;Miercurea Ciuc, Harghita;20;N/A;N/A;1.126 lei;Ingineria şi protecţia mediului în industrie;Public;Acreditat;Ingineria şi protecţia mediului în industrie;Ingineria mediului;Științe Inginerești;Examen;10;10
Facultatea de Ştiinţe Economice, Socio-Umane şi Inginereşti din Miercurea Ciuc;Universitatea "Sapientia" din Cluj-Napoca;Miercurea Ciuc, Harghita;25;N/A;N/A;1.126 lei;Inginerie genetică;Public;Autorizat;Inginerie genetică;Biotehnologii;Științe Agricole;Examen;20;5
Facultatea de Ştiinţe Economice, Socio-Umane şi Inginereşti din Miercurea Ciuc;Universitatea "Sapientia" din Cluj-Napoca;Miercurea Ciuc, Harghita;50;N/A;N/A;1.126 lei;Limba şi literatura română - Limba şi literatura engleză;Public;Acreditat;Limba şi literatura română;Limbă şi literatură;Științe Umaniste;Examen;19;31
Facultatea de Științe și Arte;Universitatea "Sapientia" din Cluj-Napoca;Cluj-Napoca, Cluj;30;N/A;N/A;1.126 lei;Relaţii internaţionale şi studii europene;Public;Acreditat;Relaţii internaţionale şi studii europene;Relații internaționale și studii europene;Științe Politice și Comunicare;Examen;23;7
Facultatea de Științe Tehnice și Umaniste din Târgu Mureș;Universitatea "Sapientia" din Cluj-Napoca;Targu Mures, Mures;30;N/A;N/A;1.800 lei;Agricultură (la Sfântu Gheorghe);Public;Autorizat;Agricultură;Agronomie;Științe Agricole;Dosar;25;5
Facultatea de Științe Tehnice și Umaniste din Târgu Mureș;Universitatea "Sapientia" din Cluj-Napoca;Targu Mures, Mures;40;N/A;N/A;1.800 lei;Comunicare şi relaţii publice;Public;Acreditat;Comunicare şi relaţii publice;Ştiinţe ale comunicării;Științe Politice și Comunicare;Dosar;15;25
Facultatea de Științe Tehnice și Umaniste din Târgu Mureș;Universitatea "Sapientia" din Cluj-Napoca;Targu Mures, Mures;39;N/A;N/A;1.800 lei;Tehnologii şi sisteme de telecomunicaţii;Public;Autorizat;Tehnologii şi sisteme de telecomunicaţii;Inginerie electronică, telecomunicații și tehnologii informaționale;Științe Inginerești;Dosar;12;27
Facultatea de Ştiinţe Economice, Socio-Umane şi Inginereşti din Miercurea Ciuc;Universitatea "Sapientia" din Cluj-Napoca;Miercurea Ciuc, Harghita;40;N/A;N/A;1.126 lei;Ingineria produselor alimentare;Public;Acreditat;Ingineria produselor alimentare;Ingineria produselor alimentare;Științe Agricole;Examen;20;20
Facultatea de Ştiinţe Economice, Socio-Umane şi Inginereşti din Miercurea Ciuc;Universitatea "Sapientia" din Cluj-Napoca;Miercurea Ciuc, Harghita;50;N/A;N/A;1.126 lei;Contabilitate şi informatică de gestiune;Public;Acreditat;Contabilitate şi informatică de gestiune;Contabilitate;Științe Economice;Examen;25;25
Facultatea de Ştiinţe Economice, Socio-Umane şi Inginereşti din Miercurea Ciuc;Universitatea "Sapientia" din Cluj-Napoca;Miercurea Ciuc, Harghita;30;N/A;N/A;1.126 lei;Literatură universală şi comparată - Limba și literatura engleză;Public;Autorizat;Literatură universală şi comparată;Limbă şi literatură;Științe Umaniste;Examen;13;17
Facultatea de Științe și Arte;Universitatea "Sapientia" din Cluj-Napoca;Cluj-Napoca, Cluj;25;N/A;1.00;1.576 lei;Cinematografie, fotografie, media (Regie de film şi TV, Imagine de film şi TV, Comunicare audiovizuală: scenaristică, publicitate media, filmologie);Public;Acreditat;Cinematografie, fotografie, media;Cinematografie şi media;Arte, Arhitectură și Urbanism ;Examen;12;13
Facultatea de Științe și Arte;Universitatea "Sapientia" din Cluj-Napoca;Cluj-Napoca, Cluj;25;N/A;N/A;1.126 lei;Ştiinţa mediului;Public;Acreditat;Ştiinţa mediului;Ştiinţa mediului;Științe ale Naturii;Dosar;13;12
Facultatea de Științe Tehnice și Umaniste din Târgu Mureș;Universitatea "Sapientia" din Cluj-Napoca;Targu Mures, Mures;40;N/A;N/A;1.800 lei;Tehnologia construcţiilor de maşini;Public;Autorizat;Tehnologia construcţiilor de maşini;Inginerie industrială;Științe Inginerești;Dosar;15;25
Facultatea de Ştiinţe Economice, Socio-Umane şi Inginereşti din Miercurea Ciuc;Universitatea "Sapientia" din Cluj-Napoca;Miercurea Ciuc, Harghita;30;N/A;N/A;1.126 lei;Inginerie și management în alimentația publică și agroturism;Public;Autorizat;Inginerie şi management în alimentaţia publică şi agroturism;Inginerie şi management în agricultură și dezvoltare rurală;Științe Agricole;Examen;16;14
Facultatea de Ştiinţe Economice, Socio-Umane şi Inginereşti din Miercurea Ciuc;Universitatea "Sapientia" din Cluj-Napoca;Miercurea Ciuc, Harghita;30;N/A;N/A;1.126 lei;Economie agroalimentară;Public;Acreditat;Economie agroalimentară;Economie;Științe Economice;Examen;20;10
Facultatea de Științe Tehnice și Umaniste din Târgu Mureș;Universitatea "Sapientia" din Cluj-Napoca;Targu Mures, Mures;45;N/A;N/A;1.800 lei;Calculatoare;Public;Acreditat;Calculatoare;Calculatoare și tehnologia informației;Științe Inginerești;Dosar;20;25
Facultatea de Științe Tehnice și Umaniste din Târgu Mureș;Universitatea "Sapientia" din Cluj-Napoca;Targu Mures, Mures;20;30.00;N/A;1.800 lei;Traducere şi interpretare;Public;Acreditat;Traducere și interpretare;Limbi moderne aplicate;Științe Umaniste;Dosar;0;20
Facultatea de Ştiinţe Economice, Socio-Umane şi Inginereşti din Miercurea Ciuc;Universitatea "Sapientia" din Cluj-Napoca;Miercurea Ciuc, Harghita;30;N/A;N/A;1.126 lei;Informatică economică;Public;Acreditat;Informatică economică;Informatică economică;Științe Economice;Examen;20;10
Facultatea de Ştiinţe Economice, Socio-Umane şi Inginereşti din Miercurea Ciuc;Universitatea "Sapientia" din Cluj-Napoca;Miercurea Ciuc, Harghita;25;N/A;N/A;1.126 lei;Sociologie;Public;Acreditat;Sociologie;Sociologie;Științe Sociale și Psihologie;Examen;10;15
Facultatea de Ştiinţe Economice, Socio-Umane şi Inginereşti din Miercurea Ciuc;Universitatea "Sapientia" din Cluj-Napoca;Miercurea Ciuc, Harghita;30;N/A;N/A;1.126 lei;Economie generală;Public;Acreditat;Economie generală;Economie;Științe Economice;Examen;20;10
Facultatea de Științe Tehnice și Umaniste din Târgu Mureș;Universitatea "Sapientia" din Cluj-Napoca;Targu Mures, Mures;50;N/A;N/A;1.800 lei;Mecatronică;Public;Acreditat;Mecatronică;Mecatronică și robotică;Științe Inginerești;Dosar;25;25
Facultatea de Științe Tehnice și Umaniste din Târgu Mureș;Universitatea "Sapientia" din Cluj-Napoca;Targu Mures, Mures;60;N/A;N/A;1.800 lei;Informatică;Public;Acreditat;Informatică;Informatică;Științe Exacte;Dosar;25;35
Facultatea de Științe Tehnice și Umaniste din Târgu Mureș;Universitatea "Sapientia" din Cluj-Napoca;Targu Mures, Mures;50;N/A;N/A;1.800 lei;Horticultură;Public;Acreditat;Horticultură;Horticultură;Științe Agricole;Dosar;15;35
Facultatea de Științe Juridice, Economice și Administrative - extensie Craiova;Universitatea "Spiru Haret" din Bucureşti;Craiova, Dolj;100;N/A;N/A;3.000 lei;Finanţe şi bănci;Public;Acreditat;Finanţe şi bănci;Finanţe;Științe Economice;Examen;0;100
Facultatea de Educaţie Fizică şi Sport;Universitatea "Spiru Haret" din Bucureşti;Bucuresti, Bucuresti;150;N/A;N/A;4.300 lei;Kinetoterapie şi motricitate specială;Public;Acreditat;Kinetoterapie şi motricitate specială;Kinetoterapie;Ştiinţa Sportului şi Educaţiei Fizice;Examen;0;150
Facultatea de Psihologie și Științele Educației;Universitatea "Spiru Haret" din Bucureşti;Bucuresti, Bucuresti;125;N/A;N/A;3.900 lei;Psihologie (IFR);Public;Autorizat;Psihologie;Psihologie;Științe Sociale și Psihologie;Examen;0;125
Facultatea de Științe Juridice, Politice și Administrative;Universitatea "Spiru Haret" din Bucureşti;Bucuresti, Bucuresti;300;N/A;N/A;3.900 lei;Drept;Public;Acreditat;Drept;Drept;Științe Juridice;Examen;0;300
Facultatea de Științe Economice;Universitatea "Spiru Haret" din Bucureşti;Bucuresti, Bucuresti;75;N/A;N/A;3.900 lei;Management (IFR);Public;Autorizat;Management;Management;Științe Economice;Examen;0;75
Facultatea de Științe Juridice, Economice și Administrative - extensie Craiova;Universitatea "Spiru Haret" din Bucureşti;Craiova, Dolj;50;N/A;N/A;3.900 lei;Administrație publică (ID);Public;Acreditat;Administraţie publică;Ştiinţe administrative;Științe Politice și Comunicare;Examen;0;50
Facultatea de Ştiinţe Juridice şi Ştiinţe Economice - extensie Constanța;Universitatea "Spiru Haret" din Bucureşti;Constanta, Constanta;150;N/A;N/A;3.900 lei;Drept;Public;Acreditat;Drept;Drept;Științe Juridice;Examen;0;150
Facultatea de Medicină Veterinară;Universitatea "Spiru Haret" din Bucureşti;Bucuresti, Bucuresti;15;N/A;N/A;4.500 lei;Medicina veterinara (in limba engleza);Public;Autorizat;Medicină veterinară;Medicină veterinară;Medicină;Examen;0;15
Facultatea de Medicină Veterinară;Universitatea "Spiru Haret" din Bucureşti;Bucuresti, Bucuresti;50;N/A;N/A;6.100 lei;Medicină veterinară;Public;Acreditat;Medicină veterinară;Medicină veterinară;Medicină;Examen;0;50
Facultatea de Psihologie şi Științele Educației, Braşov;Universitatea "Spiru Haret" din Bucureşti;Brasov, Brasov;50;N/A;N/A;3.000 lei;Pedagogie (ID);Public;Autorizat;Pedagogie;Științe ale educației;Științe Politice și Comunicare;Examen;0;50
Facultatea de Psihologie și Științele Educației;Universitatea "Spiru Haret" din Bucureşti;Bucuresti, Bucuresti;200;N/A;N/A;3.900 lei;Psihologie;Public;Acreditat;Psihologie;Psihologie;Științe Sociale și Psihologie;Examen;0;200
Facultatea de Litere;Universitatea "Spiru Haret" din Bucureşti;Bucuresti, Bucuresti;80;N/A;N/A;3.900 lei;Limba şi literatura română - O limbă şi literatură modernă (engleză, franceză);Public;Acreditat;Limba şi literatura română;Limbă şi literatură;Științe Umaniste;Examen;0;80
Facultatea de Litere;Universitatea "Spiru Haret" din Bucureşti;Bucuresti, Bucuresti;75;N/A;N/A;4.100 lei;Limbi moderne aplicate (engleza - franceza/spaniola/ italiana/germana);Public;Autorizat;Limbi moderne aplicate;Limbi moderne aplicate;Științe Umaniste;Examen;0;75
Facultatea de Științe Economice;Universitatea "Spiru Haret" din Bucureşti;Bucuresti, Bucuresti;120;N/A;N/A;3.900 lei;Management;Public;Acreditat;Management;Management;Științe Economice;Examen;0;120
Facultatea de Științe Juridice, Politice și Administrative;Universitatea "Spiru Haret" din Bucureşti;Bucuresti, Bucuresti;50;N/A;N/A;3.900 lei;Administraţie publică;Public;Acreditat;Drept;Drept;Științe Juridice;Examen;0;50
Facultatea de Științe Juridice, Economice și Administrative - extensie Craiova;Universitatea "Spiru Haret" din Bucureşti;Craiova, Dolj;150;N/A;N/A;3.900 lei;Drept;Public;Acreditat;Drept;Drept;Științe Juridice;Examen;0;150
Facultatea de Științe Economice;Universitatea "Spiru Haret" din Bucureşti;Bucuresti, Bucuresti;75;N/A;N/A;3.900 lei;Management (ID);Public;Autorizat;Management;Management;Științe Economice;Examen;0;75
Facultatea de Științe Juridice, Economice și Administrative - extensie Craiova;Universitatea "Spiru Haret" din Bucureşti;Craiova, Dolj;50;N/A;N/A;3.900 lei;Administrație publică (IFR);Public;Autorizat;Administraţie publică;Ştiinţe administrative;Științe Politice și Comunicare;Examen;0;50
Facultatea de Ştiinţe Juridice şi Ştiinţe Economice - extensie Constanța;Universitatea "Spiru Haret" din Bucureşti;Constanta, Constanta;60;N/A;N/A;3.900 lei;Management (in limba engleza);Public;Autorizat;Management;Management;Științe Economice;Examen;0;60
Facultatea de Ştiinţe Juridice şi Ştiinţe Economice - extensie Constanța;Universitatea "Spiru Haret" din Bucureşti;Constanta, Constanta;100;N/A;N/A;3.900 lei;Management;Public;Acreditat;Management;Management;Științe Economice;Examen;0;100
Facultatea de Educaţie Fizică şi Sport;Universitatea "Spiru Haret" din Bucureşti;Bucuresti, Bucuresti;150;N/A;N/A;4.300 lei;Educaţie fizică şi sportivă;Public;Acreditat;Educaţie fizică şi sportivă;Educaţie fizică şi sport;Ştiinţa Sportului şi Educaţiei Fizice;Examen;0;150
Facultatea de Litere;Universitatea "Spiru Haret" din Bucureşti;Bucuresti, Bucuresti;50;N/A;N/A;4.100 lei;Limba şi literatura engleză - Limbi şi literaturi moderne (franceză, germană, spaniolă, italiană, rusă)/clasică (latină);Public;Acreditat;Limbă şi literatură;Limbă şi literatură;Științe Umaniste;Examen;0;50
Facultatea de Științe Juridice, Economice și Administrative, Braşov;Universitatea "Spiru Haret" din Bucureşti;Brasov, Brasov;100;N/A;N/A;3.900 lei;Management;Public;Acreditat;Management;Management;Științe Economice;Examen;0;100
Facultatea de Științe Juridice, Politice și Administrative;Universitatea "Spiru Haret" din Bucureşti;Bucuresti, Bucuresti;100;N/A;N/A;3.900 lei;Drept (IFR);Public;Acreditat;Drept;Drept;Științe Juridice;Examen;0;100
Facultatea de Psihologie şi Științele Educației, Braşov;Universitatea "Spiru Haret" din Bucureşti;Brasov, Brasov;100;N/A;N/A;3.900 lei;Psihologie;Public;Acreditat;Psihologie;Psihologie;Științe Sociale și Psihologie;Examen;0;100
Facultatea de Științe Juridice, Economice și Administrative - extensie Craiova;Universitatea "Spiru Haret" din Bucureşti;Craiova, Dolj;60;N/A;N/A;3.900 lei;Administraţie publică;Public;Autorizat;Administraţie publică;Ştiinţe administrative;Științe Politice și Comunicare;Examen;0;60
Facultatea de Științe Juridice, Economice și Administrative - extensie Craiova;Universitatea "Spiru Haret" din Bucureşti;Craiova, Dolj;75;N/A;N/A;3.900 lei;Drept (IFR);Public;Autorizat;Drept;Drept;Științe Juridice;Examen;0;75
Facultatea de Inginerie, Informatică și Geografie;Universitatea "Spiru Haret" din Bucureşti;Bucuresti, Bucuresti;100;N/A;N/A;4.400 lei;Informatică;Public;Acreditat;Informatică;Informatică;Științe Exacte;Examen;0;100
Facultatea de Psihologie şi Științele Educației, Braşov;Universitatea "Spiru Haret" din Bucureşti;Brasov, Brasov;100;N/A;N/A;3.000 lei;Pedagogie;Public;Acreditat;Pedagogie;Științe ale educației;Științe Politice și Comunicare;Examen;0;100
Facultatea de Științe Juridice, Politice și Administrative;Universitatea "Spiru Haret" din Bucureşti;Bucuresti, Bucuresti;50;N/A;N/A;3.900 lei;Poliţie locală;Public;Autorizat;Poliţie locală;Ştiinţe administrative;Științe Politice și Comunicare;Examen;0;50
Facultatea de Științe Economice - extensie Câmpulung Muscel;Universitatea "Spiru Haret" din Bucureşti;Campulung, Arges;125;N/A;N/A;3.900 lei;Contabilitate și informatică de gestiune;Public;Acreditat;Contabilitate şi informatică de gestiune;Contabilitate;Științe Economice;Examen;0;125
Facultatea de Științe Juridice, Economice și Administrative, Braşov;Universitatea "Spiru Haret" din Bucureşti;Brasov, Brasov;100;N/A;N/A;3.900 lei;Drept;Public;Acreditat;Drept;Drept;Științe Juridice;Examen;0;100
Facultatea de Științe Juridice, Economice și Administrative - extensie Craiova;Universitatea "Spiru Haret" din Bucureşti;Craiova, Dolj;50;N/A;N/A;3.900 lei;Poliţie locală;Public;Acreditat;Poliţie locală;Ştiinţe administrative;Științe Politice și Comunicare;Examen;0;50
Facultatea de Științe Juridice, Economice și Administrative - extensie Craiova;Universitatea "Spiru Haret" din Bucureşti;Craiova, Dolj;75;N/A;N/A;3.900 lei;Drept (ID);Public;Autorizat;Drept;Drept;Științe Juridice;Examen;0;75
Facultatea de Educaţie Fizică şi Sport;Universitatea "Spiru Haret" din Bucureşti;Bucuresti, Bucuresti;50;N/A;N/A;3.400 lei;Kinetoterapie și motricitate specială (IFR);Public;Autorizat;Kinetoterapie şi motricitate specială;Kinetoterapie;Ştiinţa Sportului şi Educaţiei Fizice;Examen;0;50
Facultatea de Psihologie și Științele Educației;Universitatea "Spiru Haret" din Bucureşti;Bucuresti, Bucuresti;100;N/A;N/A;3.900 lei;Pedagogia învăţământului primar şi preşcolar;Public;Autorizat;Pedagogia învăţământului primar şi preşcolar;Științe ale educației;Științe Politice și Comunicare;Examen;0;100
Facultatea de Psihologie și Științele Educației;Universitatea "Spiru Haret" din Bucureşti;Bucuresti, Bucuresti;75;N/A;N/A;3.900 lei;Psihologie (ID);Public;Autorizat;Psihologie;Psihologie;Științe Sociale și Psihologie;Examen;0;75
Facultatea de Educaţie Fizică şi Sport;Universitatea "Spiru Haret" din Bucureşti;Bucuresti, Bucuresti;60;N/A;N/A;4.300 lei;Sport şi performanţă motrică;Public;Autorizat;Sport şi performanţă motrică;Educaţie fizică şi sport;Ştiinţa Sportului şi Educaţiei Fizice;Examen;0;60
Facultatea de Științe Economice;Universitatea "Spiru Haret" din Bucureşti;Bucuresti, Bucuresti;250;N/A;N/A;3.900 lei;Marketing;Public;Acreditat;Marketing;Marketing;Științe Economice;Examen;0;250
Facultatea de Psihologie şi Științele Educației, Braşov;Universitatea "Spiru Haret" din Bucureşti;Brasov, Brasov;75;N/A;N/A;3.900 lei;Pedagogia învăţământului primar şi preşcolar;Public;Autorizat;Pedagogia învăţământului primar şi preşcolar;Științe ale educației;Științe Politice și Comunicare;Examen;0;75
Facultatea de Științe Economice;Universitatea "Spiru Haret" din Bucureşti;Bucuresti, Bucuresti;120;N/A;N/A;3.900 lei;Contabilitate și informatică de gestiune;Public;Acreditat;Contabilitate şi informatică de gestiune;Contabilitate;Științe Economice;Examen;0;120
Facultatea de Științe Economice;Universitatea "Spiru Haret" din Bucureşti;Bucuresti, Bucuresti;100;N/A;N/A;3.900 lei;Marketing cu predare în limba engleză;Public;Autorizat;Marketing;Marketing;Științe Economice;Examen;0;100
Facultatea de Științe Juridice, Economice și Administrative - extensie Craiova;Universitatea "Spiru Haret" din Bucureşti;Craiova, Dolj;75;N/A;N/A;3.900 lei;Management;Public;Autorizat;Management;Management;Științe Economice;Examen;0;75
Facultatea de Științe Juridice, Economice și Administrative - extensie Craiova;Universitatea "Spiru Haret" din Bucureşti;Craiova, Dolj;150;N/A;N/A;3.900 lei;Contabilitate şi informatică de gestiune;Public;Acreditat;Contabilitate şi informatică de gestiune;Contabilitate;Științe Economice;Examen;0;150
Facultatea de Ştiinţe Economice;Universitatea "Tibiscus" din Timişoara;Timisoara, Timis;50;N/A;N/A;2.800 lei;Contabilitate şi informatică de gestiune;Public;Acreditat;Contabilitate şi informatică de gestiune;Contabilitate;Științe Economice;Dosar;0;50
Facultatea de Calculatoare şi Informatică Aplicată;Universitatea "Tibiscus" din Timişoara;Timisoara, Timis;75;N/A;N/A;2.800 lei;INFORMATICĂ;Public;Acreditat;Informatică;Informatică;Științe Exacte;Dosar;0;75
Facultatea de Drept şi Administraţie Publică;Universitatea "Tibiscus" din Timişoara;Timisoara, Timis;100;N/A;N/A;2.800 lei;DREPT;Public;Acreditat;Drept;Drept;Științe Juridice;Dosar;0;100
Facultatea de Psihologie;Universitatea "Tibiscus" din Timişoara;Timisoara, Timis;75;N/A;N/A;2.800 lei;PSIHOLOGIE;Public;Acreditat;Psihologie;Psihologie;Științe Sociale și Psihologie;Dosar;0;75
Facultatea de Ştiinţe Sociale, Politice şi Umaniste;Universitatea "Titu Maiorescu" din Bucureşti;Bucuresti, Bucuresti;150;N/A;N/A;2.414 lei;Limbi moderne aplicate;Public;Autorizat;Limbi moderne aplicate;Limbi moderne aplicate;Științe Umaniste;Examen;0;150
Facultatea de Medicină;Universitatea "Titu Maiorescu" din Bucureşti;Bucuresti, Bucuresti;N/A;N/A;N/A;315 lei;Medicină;Public;Acreditat;Medicină ;Sănătate;Medicină;Examen;0;0
Facultatea de Finanțe-Bănci, Contabilitate și Administrarea Afacerilor;Universitatea "Titu Maiorescu" din Bucureşti;Bucuresti, Bucuresti;N/A;N/A;N/A;2.500 lei;Finanţe şi bănci;Public;Acreditat;Finanţe şi bănci;Finanţe;Științe Economice;Dosar;0;0
Facultatea de Medicină;Universitatea "Titu Maiorescu" din Bucureşti;Bucuresti, Bucuresti;N/A;N/A;N/A;20.000 lei;Medicina (in limba engleza);Public;Autorizat;Medicină;Medicină;Medicină;Examen;0;0
Facultatea de Farmacie;Universitatea "Titu Maiorescu" din Bucureşti;Bucuresti, Bucuresti;N/A;N/A;N/A;13.500 lei;Farmacie;Public;Autorizat;Farmacie ;Farmacie;Medicină;Examen;0;0
Facultatea de Finanțe-Bănci, Contabilitate și Administrarea Afacerilor;Universitatea "Titu Maiorescu" din Bucureşti;Bucuresti, Bucuresti;N/A;N/A;N/A;2.500 lei;Contabilitate şi informatică de gestiune;Public;Acreditat;Contabilitate şi informatică de gestiune;Contabilitate;Științe Economice;Dosar;0;0
Facultatea de Medicină;Universitatea "Titu Maiorescu" din Bucureşti;Bucuresti, Bucuresti;N/A;N/A;N/A;20.000 lei;Asistenţă medicală generală;Public;Acreditat;Asistenţă medicală generală;Medicină;Medicină;Examen;0;0
Facultatea de Medicină dentară;Universitatea "Titu Maiorescu" din Bucureşti;Bucuresti, Bucuresti;N/A;N/A;N/A;20.000 lei;Medicina dentara (in limba engleza);Public;Autorizat;Medicină dentară ;Medicină dentară;Medicină;Examen;0;0
Facultatea de Ştiinţe Sociale, Politice şi Umaniste;Universitatea "Titu Maiorescu" din Bucureşti;Bucuresti, Bucuresti;N/A;N/A;N/A;2.500 lei;Relaţii internaţionale şi studii europene;Public;Autorizat;Relaţii internaţionale şi studii europene;Relații internaționale și studii europene;Științe Politice și Comunicare;Dosar;0;0
Facultatea de Drept şi Ştiinţe Economice - Târgu Jiu;Universitatea "Titu Maiorescu" din Bucureşti;Targu Jiu, Gorj;N/A;N/A;N/A;2.500 lei;Drept;Public;Acreditat;Drept;Drept;Științe Juridice;Dosar;0;0
Facultatea de Informatică;Universitatea "Titu Maiorescu" din Bucureşti;Bucuresti, Bucuresti;N/A;N/A;N/A;4.300 lei;Informatică;Public;Acreditat;Informatică;Informatică;Științe Exacte;Examen;0;0
Facultatea de Drept;Universitatea "Titu Maiorescu" din Bucureşti;Bucuresti, Bucuresti;N/A;N/A;N/A;100 lei;Drept;Public;Acreditat;Drept;Drept;Științe Juridice;Dosar;0;0
Facultatea de Psihologie;Universitatea "Titu Maiorescu" din Bucureşti;Bucuresti, Bucuresti;N/A;N/A;N/A;4.500 lei;Psihologie (ID);Public;Acreditat;Psihologie;Psihologie;Științe Sociale și Psihologie;Dosar;0;0
Facultatea de Medicină dentară;Universitatea "Titu Maiorescu" din Bucureşti;Bucuresti, Bucuresti;N/A;N/A;N/A;20.000 lei;Medicină dentară;Public;Acreditat;Medicină dentară ;Medicină dentară;Medicină;Examen;0;0
Facultatea de Ştiinţe Sociale, Politice şi Umaniste;Universitatea "Titu Maiorescu" din Bucureşti;Bucuresti, Bucuresti;N/A;N/A;N/A;2.500 lei;Comunicare şi relaţii publice;Public;Autorizat;Comunicare şi relaţii publice;Ştiinţe ale comunicării;Științe Politice și Comunicare;Dosar;0;0
Facultatea de Finanțe-Bănci, Contabilitate și Administrarea Afacerilor;Universitatea "Titu Maiorescu" din Bucureşti;Bucuresti, Bucuresti;N/A;N/A;N/A;2.500 lei;Contabilitate şi informatică de gestiune (ID);Public;Acreditat;Contabilitate şi informatică de gestiune;Contabilitate;Științe Economice;Dosar;0;0
Facultatea de Drept;Universitatea "Titu Maiorescu" din Bucureşti;Bucuresti, Bucuresti;N/A;N/A;N/A;2.500 lei;Drept (ID);Public;Acreditat;Drept;Drept;Științe Juridice;Dosar;0;0
Facultatea de Finanțe-Bănci, Contabilitate și Administrarea Afacerilor;Universitatea "Titu Maiorescu" din Bucureşti;Bucuresti, Bucuresti;N/A;N/A;N/A;2.500 lei;Administrarea afacerilor;Public;Acreditat;Administrarea afacerilor;Administrarea afacerilor;Științe Economice;Dosar;0;0
Facultatea de Drept şi Ştiinţe Economice - Târgu Jiu;Universitatea "Titu Maiorescu" din Bucureşti;Targu Jiu, Gorj;N/A;N/A;N/A;2.500 lei;Contabilitate şi informatică de gestiune;Public;Acreditat;Contabilitate şi informatică de gestiune;Contabilitate;Științe Economice;Dosar;0;0
Facultatea de Ştiinţe Sociale, Politice şi Umaniste;Universitatea "Titu Maiorescu" din Bucureşti;Bucuresti, Bucuresti;100;N/A;N/A;2.000 lei;Ştiinţe politice;Public;Autorizat;Ştiinţe politice;Ştiinţe politice;Științe Politice și Comunicare;Examen;0;100
Facultatea de Finanțe-Bănci, Contabilitate și Administrarea Afacerilor;Universitatea "Titu Maiorescu" din Bucureşti;Bucuresti, Bucuresti;N/A;N/A;N/A;2.500 lei;Finanţe şi Bănci (ID);Public;Acreditat;Finanţe şi bănci;Finanţe;Științe Economice;Dosar;0;0
Facultatea de Informatică;Universitatea "Titu Maiorescu" din Bucureşti;Bucuresti, Bucuresti;N/A;N/A;N/A;4.500 lei;Informatică (ID);Public;Acreditat;Informatică;Informatică;Științe Exacte;Examen;0;0
Facultatea de Psihologie;Universitatea "Titu Maiorescu" din Bucureşti;Bucuresti, Bucuresti;N/A;N/A;N/A;4.200 lei;Psihologie;Public;Acreditat;Psihologie;Psihologie;Științe Sociale și Psihologie;Dosar;0;0
Facultatea de Asistență Medicală - Târgu Jiu;Universitatea "Titu Maiorescu" din Bucureşti;Bucuresti, Bucuresti;N/A;N/A;N/A;7.200 lei;Asistenţă medicală generală;Public;Autorizat;Asistenţă medicală generală;Medicină;Medicină;Examen;0;0
Facultatea de Medicină dentară;Universitatea "Titu Maiorescu" din Bucureşti;Bucuresti, Bucuresti;N/A;N/A;N/A;20.000 lei;Tehnică Dentară;Public;Acreditat;Tehnică dentară;Sănătate;Medicină;Examen;0;0
Facultatea de Inginerie Electrică şi Ştiinţa Calculatoarelor;Universitatea "Transilvania" din Braşov;Brasov, Brasov;N/A;N/A;N/A;3.500 lei;Calculatoare;Public;Acreditat;Calculatoare;Calculatoare și tehnologia informației;Științe Inginerești;Dosar;0;0
Facultatea de Inginerie Electrică şi Ştiinţa Calculatoarelor;Universitatea "Transilvania" din Braşov;Brasov, Brasov;N/A;N/A;N/A;3.500 lei;Electrotehnică;Public;Acreditat;Electrotehnică;Inginerie electrică;Științe Inginerești;Dosar;0;0
Facultatea de Inginerie Mecanică;Universitatea "Transilvania" din Braşov;Brasov, Brasov;90;5.40;N/A;3.500 lei;Inginerie mecanică (lb. engleză);Public;Acreditat;Inginerie mecanică;Ingineria sistemelor și inginerie mecanică;Științe Inginerești;Dosar;66;24
Facultatea de Matematică şi Informatică;Universitatea "Transilvania" din Braşov;Brasov, Brasov;N/A;N/A;N/A;3.500 lei;Informatică aplicată;Public;Acreditat;Informatică aplicată;Informatică;Științe Exacte;Dosar;0;0
Facultatea de Inginerie Tehnologică şi Management Industrial;Universitatea "Transilvania" din Braşov;Brasov, Brasov;75;N/A;N/A;3.000 lei;Maşini-Unelte şi Sisteme de Producţie;Public;Acreditat;Maşini-unelte şi sisteme de producţie;Inginerie industrială;Științe Inginerești;Dosar;50;25
Facultatea de Ştiinţa şi Ingineria Materialelor;Universitatea "Transilvania" din Braşov;Brasov, Brasov;N/A;N/A;N/A;3.500 lei;Ingineria securităţii în industrie;Public;Acreditat;Ingineria securităţii în industrie;Inginerie industrială;Științe Inginerești;Dosar;0;0
Facultatea de Litere;Universitatea "Transilvania" din Braşov;Brasov, Brasov;N/A;N/A;N/A;3.500 lei;Limba şi literatura romană - O Limbă şi literatură modernă (engleză, franceză, germană);Public;Acreditat;Limba şi literatura română;Limbă şi literatură;Științe Umaniste;Dosar;0;0
Facultatea de Medicină;Universitatea "Transilvania" din Braşov;Brasov, Brasov;N/A;N/A;N/A;6.000 lei;Medicină;Public;Acreditat;Medicină;Medicină;Medicină;Examen;0;0
Facultatea de Construcţii;Universitatea "Transilvania" din Braşov;Brasov, Brasov;N/A;N/A;N/A;3.500 lei;Construcții civile, industriale și agricole;Public;Acreditat;Construcţii civile, industriale şi agricole;Inginerie civilă;Științe Inginerești;Dosar;0;0
Facultatea de Muzică;Universitatea "Transilvania" din Braşov;Brasov, Brasov;N/A;N/A;N/A;5.500 lei;Interpretare muzicală - canto;Public;Autorizat;Interpretare muzicală - canto;Muzică;Arte, Arhitectură și Urbanism ;Examen;0;0
Facultatea de Silvicultură şi Exploatări Forestiere;Universitatea "Transilvania" din Braşov;Brasov, Brasov;N/A;N/A;N/A;3.500 lei;Măsurători terestre şi cadastru;Public;Acreditat;Măsurători terestre şi cadastru;Inginerie geodezică;Științe Inginerești;Dosar;0;0
Facultatea de Design de Produs şi Mediu;Universitatea "Transilvania" din Braşov;Brasov, Brasov;N/A;N/A;N/A;3.500 lei;Mecatronică;Public;Acreditat;Mecatronică;Mecatronică și robotică;Științe Inginerești;Dosar;0;0
Facultatea de Design de Produs şi Mediu;Universitatea "Transilvania" din Braşov;Brasov, Brasov;N/A;N/A;N/A;3.500 lei;Design industrial;Public;Acreditat;Design industrial;Inginerie industrială;Științe Inginerești;Dosar;0;0
Facultatea de Ştiinţe Economice şi Administrarea Afacerilor;Universitatea "Transilvania" din Braşov;Brasov, Brasov;50;N/A;N/A;3.500 lei;Economia comerţului, turismului şi serviciilor;Public;Acreditat;Economia comerţului, turismului, serviciilor şi managementul calităţii;Administrarea afacerilor;Științe Economice;Dosar;28;22
Facultatea de Ştiinţe Economice şi Administrarea Afacerilor;Universitatea "Transilvania" din Braşov;Brasov, Brasov;75;N/A;N/A;3.500 lei;Economia comertului, turismului si serviciilor (ID);Public;Acreditat;Economia comerţului, turismului, serviciilor şi managementul calităţii;Administrarea afacerilor;Științe Economice;Dosar;0;75
Facultatea de Educaţie Fizică şi Sporturi Montane;Universitatea "Transilvania" din Braşov;Brasov, Brasov;79;N/A;N/A;3.000 lei;Educaţie fizică şi sportivă;Public;Acreditat;Educaţie fizică şi sportivă;Educaţie fizică şi sport;Ştiinţa Sportului şi Educaţiei Fizice;Examen;29;50
Facultatea de Ştiinţe Economice şi Administrarea Afacerilor;Universitatea "Transilvania" din Braşov;Brasov, Brasov;75;N/A;N/A;3.500 lei;Afaceri internaţionale;Public;Autorizat;Afaceri internaţionale;Economie şi afaceri internaţionale;Științe Economice;Dosar;31;44
Facultatea de Psihologie şi Ştiinţele Educaţiei;Universitatea "Transilvania" din Braşov;Brasov, Brasov;150;N/A;N/A;3.500 lei;Pedagogia învăţământului primar şi preşcolar - Învăţământ la distanţă;Public;Acreditat;Pedagogia învăţământului primar şi preşcolar;Științe ale educației;Științe Politice și Comunicare;Dosar;75;75
Facultatea de Inginerie Electrică şi Ştiinţa Calculatoarelor;Universitatea "Transilvania" din Braşov;Brasov, Brasov;N/A;N/A;N/A;3.500 lei;Robotică;Public;Acreditat;Robotică;Mecatronică și robotică;Științe Inginerești;Dosar;0;0
Facultatea de Inginerie Electrică şi Ştiinţa Calculatoarelor;Universitatea "Transilvania" din Braşov;Brasov, Brasov;N/A;N/A;N/A;3.500 lei;Inginerie electrică şi calculatoare (în limba engleză);Public;Acreditat;Inginerie electrică şi calculatoare;Inginerie electrică;Științe Inginerești;Dosar;0;0
Facultatea de Inginerie Mecanică;Universitatea "Transilvania" din Braşov;Brasov, Brasov;N/A;5.87;N/A;3.500 lei;Autovehicule rutiere;Public;Acreditat;Autovehicule rutiere;Ingineria autovehiculelor;Științe Inginerești;Dosar;0;0
Facultatea de Inginerie Mecanică;Universitatea "Transilvania" din Braşov;Brasov, Brasov;N/A;5.68;N/A;3.100 lei;Ingineria transporturilor și a traficului;Public;Acreditat;Ingineria transporturilor şi a traficului;Ingineria transporturilor;Științe Inginerești;Dosar;0;0
Facultatea de Matematică şi Informatică;Universitatea "Transilvania" din Braşov;Brasov, Brasov;N/A;N/A;N/A;3.500 lei;Matematică Informatică;Public;Acreditat;Matematică informatică;Matematică;Științe Exacte;Dosar;0;0
Facultatea de Inginerie Tehnologică şi Management Industrial;Universitatea "Transilvania" din Braşov;Brasov, Brasov;N/A;6.21;N/A;3.500 lei;Ingineria şi managementul calităţii;Public;Acreditat;Ingineria şi managementul calităţii;Inginerie industrială;Științe Inginerești;Dosar;0;0
Facultatea de Ştiinţe Economice şi Administrarea Afacerilor;Universitatea "Transilvania" din Braşov;Brasov, Brasov;96;6.85;N/A;3.500 lei;Administrarea afacerilor (în limba engleză);Public;Acreditat;Administrarea afacerilor;Administrarea afacerilor;Științe Economice;Examen;28;68
Facultatea de Construcţii;Universitatea "Transilvania" din Braşov;Brasov, Brasov;N/A;N/A;N/A;3.500 lei;Căi ferate, drumuri și poduri;Public;Acreditat;Căi ferate, drumuri şi poduri;Inginerie civilă;Științe Inginerești;Dosar;0;0
Facultatea de Silvicultură şi Exploatări Forestiere;Universitatea "Transilvania" din Braşov;Brasov, Brasov;N/A;N/A;N/A;3.500 lei;Cinegetică - Învățământ la distanță;Public;Autorizat;Cinegetică;Silvicultură;Științe Agricole;Dosar;0;0
Facultatea de Ingineria lemnului;Universitatea "Transilvania" din Braşov;Brasov, Brasov;N/A;N/A;N/A;3.500 lei;Ingineria prelucrării lemnului - Învățământ cu frecvență redusă;Public;Autorizat;Ingineria prelucrării lemnului;Inginerie forestieră;Științe Agricole;Dosar;0;0
Facultatea de Alimentaţie şi Turism;Universitatea "Transilvania" din Braşov;Brasov, Brasov;N/A;N/A;N/A;3.500 lei;Ingineria Produselor Alimentare;Public;Acreditat;Ingineria produselor alimentare;Ingineria produselor alimentare;Științe Agricole;Dosar;0;0
Facultatea de Litere;Universitatea "Transilvania" din Braşov;Brasov, Brasov;100;N/A;N/A;3.000 lei;Limba şi literatura romană - O Limbă şi literatură modernă (engleză, franceză);Public;Acreditat;Limba şi literatura română;Limbă şi literatură;Științe Umaniste;Dosar;0;100
Facultatea de Sociologie şi Comunicare;Universitatea "Transilvania" din Braşov;Brasov, Brasov;N/A;N/A;N/A;3.500 lei;Resurse umane;Public;Autorizat;Resurse umane;Sociologie;Științe Sociale și Psihologie;Dosar;0;0
Facultatea de Construcţii;Universitatea "Transilvania" din Braşov;Brasov, Brasov;N/A;N/A;N/A;3.500 lei;Instalaţii pentru construcţii;Public;Acreditat;Instalaţii pentru construcţii;Ingineria instalaţiilor;Științe Inginerești;Dosar;0;0
Facultatea de Design de Produs şi Mediu;Universitatea "Transilvania" din Braşov;Brasov, Brasov;N/A;N/A;N/A;3.500 lei;Ingineria designului de produs (în limba engleză);Public;Autorizat;Ingineria designului de produs;Ingineria sistemelor și inginerie mecanică;Științe Inginerești;Dosar;0;0
Facultatea de Design de Produs şi Mediu;Universitatea "Transilvania" din Braşov;Brasov, Brasov;N/A;N/A;N/A;3.500 lei;Inginerie medicală;Public;Acreditat;Inginerie medicală;Științe inginerești aplicate;Științe Inginerești;Dosar;0;0
Facultatea de Educaţie Fizică şi Sporturi Montane;Universitatea "Transilvania" din Braşov;Brasov, Brasov;49;N/A;N/A;3.000 lei;Sport şi performanţă motrică;Public;Autorizat;Sport şi performanţă motrică;Educaţie fizică şi sport;Ştiinţa Sportului şi Educaţiei Fizice;Examen;29;20
Facultatea de Educaţie Fizică şi Sporturi Montane;Universitatea "Transilvania" din Braşov;Brasov, Brasov;60;N/A;N/A;3.000 lei;Sport şi performanţă motrică - Învățământ cu frecvență redusă;Public;Acreditat;Sport şi performanţă motrică;Educaţie fizică şi sport;Ştiinţa Sportului şi Educaţiei Fizice;Examen;0;60
Facultatea de Ştiinţe Economice şi Administrarea Afacerilor;Universitatea "Transilvania" din Braşov;Brasov, Brasov;75;N/A;N/A;3.500 lei;Afaceri internaţionale (ID);Public;Autorizat;Afaceri internaţionale;Economie şi afaceri internaţionale;Științe Economice;Dosar;31;44
Facultatea de Ştiinţe Economice şi Administrarea Afacerilor;Universitatea "Transilvania" din Braşov;Brasov, Brasov;75;N/A;N/A;3.500 lei;Management (ID);Public;Acreditat;Management;Management;Științe Economice;Dosar;29;46
Facultatea de Ştiinţe Economice şi Administrarea Afacerilor;Universitatea "Transilvania" din Braşov;Brasov, Brasov;75;N/A;N/A;3.500 lei;Finanțe și Bănci;Public;Acreditat;Finanţe şi bănci;Finanţe;Științe Economice;Dosar;29;46
Facultatea de Psihologie şi Ştiinţele Educaţiei;Universitatea "Transilvania" din Braşov;Brasov, Brasov;120;N/A;N/A;3.500 lei;Psihologie - Învăţământ la distanţă;Public;Acreditat;Psihologie;Psihologie;Științe Sociale și Psihologie;Dosar;60;60
Facultatea de Psihologie şi Ştiinţele Educaţiei;Universitatea "Transilvania" din Braşov;Brasov, Brasov;94;N/A;N/A;3.500 lei;Psihologie;Public;Autorizat;Psihologie;Psihologie;Științe Sociale și Psihologie;Dosar;27;67
Facultatea de Psihologie şi Ştiinţele Educaţiei;Universitatea "Transilvania" din Braşov;Brasov, Brasov;59;N/A;N/A;3.500 lei;Psihopedagogie specială;Public;Autorizat;Psihopedagogie specială;Științe ale educației;Științe Politice și Comunicare;Dosar;18;41
Facultatea de Inginerie Tehnologică şi Management Industrial;Universitatea "Transilvania" din Braşov;Brasov, Brasov;N/A;N/A;N/A;3.500 lei;Sisteme de producție digitale;Public;Acreditat;Electronică aplicată;Inginerie electronică, telecomunicații și tehnologii informaționale;Științe Inginerești;Dosar;0;0
Facultatea de Inginerie Electrică şi Ştiinţa Calculatoarelor;Universitatea "Transilvania" din Braşov;Brasov, Brasov;N/A;N/A;N/A;3.500 lei;Electronică aplicată;Public;Acreditat;Electronică aplicată;Inginerie electronică, telecomunicații și tehnologii informaționale;Științe Inginerești;Dosar;0;0
Facultatea de Inginerie Mecanică;Universitatea "Transilvania" din Braşov;Brasov, Brasov;N/A;N/A;N/A;3.500 lei;Autovehicule rutiere - Frecvență redusă;Public;Acreditat;Autovehicule rutiere;Ingineria autovehiculelor;Științe Inginerești;Dosar;0;0
Facultatea de Matematică şi Informatică;Universitatea "Transilvania" din Braşov;Brasov, Brasov;75;N/A;N/A;3.000 lei;Informatică - Învățământ la distanță;Public;Acreditat;Informatică;Informatică;Științe Exacte;Dosar;0;75
Facultatea de Matematică şi Informatică;Universitatea "Transilvania" din Braşov;Brasov, Brasov;N/A;N/A;N/A;3.500 lei;Informatică aplicată (în limba germană);Public;Acreditat;Informatică aplicată;Informatică;Științe Exacte;Dosar;0;0
Facultatea de Inginerie Tehnologică şi Management Industrial;Universitatea "Transilvania" din Braşov;Brasov, Brasov;55;6.50;N/A;3.500 lei;Construcţii aerospaţiale;Public;Acreditat;Construcţii aerospaţiale;Inginerie aerospațială;Științe Inginerești;Dosar;25;30
Facultatea de Ştiinţa şi Ingineria Materialelor;Universitatea "Transilvania" din Braşov;Brasov, Brasov;N/A;N/A;N/A;3.500 lei;Ştiinţa materialelor;Public;Acreditat;Ştiinţa materialelor;Ingineria materialelor;Științe Inginerești;Dosar;0;0
Facultatea de Muzică;Universitatea "Transilvania" din Braşov;Brasov, Brasov;15;N/A;N/A;3.000 lei;Pedagogie muzicală;Public;Acreditat;Pedagogie muzicală;Muzică;Arte, Arhitectură și Urbanism ;Examen;10;5
Facultatea de Silvicultură şi Exploatări Forestiere;Universitatea "Transilvania" din Braşov;Brasov, Brasov;N/A;N/A;N/A;3.500 lei;Cinegetică;Public;Acreditat;Cinegetică;Silvicultură;Științe Agricole;Dosar;0;0
Facultatea de Ingineria lemnului;Universitatea "Transilvania" din Braşov;Brasov, Brasov;N/A;N/A;N/A;3.500 lei;Ingineria prelucrării lemnului;Public;Acreditat;Ingineria prelucrării lemnului;Inginerie forestieră;Științe Agricole;Dosar;0;0
Facultatea de Litere;Universitatea "Transilvania" din Braşov;Brasov, Brasov;N/A;N/A;N/A;3.500 lei;Limba şi literatura engleză – O limba şi literatura modernă (franceză, germană) / Limbă şi literatură română;Public;Acreditat;Limbă şi literatură;Limbă şi literatură;Științe Umaniste;Dosar;0;0
Facultatea de Medicină;Universitatea "Transilvania" din Braşov;Brasov, Brasov;N/A;N/A;N/A;4.500 lei;Asistenţă medicală generală;Public;Acreditat;Asistenţă medicală generală;Medicină;Medicină;Examen;0;0
Facultatea de Design de Produs şi Mediu;Universitatea "Transilvania" din Braşov;Brasov, Brasov;N/A;N/A;N/A;3.500 lei;Design industrial (în limba engleză);Public;Acreditat;Design industrial;Inginerie industrială;Științe Inginerești;Dosar;0;0
Facultatea de Sociologie şi Comunicare;Universitatea "Transilvania" din Braşov;Brasov, Brasov;N/A;N/A;N/A;3.500 lei;Sociologie;Public;Acreditat;Sociologie;Sociologie;Științe Sociale și Psihologie;Dosar;0;0
Facultatea de Ştiinţe Economice şi Administrarea Afacerilor;Universitatea "Transilvania" din Braşov;Brasov, Brasov;60;N/A;N/A;3.500 lei;Informatică economică;Public;Acreditat;Informatică economică;Informatică economică;Științe Economice;Dosar;27;33
Facultatea de Ştiinţe Economice şi Administrarea Afacerilor;Universitatea "Transilvania" din Braşov;Brasov, Brasov;110;N/A;N/A;3.500 lei;Marketing (ID);Public;Acreditat;Marketing;Marketing;Științe Economice;Dosar;31;79
Facultatea de Alimentaţie şi Turism;Universitatea "Transilvania" din Braşov;Brasov, Brasov;N/A;N/A;N/A;3.500 lei;Maşini şi instalaţii pentru agricultură şi industrie alimentară;Public;Acreditat;Tehnologia prelucrării produselor agricole;Ingineria produselor alimentare;Științe Agricole;Dosar;0;0
Facultatea de Inginerie Electrică şi Ştiinţa Calculatoarelor;Universitatea "Transilvania" din Braşov;Brasov, Brasov;N/A;N/A;N/A;3.500 lei;Tehnologia informaţiei;Public;Acreditat;Tehnologia informaţiei;Calculatoare și tehnologia informației;Științe Inginerești;Dosar;0;0
Facultatea de Inginerie Mecanică;Universitatea "Transilvania" din Braşov;Brasov, Brasov;60;5.40;N/A;3.500 lei;Autovehicule rutiere (în limba engleză);Public;Acreditat;Autovehicule rutiere;Ingineria autovehiculelor;Științe Inginerești;Dosar;27;33
Facultatea de Inginerie Mecanică;Universitatea "Transilvania" din Braşov;Brasov, Brasov;N/A;N/A;N/A;3.500 lei;Inginerie mecanică - Frecvență redusă;Public;Acreditat;Inginerie mecanică;Ingineria sistemelor și inginerie mecanică;Științe Inginerești;Dosar;0;0
Facultatea de Matematică şi Informatică;Universitatea "Transilvania" din Braşov;Brasov, Brasov;N/A;N/A;N/A;3.500 lei;Informatică;Public;Acreditat;Informatică;Informatică;Științe Exacte;Dosar;0;0
Facultatea de Inginerie Tehnologică şi Management Industrial;Universitatea "Transilvania" din Braşov;Brasov, Brasov;60;6.03;N/A;3.500 lei;Tehnologia construcțiilor de mașini;Public;Acreditat;Tehnologia construcţiilor de maşini;Inginerie industrială;Științe Inginerești;Dosar;30;30
Facultatea de Ştiinţa şi Ingineria Materialelor;Universitatea "Transilvania" din Braşov;Brasov, Brasov;N/A;N/A;N/A;3.500 lei;Ingineria sudării;Public;Acreditat;Ingineria sudării;Inginerie industrială;Științe Inginerești;Dosar;0;0
Facultatea de Ştiinţa şi Ingineria Materialelor;Universitatea "Transilvania" din Braşov;Brasov, Brasov;N/A;N/A;N/A;3.500 lei;Inginerie economică în domeniul mecanic;Public;Acreditat;Inginerie economică în domeniul mecanic;Inginerie și management;Științe Inginerești;Dosar;0;0
Facultatea de Alimentaţie şi Turism;Universitatea "Transilvania" din Braşov;Brasov, Brasov;N/A;N/A;N/A;3.500 lei;Controlul şi Expertiza Produselor Alimentare;Public;Acreditat;Controlul şi expertiza produselor alimentare;Ingineria produselor alimentare;Științe Agricole;Dosar;0;0
Facultatea de Medicină;Universitatea "Transilvania" din Braşov;Brasov, Brasov;N/A;N/A;N/A;4.500 lei;Balneofiziokinetoterapie şi recuperare;Public;Acreditat;Balneofiziokinetoterapie şi recuperare;Medicină;Medicină;Examen;0;0
Facultatea de Medicină;Universitatea "Transilvania" din Braşov;Brasov, Brasov;N/A;N/A;N/A;3.500 lei;Laborator clinic;Public;Autorizat;Laborator clinic;Medicină;Medicină;Examen;0;0
Facultatea de Design de Produs şi Mediu;Universitatea "Transilvania" din Braşov;Brasov, Brasov;N/A;N/A;N/A;3.500 lei;Ingineria si Protectia Mediului in Industrie;Public;Acreditat;Ingineria şi protecţia mediului în industrie;Ingineria mediului;Științe Inginerești;Dosar;0;0
Facultatea de Drept;Universitatea "Transilvania" din Braşov;Brasov, Brasov;N/A;N/A;N/A;3.500 lei;Drept;Public;Acreditat;Drept;Drept;Științe Juridice;Dosar;0;0
Facultatea de Sociologie şi Comunicare;Universitatea "Transilvania" din Braşov;Brasov, Brasov;N/A;N/A;N/A;3.500 lei;Asistenta sociala;Public;Acreditat;Asistenţă socială;Asistenţă socială;Științe Sociale și Psihologie;Dosar;0;0
Facultatea de Design de Produs şi Mediu;Universitatea "Transilvania" din Braşov;Brasov, Brasov;N/A;N/A;N/A;3.500 lei;Optometrie;Public;Acreditat;Optometrie;Științe inginerești aplicate;Științe Inginerești;Dosar;0;0
Facultatea de Ingineria lemnului;Universitatea "Transilvania" din Braşov;Brasov, Brasov;N/A;N/A;N/A;3.500 lei;Ingineria și designul produselor finite din lemn (în limba engleză);Public;Acreditat;Ingineria și designul produselor finite din lemn;Inginerie forestieră;Științe Agricole;Dosar;0;0
Facultatea de Ştiinţe Economice şi Administrarea Afacerilor;Universitatea "Transilvania" din Braşov;Brasov, Brasov;N/A;N/A;N/A;3.500 lei;Contabilitate şi informatică de gestiune;Public;Autorizat;Contabilitate şi informatică de gestiune;Contabilitate;Științe Economice;Dosar;0;0
Facultatea de Educaţie Fizică şi Sporturi Montane;Universitatea "Transilvania" din Braşov;Brasov, Brasov;30;N/A;N/A;3.000 lei;Educaţie fizică şi sportivă - Învăţământ cu frecvenţă redusă;Public;Acreditat;Educaţie fizică şi sportivă;Educaţie fizică şi sport;Ştiinţa Sportului şi Educaţiei Fizice;Examen;0;30
Facultatea de Educaţie Fizică şi Sporturi Montane;Universitatea "Transilvania" din Braşov;Brasov, Brasov;74;N/A;N/A;3.000 lei;Kinetoterapie şi motricitate specială;Public;Acreditat;Kinetoterapie şi motricitate specială;Kinetoterapie;Ştiinţa Sportului şi Educaţiei Fizice;Examen;29;45
Facultatea de Ştiinţe Economice şi Administrarea Afacerilor;Universitatea "Transilvania" din Braşov;Brasov, Brasov;75;N/A;N/A;3.500 lei;Contabilitate şi informatică de gestiune (ID);Public;Autorizat;Contabilitate şi informatică de gestiune;Contabilitate;Științe Economice;Dosar;31;44
Facultatea de Psihologie şi Ştiinţele Educaţiei;Universitatea "Transilvania" din Braşov;Brasov, Brasov;116;N/A;N/A;3.500 lei;Pedagogia învăţământului primar şi preşcolar;Public;Acreditat;Pedagogia învăţământului primar şi preşcolar;Științe ale educației;Științe Politice și Comunicare;Dosar;31;85
Facultatea de Muzică;Universitatea "Transilvania" din Braşov;Brasov, Brasov;N/A;N/A;N/A;3.500 lei;Muzică;Public;Acreditat;Muzicologie;Muzică;Arte, Arhitectură și Urbanism ;Examen;0;0
Facultatea de Inginerie Electrică şi Ştiinţa Calculatoarelor;Universitatea "Transilvania" din Braşov;Brasov, Brasov;N/A;N/A;N/A;3.500 lei;Tehnologii şi sisteme de telecomunicaţii;Public;Acreditat;Tehnologii şi sisteme de telecomunicaţii;Inginerie electronică, telecomunicații și tehnologii informaționale;Științe Inginerești;Dosar;0;0
Facultatea de Inginerie Electrică şi Ştiinţa Calculatoarelor;Universitatea "Transilvania" din Braşov;Brasov, Brasov;N/A;N/A;N/A;3.500 lei;Automatică şi informatică aplicată;Public;Acreditat;Automatică şi informatică aplicată;Ingineria sistemelor și inginerie mecanică;Științe Inginerești;Dosar;0;0
Facultatea de Litere;Universitatea "Transilvania" din Braşov;Brasov, Brasov;N/A;N/A;N/A;3.500 lei;Limba şi literatura chineză – Limba şi literatura română/ O limbă și literatură modernă (engleză/ franceză/ germană);Public;Autorizat;Limba şi literatura română;Limbă şi literatură;Științe Umaniste;Dosar;0;0
Facultatea de Litere;Universitatea "Transilvania" din Braşov;Brasov, Brasov;N/A;N/A;N/A;3.500 lei;Limbi moderne aplicate (germană - engleză);Public;Acreditat;Limbi moderne aplicate;Limbi moderne aplicate;Științe Umaniste;Dosar;0;0
Facultatea de Inginerie Mecanică;Universitatea "Transilvania" din Braşov;Brasov, Brasov;90;5.04;N/A;3.500 lei;Inginerie mecanică;Public;Acreditat;Inginerie mecanică;Ingineria sistemelor și inginerie mecanică;Științe Inginerești;Dosar;66;24
Facultatea de Inginerie Tehnologică şi Management Industrial;Universitatea "Transilvania" din Braşov;Brasov, Brasov;N/A;6.03;N/A;3.500 lei;Ingineria și managementul afacerilor;Public;Autorizat;Ingineria şi managementul afacerilor;Inginerie și management;Științe Inginerești;Dosar;0;0
Facultatea de Silvicultură şi Exploatări Forestiere;Universitatea "Transilvania" din Braşov;Brasov, Brasov;N/A;N/A;N/A;3.500 lei;Silvicultură;Public;Acreditat;Silvicultură;Silvicultură;Științe Agricole;Dosar;0;0
Facultatea de Silvicultură şi Exploatări Forestiere;Universitatea "Transilvania" din Braşov;Brasov, Brasov;N/A;N/A;N/A;3.500 lei;Exploatări forestiere;Public;Acreditat;Exploatări forestiere;Silvicultură;Științe Agricole;Dosar;0;0
Facultatea de Alimentaţie şi Turism;Universitatea "Transilvania" din Braşov;Brasov, Brasov;N/A;N/A;N/A;3.500 lei;Inginerie şi Management în Industria Turismului;Public;Acreditat;Inginerie şi management în industria turismului;Inginerie și management;Științe Inginerești;Dosar;0;0
Facultatea de Litere;Universitatea "Transilvania" din Braşov;Brasov, Brasov;N/A;N/A;N/A;3.500 lei;Studii americane (în limba engleză);Public;Acreditat;Studii americane;Studii culturale;Științe Umaniste;Dosar;0;0
Facultatea de Alimentaţie şi Turism;Universitatea "Transilvania" din Braşov;Brasov, Brasov;N/A;N/A;N/A;3.500 lei;Inginerie şi management în alimentaţia publică şi agroturism;Public;Acreditat;Inginerie şi management în alimentaţia publică şi agroturism;Inginerie şi management în agricultură și dezvoltare rurală;Științe Agricole;Dosar;0;0
Facultatea de Design de Produs şi Mediu;Universitatea "Transilvania" din Braşov;Brasov, Brasov;N/A;N/A;N/A;3.500 lei;Ingineria sistemelor de energii regenerabile;Public;Acreditat;Ingineria sistemelor de energii regenerabile;Inginerie industrială;Științe Inginerești;Dosar;0;0
Facultatea de Muzică;Universitatea "Transilvania" din Braşov;Brasov, Brasov;N/A;N/A;N/A;5.500 lei;Interpretare muzicală - instrumente;Public;Acreditat;Interpretare muzicală - instrumente;Muzică;Arte, Arhitectură și Urbanism ;Examen;0;0
Facultatea de Litere;Universitatea "Transilvania" din Braşov;Brasov, Brasov;N/A;N/A;N/A;3.500 lei;Limbi moderne aplicate (franceză-engleză);Public;Acreditat;Limbi moderne aplicate;Filologie;Științe Umaniste;Dosar;0;0
Facultatea de Ingineria lemnului;Universitatea "Transilvania" din Braşov;Brasov, Brasov;N/A;N/A;N/A;3.500 lei;Ingineria și designul produselor finite din lemn;Public;Acreditat;Ingineria și designul produselor finite din lemn;Inginerie forestieră;Științe Agricole;Dosar;0;0
Facultatea de Sociologie şi Comunicare;Universitatea "Transilvania" din Braşov;Brasov, Brasov;N/A;N/A;N/A;3.500 lei;Comunicare și relatii publice;Public;Acreditat;Comunicare şi relaţii publice;Ştiinţe ale comunicării;Științe Politice și Comunicare;Dosar;0;0
Facultatea de Ştiinţa şi Ingineria Materialelor;Universitatea "Transilvania" din Braşov;Brasov, Brasov;N/A;N/A;N/A;3.500 lei;Ingineria biomaterialelor;Public;Autorizat;Ingineria biomaterialelor;Ingineria materialelor;Științe Inginerești;Dosar;0;0
Facultatea de Sociologie şi Comunicare;Universitatea "Transilvania" din Braşov;Brasov, Brasov;N/A;N/A;N/A;3.500 lei;Media digitală;Public;Autorizat;Jurnalism;Ştiinţe ale comunicării;Științe Politice și Comunicare;Dosar;0;0
Facultatea de Ştiinţe Economice şi Administrarea Afacerilor;Universitatea "Transilvania" din Braşov;Brasov, Brasov;75;N/A;N/A;3.000 lei;Management;Public;Acreditat;Management;Management;Științe Economice;Dosar;29;46
Facultatea de Ştiinţe Economice şi Administrarea Afacerilor;Universitatea "Transilvania" din Braşov;Brasov, Brasov;110;N/A;N/A;3.500 lei;Marketing;Public;Acreditat;Marketing;Marketing;Științe Economice;Dosar;31;79
Facultatea de Științe și Arte;Universitatea "Valahia" din Târgovişte;Targoviste, Dambovita;30;N/A;N/A;3.200 lei;Fizică;Public;Acreditat;Fizică;Fizică;Științe Exacte;Dosar;20;10
Facultatea de Teologie Ortodoxă și Științele Educației;Universitatea "Valahia" din Târgovişte;Targoviste, Dambovita;80;6.18;N/A;3.200 lei;Teologie ortodoxă pastorală;Public;Acreditat;Teologie pastorală;Teologie;Teologie;Examen;42;38
Facultatea de Științe Economice;Universitatea "Valahia" din Târgovişte;Targoviste, Dambovita;71;N/A;N/A;3.200 lei;Marketing;Public;Acreditat;Marketing;Marketing;Științe Economice;Dosar;26;45
Facultatea de Științe Umaniste;Universitatea "Valahia" din Târgovişte;Targoviste, Dambovita;47;7.97;N/A;3.500 lei;Kinetoterapie şi motricitate specială;Public;Autorizat;Kinetoterapie şi motricitate specială;Kinetoterapie;Ştiinţa Sportului şi Educaţiei Fizice;Examen;22;25
Facultatea de Științe Umaniste;Universitatea "Valahia" din Târgovişte;Targoviste, Dambovita;29;6.13;N/A;3.500 lei;Geografie;Public;Acreditat;Geografie;Geografie;Științe ale Naturii;Dosar;24;5
Facultatea de Științe Politice, Litere și Comunicare;Universitatea "Valahia" din Târgovişte;Targoviste, Dambovita;44;6.93;N/A;3.500 lei;Limba și literatura română - Limba și literatura engleză/ franceză;Public;Acreditat;Limba şi literatura română;Limbă şi literatură;Științe Umaniste;Dosar;32;12
Facultatea de Științe Politice, Litere și Comunicare;Universitatea "Valahia" din Târgovişte;Targoviste, Dambovita;N/A;N/A;N/A;3.500 lei;Ştiinţe politice;Public;Autorizat;Ştiinţe politice;Ştiinţe politice;Științe Politice și Comunicare;Dosar;0;0
Facultatea de Ingineria Materialelor și Mecanică;Universitatea "Valahia" din Târgovişte;Targoviste, Dambovita;59;5.69;N/A;3.200 lei;Echipamente pentru procese industriale;Public;Acreditat;Echipamente pentru procese industriale;Ingineria sistemelor și inginerie mecanică;Științe Inginerești;Dosar;34;25
Facultatea de Inginerie Electrică, Electronică și Tehnologia Informației;Universitatea "Valahia" din Târgovişte;Targoviste, Dambovita;95;6.00;N/A;3.200 lei;Electronică aplicată;Public;Acreditat;Electronică aplicată;Inginerie electronică, telecomunicații și tehnologii informaționale;Științe Inginerești;Dosar;60;35
Facultatea de Inginerie Electrică, Electronică și Tehnologia Informației;Universitatea "Valahia" din Târgovişte;Targoviste, Dambovita;40;6.00;N/A;3.200 lei;Energetică industrială;Public;Acreditat;Energetică industrială;Inginerie energetică;Științe Inginerești;Dosar;25;15
Facultatea de Ingineria Mediului și Știința Alimentelor;Universitatea "Valahia" din Târgovişte;Targoviste, Dambovita;58;6.01;N/A;3.200 lei;Tehnologia prelucrării produselor agricole;Public;Acreditat;Tehnologia prelucrării produselor agricole;Ingineria produselor alimentare;Științe Agricole;Dosar;32;26
Facultatea de Științe și Inginerie (Alexandria);Universitatea "Valahia" din Târgovişte;Alexandria, Teleorman;48;N/A;N/A;3.200 lei;Administrație publică;Public;Acreditat;Administraţie publică;Ştiinţe administrative;Științe Politice și Comunicare;Dosar;21;27
Facultatea de Științe Economice;Universitatea "Valahia" din Târgovişte;Targoviste, Dambovita;96;N/A;N/A;3.200 lei;Economia comerțului, turismului și serviciilor;Public;Acreditat;Economia comerţului, turismului şi serviciilor;Administrarea afacerilor;Științe Economice;Dosar;26;70
Facultatea de Teologie Ortodoxă și Științele Educației;Universitatea "Valahia" din Târgovişte;Targoviste, Dambovita;70;7.93;N/A;3.200 lei;Pedagogia învățământului primar și preșcolar;Public;Acreditat;Pedagogia învăţământului primar şi preşcolar;Științe ale educației;Științe Politice și Comunicare;Examen;41;29
Facultatea de Drept și Științe Administrative;Universitatea "Valahia" din Târgovişte;Targoviste, Dambovita;50;N/A;N/A;3.500 lei;Drept (ID);Public;Acreditat;Drept;Drept;Științe Juridice;Dosar;0;50
Facultatea de Inginerie Electrică, Electronică și Tehnologia Informației;Universitatea "Valahia" din Târgovişte;Targoviste, Dambovita;58;6.20;N/A;3.200 lei;Automatică şi Informatică Aplicată;Public;Acreditat;Automatică şi informatică aplicată;Ingineria sistemelor și inginerie mecanică;Științe Inginerești;Dosar;30;28
Facultatea de Științe și Arte;Universitatea "Valahia" din Târgovişte;Targoviste, Dambovita;30;5.70;N/A;3.200 lei;Muzică;Public;Acreditat;Pedagogie muzicală;Muzică;Arte, Arhitectură și Urbanism ;Examen;24;6
Facultatea de Științe și Arte;Universitatea "Valahia" din Târgovişte;Targoviste, Dambovita;30;6.13;N/A;3.200 lei;Chimie;Public;Acreditat;Chimie;Chimie;Științe Exacte;Dosar;20;10
Facultatea de Inginerie Electrică, Electronică și Tehnologia Informației;Universitatea "Valahia" din Târgovişte;Targoviste, Dambovita;40;6.03;N/A;3.200 lei;Electrotehnică;Public;Acreditat;Electrotehnică;Inginerie electrică;Științe Inginerești;Dosar;25;15
Facultatea de Ingineria Mediului și Știința Alimentelor;Universitatea "Valahia" din Târgovişte;Targoviste, Dambovita;58;6.00;N/A;3.200 lei;Controlul și securitatea produselor alimentare;Public;Autorizat;Controlul şi securitatea produselor alimentare;Inginerie chimică;Științe Inginerești;Dosar;27;31
Facultatea de Științe și Inginerie (Alexandria);Universitatea "Valahia" din Târgovişte;Alexandria, Teleorman;28;N/A;N/A;3.200 lei;Agricultură;Public;Autorizat;Agricultură;Agronomie;Științe Agricole;Dosar;15;13
Facultatea de Științe Economice;Universitatea "Valahia" din Târgovişte;Targoviste, Dambovita;71;N/A;N/A;3.200 lei;Contabilitate şi informatică de gestiune;Public;Acreditat;Contabilitate şi informatică de gestiune;Contabilitate;Științe Economice;Dosar;26;45
Facultatea de Științe Economice;Universitatea "Valahia" din Târgovişte;Targoviste, Dambovita;70;N/A;N/A;3.200 lei;Management (ID);Public;Acreditat;Management;Management;Științe Economice;Dosar;0;70
Facultatea de Științe Umaniste;Universitatea "Valahia" din Târgovişte;Targoviste, Dambovita;29;6.26;N/A;3.500 lei;Geografia turismului;Public;Autorizat;Geografia turismului;Geografie;Științe ale Naturii;Dosar;25;4
Facultatea de Drept și Științe Administrative;Universitatea "Valahia" din Târgovişte;Targoviste, Dambovita;86;N/A;N/A;3.500 lei;Administrație publică;Public;Acreditat;Administraţie publică;Ştiinţe administrative;Științe Politice și Comunicare;Dosar;50;36
Facultatea de Ingineria Mediului și Știința Alimentelor;Universitatea "Valahia" din Târgovişte;Targoviste, Dambovita;43;6.06;N/A;3.200 lei;Montanologie;Public;Autorizat;Montanologie;Agronomie;Științe Agricole;Dosar;23;20
Facultatea de Științe și Inginerie (Alexandria);Universitatea "Valahia" din Târgovişte;Alexandria, Teleorman;28;N/A;N/A;3.200 lei;Ingineria sistemelor multimedia;Public;Autorizat;Ingineria sistemelor multimedia;Ingineria sistemelor și inginerie mecanică;Științe Inginerești;Dosar;15;13
Facultatea de Științe Economice;Universitatea "Valahia" din Târgovişte;Targoviste, Dambovita;71;N/A;N/A;3.200 lei;Finanțe și bănci;Public;Acreditat;Finanţe şi bănci;Finanţe;Științe Economice;Dosar;26;45
Facultatea de Științe Economice;Universitatea "Valahia" din Târgovişte;Targoviste, Dambovita;55;N/A;N/A;3.200 lei;Administrarea afacerilor (în limba engleza);Public;Autorizat;Administrarea afacerilor;Administrarea afacerilor;Științe Economice;Examen;25;30
Facultatea de Științe Umaniste;Universitatea "Valahia" din Târgovişte;Targoviste, Dambovita;42;6.83;N/A;3.500 lei;Educație fizică și sportivă;Public;Acreditat;Educaţie fizică şi sportivă;Educaţie fizică şi sport;Ştiinţa Sportului şi Educaţiei Fizice;Examen;29;13
Facultatea de Științe și Arte;Universitatea "Valahia" din Târgovişte;Targoviste, Dambovita;30;5.91;N/A;3.200 lei;Matematică informatică;Public;Acreditat;Matematică informatică;Matematică;Științe Exacte;Dosar;20;10
Facultatea de Științe Economice;Universitatea "Valahia" din Târgovişte;Targoviste, Dambovita;96;N/A;N/A;3.200 lei;Management;Public;Acreditat;Management;Management;Științe Economice;Dosar;26;70
Facultatea de Drept și Științe Administrative;Universitatea "Valahia" din Târgovişte;Targoviste, Dambovita;100;N/A;N/A;3.500 lei;Drept;Public;Acreditat;Drept;Drept;Științe Juridice;Dosar;50;50
Facultatea de Științe Politice, Litere și Comunicare;Universitatea "Valahia" din Târgovişte;Targoviste, Dambovita;N/A;N/A;N/A;3.500 lei;Jurnalism;Public;Acreditat;Jurnalism;Ştiinţe ale comunicării;Științe Politice și Comunicare;Dosar;0;0
Facultatea de Științe Umaniste;Universitatea "Valahia" din Târgovişte;Targoviste, Dambovita;29;6.13;N/A;3.500 lei;Istorie;Public;Acreditat;Istorie;Istorie;Științe Umaniste;Dosar;24;5
Facultatea de Inginerie Electrică, Electronică și Tehnologia Informației;Universitatea "Valahia" din Târgovişte;Targoviste, Dambovita;95;6.00;N/A;3.200 lei;Tehnologii și sisteme de telecomunicații;Public;Acreditat;Tehnologii şi sisteme de telecomunicaţii;Inginerie electronică, telecomunicații și tehnologii informaționale;Științe Inginerești;Dosar;60;35
Facultatea de Ingineria Materialelor și Mecanică;Universitatea "Valahia" din Târgovişte;Targoviste, Dambovita;58;6.00;N/A;3.200 lei;Știința materialelor;Public;Acreditat;Ştiinţa materialelor;Ingineria materialelor;Științe Inginerești;Dosar;33;25
Facultatea de Ingineria Mediului și Știința Alimentelor;Universitatea "Valahia" din Târgovişte;Targoviste, Dambovita;106;6.15;N/A;3.200 lei;Ingineria şi protecţia mediului în agricultură;Public;Acreditat;Ingineria mediului;Ingineria mediului;Științe Inginerești;Dosar;36;70
Facultatea de Științe și Inginerie (Alexandria);Universitatea "Valahia" din Târgovişte;Alexandria, Teleorman;70;N/A;N/A;3.200 lei;Economia comerțului, turismului și serviciilor;Public;Acreditat;Economia comerţului, turismului şi serviciilor;Administrarea afacerilor;Științe Economice;Dosar;30;40
Facultatea de Inginerie;Universitatea "Vasile Alecsandri" din Bacău;Bacau, Bacau;50;6.38;N/A;2.000 lei;Controlul şi securitatea produselor alimentare;Public;Autorizat;Controlul şi securitatea produselor alimentare;Inginerie chimică;Științe Inginerești;Dosar;20;30
Facultatea de Litere;Universitatea "Vasile Alecsandri" din Bacău;Bacau, Bacau;45;6.08;N/A;2.600 lei;O limbă şi literatură modernă (engleză, franceză) - Limba şi literatura română;Public;Acreditat;Limba şi literatura modernă;Limbă şi literatură;Științe Umaniste;Examen;15;30
Facultatea de Științe;Universitatea "Vasile Alecsandri" din Bacău;Bacau, Bacau;50;N/A;N/A;6.000 lei;Ecologie şi protecţia mediului;Public;Acreditat;Ecologie şi protecţia mediului;Ştiinţa mediului;Științe ale Naturii;Examen;0;50
Facultatea de Litere;Universitatea "Vasile Alecsandri" din Bacău;Bacau, Bacau;37;N/A;N/A;2.600 lei;Comunicare şi relaţii publice;Public;Acreditat;Comunicare şi relaţii publice;Ştiinţe ale comunicării;Științe Politice și Comunicare;Examen;0;37
Facultatea de Ştiinţe ale Mişcării, Sportului şi Sănătăţii;Universitatea "Vasile Alecsandri" din Bacău;Bacau, Bacau;75;N/A;N/A;3.500 lei;Educație fizică și sportivă IFR;Public;Acreditat;Educaţie fizică şi sportivă;Educaţie fizică şi sport;Ştiinţa Sportului şi Educaţiei Fizice;Examen;50;25
Facultatea de Ştiinţe ale Mişcării, Sportului şi Sănătăţii;Universitatea "Vasile Alecsandri" din Bacău;Bacau, Bacau;90;N/A;N/A;3.500 lei;Educaţie fizică şi sportivă;Public;Acreditat;Educaţie fizică şi sportivă;Educaţie fizică şi sport;Ştiinţa Sportului şi Educaţiei Fizice;Examen;0;90
Facultatea de Ştiinţe ale Mişcării, Sportului şi Sănătăţii;Universitatea "Vasile Alecsandri" din Bacău;Bacau, Bacau;50;N/A;N/A;3.500 lei;Sport şi performanţă motrică;Public;Acreditat;Sport şi performanţă motrică;Educaţie fizică şi sport;Ştiinţa Sportului şi Educaţiei Fizice;Examen;0;50
Facultatea de Inginerie;Universitatea "Vasile Alecsandri" din Bacău;Bacau, Bacau;147;N/A;N/A;2.200 lei;Ingineria şi protecţia mediului în industrie;Public;Acreditat;Ingineria şi protecţia mediului în industrie;Ingineria mediului;Științe Inginerești;Dosar;56;91
Facultatea de Inginerie;Universitatea "Vasile Alecsandri" din Bacău;Bacau, Bacau;58;N/A;N/A;2.200 lei;Mecatronică;Public;Acreditat;Mecatronică;Mecatronică și robotică;Științe Inginerești;Dosar;28;30
Facultatea de Inginerie;Universitatea "Vasile Alecsandri" din Bacău;Bacau, Bacau;147;N/A;N/A;2.200 lei;Ingineria dezvoltării rurale durabile;Public;Autorizat;Ingineria dezvoltării rurale durabile;Ingineria mediului;Științe Inginerești;Dosar;56;91
Facultatea de Inginerie;Universitatea "Vasile Alecsandri" din Bacău;Bacau, Bacau;57;N/A;N/A;2.200 lei;Inginerie economică în domeniul mecanic;Public;Acreditat;Inginerie economică în domeniul mecanic;Inginerie și management;Științe Inginerești;Dosar;30;27
Facultatea de Inginerie;Universitatea "Vasile Alecsandri" din Bacău;Bacau, Bacau;177;N/A;N/A;2.200 lei;Tehnologia construcţiilor de maşini;Public;Acreditat;Tehnologia construcţiilor de maşini;Inginerie industrială;Științe Inginerești;Dosar;52;125
Facultatea de Litere;Universitatea "Vasile Alecsandri" din Bacău;Bacau, Bacau;75;N/A;N/A;2.600 lei;Pedagogia învățământului primar și preșcolar;Public;Acreditat;Pedagogia învăţământului primar şi preşcolar;Științe ale educației;Științe Politice și Comunicare;Examen;0;75
Facultatea de Ştiinţe ale Mişcării, Sportului şi Sănătăţii;Universitatea "Vasile Alecsandri" din Bacău;Bacau, Bacau;60;N/A;N/A;3.500 lei;Kinetoterapie şi motricitate specială IFR;Public;Acreditat;Kinetoterapie şi motricitate specială;Kinetoterapie;Ştiinţa Sportului şi Educaţiei Fizice;Dosar;0;60
Facultatea de Ştiinţe ale Mişcării, Sportului şi Sănătăţii;Universitatea "Vasile Alecsandri" din Bacău;Bacau, Bacau;N/A;N/A;N/A;4.000 lei;Kinetoterapie şi motricitate specială;Public;Acreditat;Kinetoterapie și motricitate specială;Știința sportului și educației fizice;Ştiinţa Sportului şi Educaţiei Fizice;Examen;0;0
Facultatea de Științe;Universitatea "Vasile Alecsandri" din Bacău;Bacau, Bacau;15;N/A;N/A;2.600 lei;Informatică;Public;Acreditat;Informatică;Informatică;Științe Exacte;Dosar;15;0
Facultatea de Inginerie;Universitatea "Vasile Alecsandri" din Bacău;Bacau, Bacau;177;N/A;N/A;2.200 lei;Design industrial;Public;Acreditat;Design industrial;Inginerie industrială;Științe Inginerești;Dosar;52;125
Facultatea de Inginerie;Universitatea "Vasile Alecsandri" din Bacău;Bacau, Bacau;48;N/A;N/A;2.200 lei;Energetică industrială;Public;Acreditat;Energetică industrială;Inginerie energetică;Științe Inginerești;Dosar;28;20
Facultatea de Litere;Universitatea "Vasile Alecsandri" din Bacău;Bacau, Bacau;50;N/A;N/A;2.200 lei;Limba şi literatura engleză - Limba şi literatura franceză;Public;Acreditat;Limbă şi literatură;Limbă şi literatură;Științe Umaniste;Examen;25;25
Facultatea de Științe;Universitatea "Vasile Alecsandri" din Bacău;Bacau, Bacau;15;N/A;N/A;2.600 lei;Matematică;Public;Acreditat;Matematică;Matematică;Științe Exacte;Examen;15;0
Facultatea de Ştiinţe Economice;Universitatea "Vasile Alecsandri" din Bacău;Bacau, Bacau;100;N/A;N/A;2.800 lei;Administrarea afacerilor;Public;Acreditat;Administrarea afacerilor;Administrarea afacerilor;Științe Economice;Examen;50;50
Facultatea de Științe;Universitatea "Vasile Alecsandri" din Bacău;Bacau, Bacau;N/A;N/A;N/A;2.600 lei;Fizică Informatică;Public;Autorizat;Fizică informatică;Fizică;Științe Exacte;Examen;0;0
Facultatea de Ştiinţe Economice;Universitatea "Vasile Alecsandri" din Bacău;Bacau, Bacau;100;N/A;N/A;2.600 lei;Contabilitate şi informatică de gestiune IFR;Public;Acreditat;Contabilitate şi informatică de gestiune;Contabilitate;Științe Economice;Examen;50;50
Facultatea de Științe;Universitatea "Vasile Alecsandri" din Bacău;Bacau, Bacau;75;8.91;N/A;2.500 lei;Pedagogia învăţământului primar şi preşcolar;Public;Acreditat;Pedagogia învăţământului primar şi preşcolar;Științe ale educației;Științe Politice și Comunicare;Examen;13;62
Facultatea de Ştiinţe Economice;Universitatea "Vasile Alecsandri" din Bacău;Bacau, Bacau;28;N/A;N/A;2.600 lei;Marketing ID;Public;Acreditat;Marketing;Marketing;Științe Economice;Examen;0;28
Facultatea de Inginerie;Universitatea "Vasile Alecsandri" din Bacău;Bacau, Bacau;28;N/A;N/A;2.200 lei;Tehnologia informaţiei;Public;Acreditat;Tehnologia informaţiei;Calculatoare și tehnologia informației;Științe Inginerești;Dosar;23;5
Facultatea de Inginerie;Universitatea "Vasile Alecsandri" din Bacău;Bacau, Bacau;177;N/A;N/A;2.200 lei;Ingineria şi managementul calităţii;Public;Acreditat;Ingineria şi managementul calităţii;Inginerie industrială;Științe Inginerești;Dosar;52;125
Facultatea de Litere;Universitatea "Vasile Alecsandri" din Bacău;Bacau, Bacau;25;N/A;N/A;2.600 lei;Limba şi literatura română - O limbă şi literatură modernă (engleză, franceză);Public;Acreditat;Limba şi literatura română;Limbă şi literatură;Științe Umaniste;Examen;25;0
Facultatea de Ştiinţe ale Mişcării, Sportului şi Sănătăţii;Universitatea "Vasile Alecsandri" din Bacău;Bacau, Bacau;30;N/A;N/A;3.500 lei;Terapie ocupaţională;Public;Acreditat;Terapie ocupaţională;Psihologie;Științe Sociale și Psihologie;Examen;0;30
Facultatea de Științe;Universitatea "Vasile Alecsandri" din Bacău;Bacau, Bacau;30;N/A;N/A;2.600 lei;Informatică IFR;Public;Acreditat;Informatică;Informatică;Științe Exacte;Examen;0;30
Facultatea de Ştiinţe Economice;Universitatea "Vasile Alecsandri" din Bacău;Bacau, Bacau;200;N/A;N/A;2.800 lei;Contabilitate şi informatică de gestiune;Public;Acreditat;Contabilitate şi informatică de gestiune;Contabilitate;Științe Economice;Examen;100;100
Facultatea de Ştiinţe Economice;Universitatea "Vasile Alecsandri" din Bacău;Bacau, Bacau;60;N/A;N/A;2.800 lei;Marketing;Public;Acreditat;Marketing;Marketing;Științe Economice;Dosar;30;30
Facultatea de Inginerie;Universitatea "Vasile Alecsandri" din Bacău;Bacau, Bacau;57;N/A;N/A;2.200 lei;Inginerie biochimică;Public;Acreditat;Inginerie biochimică;Inginerie chimică;Științe Inginerești;Dosar;30;27
Facultatea de Inginerie;Universitatea "Vasile Alecsandri" din Bacău;Bacau, Bacau;57;N/A;N/A;2.200 lei;Ingineria produselor alimentare;Public;Acreditat;Ingineria produselor alimentare;Ingineria produselor alimentare;Științe Agricole;Dosar;33;24
Facultatea de Inginerie;Universitatea "Vasile Alecsandri" din Bacău;Bacau, Bacau;46;N/A;N/A;2.200 lei;Echipamente pentru procese industriale;Public;Acreditat;Echipamente pentru procese industriale;Ingineria sistemelor și inginerie mecanică;Științe Inginerești;Dosar;33;13
Facultatea de Litere;Universitatea "Vasile Alecsandri" din Bacău;Bacau, Bacau;40;N/A;N/A;3.000 lei;Traducere și interpretare (engleză, franceză);Public;Acreditat;Traducere și interpretare;Limbi moderne aplicate;Științe Umaniste;Examen;0;40
Facultatea de Științe;Universitatea "Vasile Alecsandri" din Bacău;Bacau, Bacau;50;N/A;N/A;2.600 lei;Biologie;Public;Acreditat;Biologie;Biologie;Științe ale Naturii;Examen;41;9
Facultatea de Ştiinţe Juridice şi Administrative;Universitatea Creştină "Dimitrie Cantemir" din Bucureşti;Bucuresti, Bucuresti;100;N/A;0.39;500 lei;Administraţie Publică (IFR);Public;Autorizat;Administraţie publică;Ştiinţe administrative;Științe Politice și Comunicare;Dosar;0;100
Facultatea de Finanţe, Bănci şi Contabilitate;Universitatea Creştină "Dimitrie Cantemir" din Bucureşti;Bucuresti, Bucuresti;120;N/A;0.28;600 lei;Contabilitate și informatică de gestiune;Public;Autorizat;Contabilitate şi informatică de gestiune;Contabilitate;Științe Economice;Dosar;0;120
Facultatea de Management Turistic şi Comercial;Universitatea Creştină "Dimitrie Cantemir" din Bucureşti;Bucuresti, Bucuresti;300;N/A;0.35;600 lei;Economia comerţului, turismului şi serviciilor (IFR);Public;Acreditat;Economia comerţului, turismului şi serviciilor;Administrarea afacerilor;Științe Economice;Dosar;0;300
Facultatea de Ştiinţe ale Educaţiei;Universitatea Creştină "Dimitrie Cantemir" din Bucureşti;Bucuresti, Bucuresti;125;N/A;1.00;700 lei;Pedagogia învăţământului primar şi preşcolar;Public;Autorizat;Pedagogia învăţământului primar şi preşcolar;Științe ale educației;Științe Politice și Comunicare;Examen;0;125
Facultatea de Limbi şi Literaturi Străine;Universitatea Creştină "Dimitrie Cantemir" din Bucureşti;Bucuresti, Bucuresti;50;N/A;0.38;700 lei;Limba şi literatura română – Limba şi literatura modernă (engleză, spaniolă);Public;Autorizat;Limba şi literatura română;Limbă şi literatură;Științe Umaniste;Dosar;0;50
Facultatea de Ştiinţe Economice din Cluj-Napoca;Universitatea Creştină "Dimitrie Cantemir" din Bucureşti;Cluj-Napoca, Cluj;100;N/A;N/A;2.600 lei;Contabilitate si informatica de gestiune (IFR);Public;Acreditat;Contabilitate şi informatică de gestiune;Contabilitate;Științe Economice;Dosar;0;100
Facultatea de Ştiinţe Politice;Universitatea Creştină "Dimitrie Cantemir" din Bucureşti;Bucuresti, Bucuresti;125;N/A;N/A;2.780 lei;Comunicare şi relaţii publice;Public;Acreditat;Comunicare şi relaţii publice;Ştiinţe ale comunicării;Științe Politice și Comunicare;Dosar;0;125
Facultatea de Finanţe, Bănci şi Contabilitate;Universitatea Creştină "Dimitrie Cantemir" din Bucureşti;Bucuresti, Bucuresti;210;N/A;0.13;600 lei;Finanțe și Bănci;Public;Acreditat;Finanţe şi bănci;Finanţe;Științe Economice;Dosar;0;210
Facultatea de Management Turistic şi Comercial;Universitatea Creştină "Dimitrie Cantemir" din Bucureşti;Bucuresti, Bucuresti;200;N/A;0.54;600 lei;Economia comerţului, turismului şi serviciilor;Public;Acreditat;Economia comerţului, turismului şi serviciilor;Administrarea afacerilor;Științe Economice;Dosar;0;200
Facultatea de Ştiinţe Juridice şi Administrative;Universitatea Creştină "Dimitrie Cantemir" din Bucureşti;Bucuresti, Bucuresti;250;N/A;0.74;550 lei;Drept (IFR);Public;Acreditat;Drept;Drept;Științe Juridice;Dosar;0;250
Facultatea de Limbi şi Literaturi Străine;Universitatea Creştină "Dimitrie Cantemir" din Bucureşti;Bucuresti, Bucuresti;50;N/A;0.08;700 lei;Limba şi literatura engleză - Limba şi literatura modernă B (chineză);Public;Autorizat;Limbă şi literatură;Limbă şi literatură;Științe Umaniste;Dosar;0;50
Facultatea de Drept din Cluj-Napoca;Universitatea Creştină "Dimitrie Cantemir" din Bucureşti;Cluj-Napoca, Cluj;200;N/A;0.46;2.800 lei;Drept;Public;Acreditat;Drept;Drept;Științe Juridice;Dosar;0;200
Facultatea de Limbi şi Literaturi Străine;Universitatea Creştină "Dimitrie Cantemir" din Bucureşti;Bucuresti, Bucuresti;50;N/A;0.12;800 lei;Limba şi literatura franceză – Limbi şi literaturi moderne (engleză, japoneză);Public;Acreditat;Limbă şi literatură;Limbă şi literatură;Științe Umaniste;Dosar;0;50
Facultatea de Limbi şi Literaturi Străine;Universitatea Creştină "Dimitrie Cantemir" din Bucureşti;Bucuresti, Bucuresti;50;N/A;0.52;800 lei;Limba şi literatura engleză – Limbă şi literatură modernă (japoneză, spaniolă);Public;Acreditat;Limbă şi literatură;Limbă şi literatură;Științe Umaniste;Dosar;0;50
Facultatea de Ştiinţe Juridice şi Administrative;Universitatea Creştină "Dimitrie Cantemir" din Bucureşti;Bucuresti, Bucuresti;100;N/A;0.81;500 lei;Administraţie publică;Public;Autorizat;Administraţie publică;Ştiinţe administrative;Științe Politice și Comunicare;Dosar;0;100
Facultatea de Finanţe, Bănci şi Contabilitate;Universitatea Creştină "Dimitrie Cantemir" din Bucureşti;Bucuresti, Bucuresti;180;N/A;0.29;600 lei;Finanțe și Bănci (IFR);Public;Acreditat;Finanţe şi bănci;Finanţe;Științe Economice;Dosar;0;180
Facultatea de Administrarea Afacerilor Internaţionale;Universitatea Creştină "Dimitrie Cantemir" din Bucureşti;Bucuresti, Bucuresti;175;N/A;0.19;600 lei;Economie şi afaceri internaţionale (IFR);Public;Acreditat;Economie şi afaceri internaţionale;Economie şi afaceri internaţionale;Științe Economice;Dosar;0;175
Facultatea de Marketing;Universitatea Creştină "Dimitrie Cantemir" din Bucureşti;Bucuresti, Bucuresti;100;N/A;0.57;600 lei;Marketing;Public;Autorizat;Marketing;Marketing;Științe Economice;Dosar;0;100
Facultatea de Administrarea Afacerilor Internaţionale;Universitatea Creştină "Dimitrie Cantemir" din Bucureşti;Bucuresti, Bucuresti;250;N/A;0.14;600 lei;Economie şi afaceri internaţionale;Public;Acreditat;Economie şi afaceri internaţionale;Economie şi afaceri internaţionale;Științe Economice;Dosar;0;250
Facultatea de Ştiinţe Juridice şi Administrative;Universitatea Creştină "Dimitrie Cantemir" din Bucureşti;Bucuresti, Bucuresti;350;N/A;0.29;550 lei;Drept;Public;Autorizat;Drept;Drept;Științe Juridice;Dosar;0;350
Facultatea de Marketing;Universitatea Creştină "Dimitrie Cantemir" din Bucureşti;Bucuresti, Bucuresti;100;N/A;0.47;600 lei;Marketing IFR;Public;Acreditat;Marketing;Marketing;Științe Economice;Dosar;0;100
Facultatea de Limbi şi Literaturi Străine;Universitatea Creştină "Dimitrie Cantemir" din Bucureşti;Bucuresti, Bucuresti;50;N/A;0.10;700 lei;Limba şi literatura germană – Limba şi literatura modernă (engleză);Public;Acreditat;Limbă şi literatură;Limbă şi literatură;Științe Umaniste;Dosar;0;50
Facultatea de Drept din Cluj-Napoca;Universitatea Creştină "Dimitrie Cantemir" din Bucureşti;Cluj-Napoca, Cluj;150;N/A;0.75;2.800 lei;Drept (IFR);Public;Acreditat;Drept;Drept;Științe Juridice;Dosar;0;150
Facultatea de Ştiinţe Economice din Cluj-Napoca;Universitatea Creştină "Dimitrie Cantemir" din Bucureşti;Cluj-Napoca, Cluj;75;N/A;N/A;2.600 lei;Contabilitate şi informatică de gestiune;Public;Acreditat;Contabilitate şi informatică de gestiune;Contabilitate;Științe Economice;Dosar;0;75
Facultatea de Management Turistic şi Comercial din Timişoara;Universitatea Creştină "Dimitrie Cantemir" din Bucureşti;Timisoara, Timis;100;N/A;N/A;2.400 lei;Economia comerţului, turismului şi serviciilor;Public;Acreditat;Economia comerţului, turismului, serviciilor şi managementul calităţii;Administrarea afacerilor;Științe Economice;Dosar;0;100
Facultatea de Ştiinţe Socio - Umane;Universitatea Creştină "Partium" din Oradea;Oradea, Bihor;37;N/A;N/A;N/A;Limba şi literatura germană;Public;Acreditat;Limbă şi literatură;Limbă şi literatură;Științe Umaniste;Dosar;16;21
Facultatea de Ştiinţe Economice;Universitatea Creştină "Partium" din Oradea;Oradea, Bihor;N/A;N/A;N/A;N/A;Economia comerţului, turismului şi serviciilor;Public;Acreditat;Economia comerţului, turismului şi serviciilor;Administrarea afacerilor;Științe Economice;Dosar;0;0
Facultatea de Ştiinţe Socio - Umane;Universitatea Creştină "Partium" din Oradea;Oradea, Bihor;N/A;N/A;N/A;N/A;Limba şi literatura germană - Limba şi literatura maghiară;Public;Autorizat;Limbă şi literatură;Limbă şi literatură;Științe Umaniste;Dosar;0;0
Facultatea de Ştiinţe Socio - Umane;Universitatea Creştină "Partium" din Oradea;Oradea, Bihor;N/A;N/A;N/A;N/A;Asistenţă socială;Public;Acreditat;Asistenţă socială;Asistenţă socială;Științe Sociale și Psihologie;Dosar;0;0
Facultatea de Ştiinţe Economice;Universitatea Creştină "Partium" din Oradea;Oradea, Bihor;N/A;N/A;N/A;N/A;Management;Public;Acreditat;Management;Management;Științe Economice;Dosar;0;0
Facultatea de Ştiinţe Socio - Umane;Universitatea Creştină "Partium" din Oradea;Oradea, Bihor;35;N/A;N/A;2.240 lei;Pedagogia învățământului primar și preșcolar (în limba maghiară);Public;Autorizat;Pedagogia învăţământului primar şi preşcolar;Științe ale educației;Științe Politice și Comunicare;Dosar;25;10
Facultatea de Ştiinţe Socio - Umane;Universitatea Creştină "Partium" din Oradea;Oradea, Bihor;35;N/A;N/A;2.240 lei;Sociologie (în limba maghiară);Public;Acreditat;Sociologie;Sociologie;Științe Sociale și Psihologie;Dosar;15;20
Facultatea de Ştiinţe Socio - Umane;Universitatea Creştină "Partium" din Oradea;Oradea, Bihor;37;N/A;N/A;N/A;Limba şi literatura engleză – Limba şi literatura germană;Public;Autorizat;Limbă şi literatură;Limbă şi literatură;Științe Umaniste;Dosar;16;21
Facultatea de Ştiinţe Economice;Universitatea Creştină "Partium" din Oradea;Oradea, Bihor;N/A;N/A;N/A;N/A;Finanțe și bănci;Public;Autorizat;Finanţe şi bănci;Finanţe;Științe Economice;Dosar;0;0
Facultatea de Ştiinţe Socio - Umane;Universitatea Creştină "Partium" din Oradea;Oradea, Bihor;N/A;N/A;N/A;N/A;Limba şi literatura maghiară;Public;Autorizat;Limbă şi literatură;Limbă şi literatură;Științe Umaniste;Dosar;0;0
Facultatea de Ştiinţe Socio - Umane;Universitatea Creştină "Partium" din Oradea;Oradea, Bihor;N/A;N/A;N/A;N/A;Limba şi literatura maghiară – Limba şi literatura română;Public;Autorizat;Limbă şi literatură;Limbă şi literatură;Științe Umaniste;Dosar;0;0
Facultatea de Ştiinţe Socio - Umane;Universitatea Creştină "Partium" din Oradea;Oradea, Bihor;N/A;N/A;N/A;N/A;Teologie asistență socială;Public;Autorizat;Teologie asistenţă socială;Teologie;Teologie;Dosar;0;0
Facultatea de Ştiinţe Socio - Umane;Universitatea Creştină "Partium" din Oradea;Oradea, Bihor;N/A;N/A;N/A;N/A;Limba şi literatura engleză – Limba şi literatura română;Public;Acreditat;Limbă şi literatură;Limbă şi literatură;Științe Umaniste;Dosar;0;0
Facultatea de Ştiinţe Socio - Umane;Universitatea Creştină "Partium" din Oradea;Oradea, Bihor;N/A;N/A;N/A;N/A;Limba şi literatura engleză;Public;Acreditat;Limbă şi literatură;Limbă şi literatură;Științe Umaniste;Dosar;0;0
Facultatea de Arte;Universitatea Creştină "Partium" din Oradea;Oradea, Bihor;N/A;N/A;N/A;N/A;Arte plastice (grafică);Public;Acreditat;Arte plastice;Arte vizuale;Arte, Arhitectură și Urbanism ;Examen;0;0
Facultatea de Ştiinţe Socio - Umane;Universitatea Creştină "Partium" din Oradea;Oradea, Bihor;N/A;N/A;N/A;N/A;Limba şi literatura maghiară – Limba şi literatura engleză;Public;Autorizat;Limbă şi literatură;Limbă şi literatură;Științe Umaniste;Dosar;0;0
Facultatea de Drept și Științe Administrative;Universitatea Ecologică din Bucureşti;Bucuresti, Bucuresti;200;N/A;0.29;2.300 lei;Drept;Public;Autorizat;Drept;Drept;Științe Juridice;Dosar;0;200
Facultatea de Ştiinţe Economice;Universitatea Ecologică din Bucureşti;Bucuresti, Bucuresti;90;N/A;N/A;2.300 lei;Finante si Banci;Public;Autorizat;Finanţe şi bănci;Finanţe;Științe Economice;Dosar;0;90
Facultatea de Psihologie;Universitatea Ecologică din Bucureşti;Bucuresti, Bucuresti;80;N/A;N/A;2.700 lei;Psihologie;Public;Autorizat;Psihologie;Psihologie;Științe Sociale și Psihologie;Examen;0;80
Facultatea de Educaţie Fizică şi Sport;Universitatea Ecologică din Bucureşti;Bucuresti, Bucuresti;100;N/A;0.60;2.700 lei;Educatie fizica si sportiva;Public;Acreditat;Educaţie fizică şi sportivă;Educaţie fizică şi sport;Ştiinţa Sportului şi Educaţiei Fizice;Dosar;0;100
Facultatea de Educaţie Fizică şi Sport;Universitatea Ecologică din Bucureşti;Bucuresti, Bucuresti;100;N/A;0.63;2.700 lei;Kinetoterapie si motricitate speciala;Public;Autorizat;Kinetoterapie şi motricitate specială;Kinetoterapie;Ştiinţa Sportului şi Educaţiei Fizice;Examen;0;100
Facultatea de Inginerie Managerială;Universitatea Ecologică din Bucureşti;Bucuresti, Bucuresti;100;N/A;0.18;2.300 lei;Inginerie economica industriala;Public;Acreditat;Inginerie economică industrială;Inginerie și management;Științe Inginerești;Dosar;0;100
Facultatea de Ecologie şi Protecţia Mediului;Universitatea Ecologică din Bucureşti;Bucuresti, Bucuresti;150;N/A;N/A;2.300 lei;Ecologie şi protecţia mediului;Public;Autorizat;Ecologie şi protecţia mediului;Ştiinţa mediului;Științe ale Naturii;Dosar;0;150
Facultatea de Drept;Universitatea Europeană "Drăgan" din Lugoj;Lugoj, Timis;50;N/A;0.62;2.950 lei;Drept;Public;Acreditat;Drept;Drept;Științe Juridice;Dosar;0;50
Facultatea de Ştiinţe Economice;Universitatea Europeană "Drăgan" din Lugoj;Lugoj, Timis;90;N/A;0.34;2.950 lei;Finante si Banci;Public;Acreditat;Finanţe şi bănci;Finanţe;Științe Economice;Dosar;0;90
Facultatea de Navigație și Transport Naval;Universitatea Maritimă din Constanţa;Constanta, Constanta;60;5.68;0.37;3.400 lei;Inginerie economică în domeniul transporturilor;Public;Acreditat;Inginerie economică în domeniul transporturilor;Inginerie și management;Științe Inginerești;Examen;18;42
Facultatea de Electromecanică Navală;Universitatea Maritimă din Constanţa;Constanta, Constanta;60;5.22;N/A;3.400 lei;Ingineria și protecția mediului în industrie;Public;Acreditat;Ingineria şi protecţia mediului în industrie;Ingineria mediului;Științe Inginerești;Examen;23;37
Facultatea de Electromecanică Navală;Universitatea Maritimă din Constanţa;Constanta, Constanta;100;N/A;0.37;3.600 lei;Electrotehnică (IFR);Public;Acreditat;Electrotehnică;Inginerie electrică;Științe Inginerești;Dosar;0;100
Facultatea de Electromecanică Navală;Universitatea Maritimă din Constanţa;Constanta, Constanta;50;5.70;N/A;3.600 lei;Tehnologii și sisteme de telecomunicații;Public;Acreditat;Tehnologii şi sisteme de telecomunicaţii;Inginerie electronică, telecomunicații și tehnologii informaționale;Științe Inginerești;Examen;26;24
Facultatea de Navigație și Transport Naval;Universitatea Maritimă din Constanţa;Constanta, Constanta;125;N/A;0.21;3.600 lei;Navigație și transport maritim și fluvial (IFR);Public;Acreditat;Navigaţie şi transport maritim şi fluvial;Inginerie marină şi navigaţie;Științe Inginerești;Dosar;0;125
Facultatea de Navigație și Transport Naval;Universitatea Maritimă din Constanţa;Constanta, Constanta;225;7.56;0.44;3.600 lei;Navigație și transport maritim și fluvial;Public;Acreditat;Navigaţie şi transport maritim şi fluvial;Inginerie marină şi navigaţie;Științe Inginerești;Examen;27;198
Facultatea de Electromecanică Navală;Universitatea Maritimă din Constanţa;Constanta, Constanta;100;N/A;N/A;4.500 lei;Electromecanică navală (în limba engleză);Public;Acreditat;Electromecanică navală;Inginerie marină şi navigaţie;Științe Inginerești;Dosar;0;100
Facultatea de Navigație și Transport Naval;Universitatea Maritimă din Constanţa;Constanta, Constanta;125;N/A;0.21;4.500 lei;Navigație și transport maritim și fluvial (în limba engleză);Public;Acreditat;Navigaţie şi transport maritim şi fluvial;Inginerie marină şi navigaţie;Științe Inginerești;Dosar;0;125
Facultatea de Electromecanică Navală;Universitatea Maritimă din Constanţa;Constanta, Constanta;100;5.76;0.29;3.600 lei;Electrotehnică;Public;Acreditat;Electrotehnică;Inginerie electrică;Științe Inginerești;Examen;19;81
Facultatea de Electromecanică Navală;Universitatea Maritimă din Constanţa;Constanta, Constanta;200;7.32;0.30;3.600 lei;Electromecanică navală;Public;Acreditat;Electromecanică navală;Inginerie marină şi navigaţie;Științe Inginerești;Examen;22;178
Facultatea de Electromecanică Navală;Universitatea Maritimă din Constanţa;Constanta, Constanta;125;N/A;0.38;3.600 lei;Electromecanică navală (IFR);Public;Acreditat;Electromecanică navală;Inginerie marină şi navigaţie;Științe Inginerești;Dosar;0;125
Facultatea de Comandă şi Stat Major;Universitatea Naţională de Apărare "Carol I" din Bucureşti;Bucuresti, Bucuresti;N/A;N/A;N/A;N/A;Conducere interarme - forţe aeriene;Public;Acreditat;Conducere interarme - forţe aeriene;Ştiinţe militare;Ştiinţe Militare, Informaţii şi Ordine publică;Examen;0;0
Facultatea de Securitate și Apărare;Universitatea Naţională de Apărare "Carol I" din Bucureşti;Bucuresti, Bucuresti;N/A;N/A;N/A;2.200 lei;Sisteme informaţionale;Public;Autorizat;Sisteme informaţionale;Ştiinţe militare, informaţii și ordine publică;Ştiinţe Militare, Informaţii şi Ordine publică;Examen;0;0
Facultatea de Securitate și Apărare;Universitatea Naţională de Apărare "Carol I" din Bucureşti;Bucuresti, Bucuresti;N/A;N/A;N/A;2.200 lei;Comunicare publică şi interculturală în domeniul securităţii şi apărării;Public;Autorizat;Comunicare publică şi interculturală în domeniul securităţii şi apărării;Ştiinţe militare, informaţii și ordine publică;Ştiinţe Militare, Informaţii şi Ordine publică;Examen;0;0
Facultatea de Comandă şi Stat Major;Universitatea Naţională de Apărare "Carol I" din Bucureşti;Bucuresti, Bucuresti;N/A;N/A;N/A;N/A;Forte navale;Public;Acreditat;Conducere interarme - forţe navale;Ştiinţe militare;Ştiinţe Militare, Informaţii şi Ordine publică;Examen;0;0
Facultatea de Securitate și Apărare;Universitatea Naţională de Apărare "Carol I" din Bucureşti;Bucuresti, Bucuresti;N/A;N/A;N/A;2.200 lei;Securitate şi apărare;Public;Autorizat;Securitate şi apărare;Ştiinţe militare, informaţii și ordine publică;Ştiinţe Militare, Informaţii şi Ordine publică;Examen;0;0
Facultatea de Comandă şi Stat Major;Universitatea Naţională de Apărare "Carol I" din Bucureşti;Bucuresti, Bucuresti;25;N/A;N/A;2.200 lei;Conducere militară;Public;Autorizat;Conducere militară;Ştiinţe militare, informaţii și ordine publică;Ştiinţe Militare, Informaţii şi Ordine publică;Examen;25;0
Facultatea de Comandă şi Stat Major;Universitatea Naţională de Apărare "Carol I" din Bucureşti;Bucuresti, Bucuresti;N/A;N/A;N/A;N/A;Logistică;Public;Acreditat;Logistică;Ştiinţe militare;Ştiinţe Militare, Informaţii şi Ordine publică;Examen;0;0
Facultatea de Comandă şi Stat Major;Universitatea Naţională de Apărare "Carol I" din Bucureşti;Bucuresti, Bucuresti;N/A;N/A;N/A;N/A;Conducere interarme - forţe terestre;Public;Autorizat;Conducere interarme - forţe terestre;Ştiinţe militare;Ştiinţe Militare, Informaţii şi Ordine publică;Examen;0;0
Facultatea de Teatru;Universitatea Naţională de Artă Teatrală şi Cinematografică "I. L. Caragiale" din Bucureşti;Bucuresti, Bucuresti;11;N/A;N/A;6.000 lei;Scenografie;Public;Acreditat;Scenografie;Teatru şi artele spectacolului;Arte, Arhitectură și Urbanism ;Examen;10;1
Facultatea de Teatru;Universitatea Naţională de Artă Teatrală şi Cinematografică "I. L. Caragiale" din Bucureşti;Bucuresti, Bucuresti;86;N/A;N/A;6.000 lei;Artele spectacolului (Actorie, Regie, Păpuşi - Marionete, Coregrafie);Public;Acreditat;Artele spectacolului;Teatru şi artele spectacolului;Arte, Arhitectură și Urbanism ;Examen;74;12
Facultatea de Teatru;Universitatea Naţională de Artă Teatrală şi Cinematografică "I. L. Caragiale" din Bucureşti;Bucuresti, Bucuresti;9;N/A;N/A;6.000 lei;Teatrologie (Management cultural, Jurnalism teatral);Public;Acreditat;Teatrologie ;Teatru şi artele spectacolului;Arte, Arhitectură și Urbanism ;Examen;8;1
Facultatea de Film;Universitatea Naţională de Artă Teatrală şi Cinematografică "I. L. Caragiale" din Bucureşti;Bucuresti, Bucuresti;80;N/A;N/A;19.100 lei;Cinematografie, fotografie, media (Regie de film și TV, Imagine de film și TV, Multimedia: sunet-montaj, Comunicare audiovizuală: scenaristică, publicitate media, filmologie);Public;Acreditat;Cinematografie, fotografie, media;Cinematografie şi media;Arte, Arhitectură și Urbanism ;Examen;74;6
Facultatea de Kinetoterapie;Universitatea Naţională de Educaţie Fizică şi Sport din Bucureşti;Bucuresti, Bucuresti;195;N/A;N/A;800 lei;Kinetoterapie şi motricitate specială;Public;Acreditat;Kinetoterapie şi motricitate specială;Kinetoterapie;Ştiinţa Sportului şi Educaţiei Fizice;Examen;62;133
Facultatea de Educaţie Fizică şi Sport;Universitatea Naţională de Educaţie Fizică şi Sport din Bucureşti;Bucuresti, Bucuresti;120;7.22;0.98;800 lei;Educaţie fizică şi sportivă;Public;Acreditat;Educaţie fizică şi sportivă;Educaţie fizică şi sport;Ştiinţa Sportului şi Educaţiei Fizice;Examen;60;60
Facultatea de Educaţie Fizică şi Sport;Universitatea Naţională de Educaţie Fizică şi Sport din Bucureşti;Bucuresti, Bucuresti;50;5.55;0.36;800 lei;Management în sport;Public;Acreditat;Educație fizică și sportivă ;Știința sportului și educației fizice;Ştiinţa Sportului şi Educaţiei Fizice;Examen;25;25
Facultatea de Educaţie Fizică şi Sport;Universitatea Naţională de Educaţie Fizică şi Sport din Bucureşti;Bucuresti, Bucuresti;73;N/A;0.34;600 lei;Sport şi performanţă motrică - Învățământ cu frecvență redusă;Public;Autorizat;Sport şi performanţă motrică;Educaţie fizică şi sport;Ştiinţa Sportului şi Educaţiei Fizice;Examen;0;73
Facultatea de Educaţie Fizică şi Sport;Universitatea Naţională de Educaţie Fizică şi Sport din Bucureşti;Bucuresti, Bucuresti;30;N/A;N/A;800 lei;Sport şi performanţă motrică (în limba engleză);Public;Autorizat;Sport şi performanţă motrică;Educaţie fizică şi sport;Ştiinţa Sportului şi Educaţiei Fizice;Examen;0;30
Facultatea de Educaţie Fizică şi Sport;Universitatea Naţională de Educaţie Fizică şi Sport din Bucureşti;Bucuresti, Bucuresti;30;N/A;N/A;800 lei;Educaţie fizică şi sportivă (în limba franceză);Public;Acreditat;Educaţie fizică şi sportivă;Educaţie fizică şi sport;Ştiinţa Sportului şi Educaţiei Fizice;Examen;0;30
Facultatea de Educaţie Fizică şi Sport;Universitatea Naţională de Educaţie Fizică şi Sport din Bucureşti;Bucuresti, Bucuresti;124;5.25;0.62;800 lei;Sport şi performanţă motrică;Public;Autorizat;Sport şi performanţă motrică;Educaţie fizică şi sport;Ştiinţa Sportului şi Educaţiei Fizice;Examen;61;63
Facultatea de Compoziţie, Muzicologie şi Pedagogie Muzicală;Universitatea Naţională de Muzică din Bucureşti;Bucuresti, Bucuresti;45;6.51;N/A;N/A;Compoziţie muzicală;Public;Acreditat;Compoziţie muzicală;Muzică;Arte, Arhitectură și Urbanism ;Examen;25;20
Facultatea de Compoziţie, Muzicologie şi Pedagogie Muzicală;Universitatea Naţională de Muzică din Bucureşti;Bucuresti, Bucuresti;12;N/A;N/A;N/A;Muzică religioasă;Public;Acreditat;Muzică religioasă;Muzică;Arte, Arhitectură și Urbanism ;Examen;6;6
Facultatea de Interpretare Muzicală;Universitatea Naţională de Muzică din Bucureşti;Bucuresti, Bucuresti;25;7.67;N/A;N/A;Interpretare muzicală - canto;Public;Acreditat;Interpretare muzicală - canto;Muzică;Arte, Arhitectură și Urbanism ;Examen;15;10
Facultatea de Compoziţie, Muzicologie şi Pedagogie Muzicală;Universitatea Naţională de Muzică din Bucureşti;Bucuresti, Bucuresti;12;6.37;N/A;N/A;Muzicologie;Public;Acreditat;Muzicologie;Muzică;Arte, Arhitectură și Urbanism ;Examen;6;6
Facultatea de Compoziţie, Muzicologie şi Pedagogie Muzicală;Universitatea Naţională de Muzică din Bucureşti;Bucuresti, Bucuresti;10;7.69;N/A;N/A;Dirijat;Public;Acreditat;Dirijat;Muzică;Arte, Arhitectură și Urbanism ;Examen;5;5
Facultatea de Interpretare Muzicală;Universitatea Naţională de Muzică din Bucureşti;Bucuresti, Bucuresti;90;8.01;N/A;N/A;Interpretare muzicală - instrumente;Public;Acreditat;Interpretare muzicală - instrumente;Muzică;Arte, Arhitectură și Urbanism ;Examen;60;30
Facultatea de Compoziţie, Muzicologie şi Pedagogie Muzicală;Universitatea Naţională de Muzică din Bucureşti;Bucuresti, Bucuresti;12;8.20;N/A;N/A;Pedagogie muzicală;Public;Acreditat;Pedagogie muzicală;Muzică;Arte, Arhitectură și Urbanism ;Examen;6;6
Facultatea de Arte Plastice;Universitatea Națională de Arte din București;Bucuresti, Bucuresti;36;6.33;N/A;4.200 lei;Arte plastice (fotografie-video procesarea computerizată a imaginii);Public;Acreditat;Arte plastice;Arte vizuale;Arte, Arhitectură și Urbanism ;Examen;19;17
Facultatea de Arte Decorative si Design;Universitatea Națională de Arte din București;Bucuresti, Bucuresti;28;6.00;N/A;4.200 lei;Arte textile - design textil;Public;Acreditat;Arte textile - design textil;Arte vizuale;Arte, Arhitectură și Urbanism ;Examen;15;13
Facultatea de Istoria şi Teoria Artei;Universitatea Națională de Arte din București;Bucuresti, Bucuresti;10;7.33;N/A;4.200 lei;Conservare şi restaurare;Public;Acreditat;Conservare şi restaurare;Arte vizuale;Arte, Arhitectură și Urbanism ;Examen;8;2
Facultatea de Arte Plastice;Universitatea Națională de Arte din București;Bucuresti, Bucuresti;40;8.10;N/A;4.200 lei;Arte plastice (Grafică);Public;Acreditat;Arhitectură ;Arhitectură;Arte, Arhitectură și Urbanism ;Examen;19;21
Facultatea de Arte Decorative si Design;Universitatea Națională de Arte din București;Bucuresti, Bucuresti;35;6.33;N/A;4.200 lei;Ceramică - sticlă - metal;Public;Acreditat;Ceramică - sticlă - metal;Arte vizuale;Arte, Arhitectură și Urbanism ;Examen;13;22
Facultatea de Arte Decorative si Design;Universitatea Națională de Arte din București;Bucuresti, Bucuresti;46;8.49;N/A;4.200 lei;Design;Public;Acreditat;Design;Arte vizuale;Arte, Arhitectură și Urbanism ;Examen;21;25
Facultatea de Arte Decorative si Design;Universitatea Națională de Arte din București;Bucuresti, Bucuresti;40;9.00;N/A;4.200 lei;Modă - design vestimentar;Public;Acreditat;Modă - design vestimentar;Arte vizuale;Arte, Arhitectură și Urbanism ;Examen;20;20
Facultatea de Arte Plastice;Universitatea Națională de Arte din București;Bucuresti, Bucuresti;19;5.50;N/A;4.200 lei;Pedagogia artelor plastice şi decorative;Public;Autorizat;Pedagogia artelor plastice şi decorative;Arte vizuale;Arte, Arhitectură și Urbanism ;Examen;10;9
Facultatea de Arte Decorative si Design;Universitatea Națională de Arte din București;Bucuresti, Bucuresti;18;7.00;N/A;4.200 lei;Scenografie şi eveniment artistic;Public;Acreditat;Scenografie şi eveniment artistic;Arte vizuale;Arte, Arhitectură și Urbanism ;Examen;8;10
Facultatea de Arte Plastice;Universitatea Națională de Arte din București;Bucuresti, Bucuresti;40;7.83;N/A;4.200 lei;Arte plastice (Pictură);Public;Acreditat;Arte plastice;Arte vizuale;Arte, Arhitectură și Urbanism ;Examen;20;20
Facultatea de Arte Decorative si Design;Universitatea Națională de Arte din București;Bucuresti, Bucuresti;25;7.33;N/A;4.200 lei;Artă murală;Public;Acreditat;Artă murală;Arte vizuale;Arte, Arhitectură și Urbanism ;Examen;12;13
Facultatea de Istoria şi Teoria Artei;Universitatea Națională de Arte din București;Bucuresti, Bucuresti;23;9.66;N/A;4.200 lei;Istoria şi teoria artei;Public;Acreditat;Istoria şi teoria artei;Arte vizuale;Arte, Arhitectură și Urbanism ;Examen;15;8
Facultatea de Arte Plastice;Universitatea Națională de Arte din București;Bucuresti, Bucuresti;24;8.00;N/A;4.200 lei;Arte plastice (Sculptură);Public;Acreditat;Arhitectură ;Arhitectură;Arte, Arhitectură și Urbanism ;Examen;11;13
Facultatea de Inginerie Mecanică şi Electrică;Universitatea Petrol-Gaze din Ploieşti (UPG);Ploiesti, Prahova;59;6.61;N/A;3.200 lei;Utilaje pentru transportul şi depozitarea hidrocarburilor;Public;Acreditat;Utilaje pentru transportul şi depozitarea hidrocarburilor;Ingineria sistemelor și inginerie mecanică;Științe Inginerești;Dosar;28;31
Facultatea de Inginerie Mecanică şi Electrică;Universitatea Petrol-Gaze din Ploieşti (UPG);Ploiesti, Prahova;59;6.30;N/A;3.200 lei;Calculatoare;Public;Acreditat;Calculatoare;Calculatoare și tehnologia informației;Științe Inginerești;Dosar;35;24
Facultatea de Tehnologia Petrolului şi Petrochimie;Universitatea Petrol-Gaze din Ploieşti (UPG);Ploiesti, Prahova;45;6.00;N/A;3.200 lei;Ingineria şi protecţia mediului în industrie;Public;Acreditat;Ingineria şi protecţia mediului în industrie;Ingineria mediului;Științe Inginerești;Dosar;15;30
Facultatea de Ingineria Petrolului şi Gazelor;Universitatea Petrol-Gaze din Ploieşti (UPG);Ploiesti, Prahova;100;8.05;N/A;3.200 lei;Inginerie de petrol şi gaze;Public;Acreditat;Inginerie de petrol şi gaze;Mine, petrol şi gaze;Științe Inginerești;Dosar;69;31
Facultatea de Tehnologia Petrolului şi Petrochimie;Universitatea Petrol-Gaze din Ploieşti (UPG);Ploiesti, Prahova;N/A;N/A;N/A;4.000 lei;Ingineria și protecția mediului în industrie (IFR);Public;Acreditat;Ingineria şi protecţia mediului în industrie;Ingineria mediului;Științe Inginerești;Dosar;0;0
Facultatea de Ştiinţe Economice;Universitatea Petrol-Gaze din Ploieşti (UPG);Ploiesti, Prahova;75;6.98;N/A;4.000 lei;Contabilitate şi informatică de gestiune (ID);Public;Acreditat;Contabilitate şi informatică de gestiune;Contabilitate;Științe Economice;Dosar;0;75
Facultatea de Ştiinţe Economice;Universitatea Petrol-Gaze din Ploieşti (UPG);Ploiesti, Prahova;90;6.78;N/A;3.200 lei;Management;Public;Acreditat;Management;Management;Științe Economice;Dosar;45;45
Facultatea de Litere şi Ştiinţe;Universitatea Petrol-Gaze din Ploieşti (UPG);Ploiesti, Prahova;50;7.58;N/A;3.200 lei;Pedagogie;Public;Acreditat;Pedagogie;Științe ale educației;Științe Politice și Comunicare;Dosar;25;25
Facultatea de Litere şi Ştiinţe;Universitatea Petrol-Gaze din Ploieşti (UPG);Ploiesti, Prahova;75;6.20;N/A;3.200 lei;Limba şi literatura engleză - Limba şi literatura franceză;Public;Acreditat;Limbă şi literatură;Limbă şi literatură;Științe Umaniste;Dosar;25;50
Facultatea de Tehnologia Petrolului şi Petrochimie;Universitatea Petrol-Gaze din Ploieşti (UPG);Ploiesti, Prahova;29;6.16;N/A;3.200 lei;Ingineria şi informatica proceselor chimice şi biochimice;Public;Acreditat;Ingineria substanţelor anorganice şi protecţia mediului;Inginerie chimică;Științe Inginerești;Dosar;10;19
Facultatea de Ştiinţe Economice;Universitatea Petrol-Gaze din Ploieşti (UPG);Ploiesti, Prahova;75;N/A;N/A;3.200 lei;Management (ID);Public;Acreditat;Management;Management;Științe Economice;Dosar;0;75
Facultatea de Tehnologia Petrolului şi Petrochimie;Universitatea Petrol-Gaze din Ploieşti (UPG);Ploiesti, Prahova;45;6.00;N/A;3.200 lei;Prelucrarea petrolului şi petrochimie;Public;Acreditat;Prelucrarea petrolului şi petrochimie;Inginerie chimică;Științe Inginerești;Dosar;15;30
Facultatea de Ştiinţe Economice;Universitatea Petrol-Gaze din Ploieşti (UPG);Ploiesti, Prahova;74;N/A;N/A;3.200 lei;Informatică economică;Public;Acreditat;Informatică economică;Informatică economică;Științe Economice;Dosar;49;25
Facultatea de Litere şi Ştiinţe;Universitatea Petrol-Gaze din Ploieşti (UPG);Ploiesti, Prahova;60;6.90;N/A;3.200 lei;Administraţie publică;Public;Acreditat;Administraţie publică;Ştiinţe administrative;Științe Politice și Comunicare;Dosar;19;41
Facultatea de Litere şi Ştiinţe;Universitatea Petrol-Gaze din Ploieşti (UPG);Ploiesti, Prahova;75;6.00;N/A;3.200 lei;Informatică;Public;Acreditat;Informatică;Informatică;Științe Exacte;Dosar;45;30
Facultatea de Inginerie Mecanică şi Electrică;Universitatea Petrol-Gaze din Ploieşti (UPG);Ploiesti, Prahova;59;6.08;N/A;3.200 lei;Automatică şi informatică aplicată;Public;Acreditat;Automatică şi informatică aplicată;Ingineria sistemelor și inginerie mecanică;Științe Inginerești;Dosar;35;24
Facultatea de Inginerie Mecanică şi Electrică;Universitatea Petrol-Gaze din Ploieşti (UPG);Ploiesti, Prahova;59;6.73;N/A;3.200 lei;Electromecanică;Public;Acreditat;Electromecanică;Inginerie electrică;Științe Inginerești;Dosar;28;31
Facultatea de Inginerie Mecanică şi Electrică;Universitatea Petrol-Gaze din Ploieşti (UPG);Ploiesti, Prahova;60;N/A;N/A;3.200 lei;Inginerie economică în domeniul mecanic;Public;Acreditat;Inginerie economică în domeniul mecanic;Inginerie și management;Științe Inginerești;Dosar;29;31
Facultatea de Ingineria Petrolului şi Gazelor;Universitatea Petrol-Gaze din Ploieşti (UPG);Ploiesti, Prahova;75;N/A;N/A;3.200 lei;Inginerie de petrol şi gaze (IFR);Public;Acreditat;Inginerie de petrol şi gaze;Mine, petrol şi gaze;Științe Inginerești;Dosar;0;75
Facultatea de Ştiinţe Economice;Universitatea Petrol-Gaze din Ploieşti (UPG);Ploiesti, Prahova;119;6.36;N/A;3.200 lei;Economia comerţului, turismului şi serviciilor;Public;Acreditat;Economia comerţului, turismului şi serviciilor;Administrarea afacerilor;Științe Economice;Dosar;45;74
Facultatea de Ştiinţe Economice;Universitatea Petrol-Gaze din Ploieşti (UPG);Ploiesti, Prahova;129;6.36;N/A;3.200 lei;Contabilitate şi informatică de gestiune;Public;Acreditat;Contabilitate şi informatică de gestiune;Contabilitate;Științe Economice;Dosar;45;84
Facultatea de Litere şi Ştiinţe;Universitatea Petrol-Gaze din Ploieşti (UPG);Ploiesti, Prahova;50;7.01;N/A;3.200 lei;Asistenţă managerială şi secretariat;Public;Acreditat;Asistenţă managerială şi secretariat;Ştiinţe administrative;Științe Politice și Comunicare;Dosar;19;31
Facultatea de Inginerie Mecanică şi Electrică;Universitatea Petrol-Gaze din Ploieşti (UPG);Ploiesti, Prahova;75;N/A;N/A;3.200 lei;Automatică şi informatică aplicată (ID);Public;Acreditat;Informatică aplicată;Informatică;Științe Exacte;Dosar;0;75
Facultatea de Inginerie Mecanică şi Electrică;Universitatea Petrol-Gaze din Ploieşti (UPG);Ploiesti, Prahova;60;6.00;N/A;3.200 lei;Inginerie economică în domeniul mecanic (ID);Public;Acreditat;Inginerie economică în domeniul mecanic;Inginerie și management;Științe Inginerești;Dosar;0;60
Facultatea de Inginerie Mecanică şi Electrică;Universitatea Petrol-Gaze din Ploieşti (UPG);Ploiesti, Prahova;89;6.08;N/A;3.200 lei;Utilaje petroliere şi petrochimice;Public;Acreditat;Utilaje petroliere şi petrochimice;Ingineria sistemelor și inginerie mecanică;Științe Inginerești;Dosar;56;33
Facultatea de Ingineria Petrolului şi Gazelor;Universitatea Petrol-Gaze din Ploieşti (UPG);Ploiesti, Prahova;48;N/A;N/A;3.200 lei;Geologia resurselor petroliere;Public;Acreditat;Geologia resurselor petroliere;Inginerie geologică;Științe Inginerești;Dosar;29;19
Facultatea de Ingineria Petrolului şi Gazelor;Universitatea Petrol-Gaze din Ploieşti (UPG);Ploiesti, Prahova;48;8.05;N/A;3.200 lei;Transportul, depozitarea şi distribuţia hidrocarburilor;Public;Acreditat;Transportul, depozitarea şi distribuţia hidrocarburilor;Mine, petrol şi gaze;Științe Inginerești;Dosar;29;19
Facultatea de Ştiinţe Economice;Universitatea Petrol-Gaze din Ploieşti (UPG);Ploiesti, Prahova;75;6.08;N/A;3.200 lei;Finanţe şi bănci;Public;Acreditat;Finanţe şi bănci;Finanţe;Științe Economice;Dosar;45;30
Facultatea de Ştiinţe Economice;Universitatea Petrol-Gaze din Ploieşti (UPG);Ploiesti, Prahova;74;N/A;N/A;3.200 lei;Merceologie şi managementul calităţii;Public;Acreditat;Merceologie şi managementul calităţii;Administrarea afacerilor;Științe Economice;Dosar;44;30
Facultatea de Litere şi Ştiinţe;Universitatea Petrol-Gaze din Ploieşti (UPG);Ploiesti, Prahova;80;8.61;N/A;3.200 lei;Pedagogia învăţământului primar şi preşcolar;Public;Acreditat;Pedagogia învăţământului primar şi preşcolar;Științe ale educației;Științe Politice și Comunicare;Examen;34;46
Facultatea de Litere şi Ştiinţe;Universitatea Petrol-Gaze din Ploieşti (UPG);Ploiesti, Prahova;149;6.03;N/A;3.200 lei;Limba şi literatura română - Limba şi literatura engleză;Public;Acreditat;Limba şi literatura română;Limbă şi literatură;Științe Umaniste;Dosar;49;100
Facultatea de Automatică şi Calculatoare;Universitatea Politehnica Timişoara (UPT);Timisoara, Timis;212;6.74;N/A;3.600 lei;Automatică și informatică aplicată;Public;Acreditat;Ingineria sistemelor multimedia;Ingineria sistemelor și inginerie mecanică;Științe Inginerești;Examen;172;40
Facultatea de Inginerie din Hunedoara;Universitatea Politehnica Timişoara (UPT);Hunedoara, Hunedoara;61;N/A;N/A;3.600 lei;Electromecanică;Public;Acreditat;Electromecanică;Inginerie electrică;Științe Inginerești;Dosar;36;25
Facultatea de Chimie Industrială şi Ingineria Mediului;Universitatea Politehnica Timişoara (UPT);Timisoara, Timis;22;N/A;N/A;3.600 lei;Controlul şi expertiza produselor alimentare;Public;Autorizat;Controlul şi expertiza produselor alimentare;Ingineria produselor alimentare;Științe Agricole;Dosar;10;12
Facultatea de Chimie Industrială şi Ingineria Mediului;Universitatea Politehnica Timişoara (UPT);Timisoara, Timis;50;6.05;N/A;3.600 lei;Ingineria şi protecţia mediului în industrie;Public;Acreditat;Ingineria şi protecţia mediului în industrie;Ingineria mediului;Științe Inginerești;Dosar;34;16
Facultatea de Arhitectură și Urbanism;Universitatea Politehnica Timişoara (UPT);Timisoara, Timis;40;5.13;N/A;3.600 lei;Mobilier şi amenajări interioare;Public;Autorizat;Mobilier şi amenajări interioare;Arhitectură;Arte, Arhitectură și Urbanism ;Examen;30;10
Facultatea de Electronică şi Telecomunicaţii;Universitatea Politehnica Timişoara (UPT);Timisoara, Timis;300;N/A;N/A;3.600 lei;Electronică aplicată;Public;Acreditat;Electronică aplicată;Inginerie electronică, telecomunicații și tehnologii informaționale;Științe Inginerești;Examen;240;60
Facultatea de Management în Producţie şi Transporturi;Universitatea Politehnica Timişoara (UPT);Timisoara, Timis;180;N/A;N/A;3.600 lei;Inginerie economică în domeniul electric, electronic şi energetic;Public;Acreditat;Inginerie economică în domeniul electric, electronic şi energetic;Inginerie și management;Științe Inginerești;Dosar;155;25
Facultatea de Mecanică;Universitatea Politehnica Timişoara (UPT);Timisoara, Timis;70;6.72;N/A;3.600 lei;Ingineria sudării;Public;Acreditat;Ingineria sudării;Inginerie industrială;Științe Inginerești;Dosar;50;20
Facultatea de Mecanică;Universitatea Politehnica Timişoara (UPT);Timisoara, Timis;60;N/A;N/A;3.600 lei;Tehnologia construcţiilor de maşini (IFR);Public;Autorizat;Tehnologia construcţiilor de maşini;Inginerie industrială;Științe Inginerești;Dosar;0;60
Facultatea de Mecanică;Universitatea Politehnica Timişoara (UPT);Timisoara, Timis;110;6.01;N/A;3.600 lei;Ingineria mecanică;Public;Acreditat;Inginerie mecanică;Ingineria sistemelor și inginerie mecanică;Științe Inginerești;Dosar;80;30
Facultatea de Mecanică;Universitatea Politehnica Timişoara (UPT);Timisoara, Timis;110;6.01;N/A;3.600 lei;Masini si instalatii pentru agricultura si industrie alimentara;Public;Acreditat;Exploatarea maşinilor şi instalaţiilor pentru agricultură şi industria alimentară;Agronomie;Științe Agricole;Dosar;80;30
Facultatea de Inginerie din Hunedoara;Universitatea Politehnica Timişoara (UPT);Hunedoara, Hunedoara;30;6.05;N/A;3.600 lei;Ingineria valorificării deşeurilor;Public;Autorizat;Ingineria valorificării deşeurilor;Ingineria mediului;Științe Inginerești;Dosar;28;2
Facultatea de Ştiinţe ale Comunicării;Universitatea Politehnica Timişoara (UPT);Timisoara, Timis;60;6.06;N/A;2.550 lei;Traducere şi interpretare;Public;Acreditat;Traducere și interpretare;Limbi moderne aplicate;Științe Umaniste;Dosar;50;10
Facultatea de Automatică şi Calculatoare;Universitatea Politehnica Timişoara (UPT);Timisoara, Timis;100;N/A;N/A;3.600 lei;Informatică (ID);Public;Acreditat;Automatică şi informatică aplicată;Ingineria sistemelor și inginerie mecanică;Științe Inginerești;Dosar;0;100
Facultatea de Electronică şi Telecomunicaţii;Universitatea Politehnica Timişoara (UPT);Timisoara, Timis;300;N/A;N/A;3.600 lei;Tehnologii şi sisteme de telecomunicaţii;Public;Acreditat;Tehnologii şi sisteme de telecomunicaţii;Inginerie electronică, telecomunicații și tehnologii informaționale;Științe Inginerești;Examen;240;60
Facultatea de Management în Producţie şi Transporturi;Universitatea Politehnica Timişoara (UPT);Timisoara, Timis;180;N/A;N/A;3.600 lei;Inginerie economică în industria chimică şi de materiale;Public;Autorizat;Inginerie economică în industria chimică şi de materiale;Inginerie și management;Științe Inginerești;Dosar;155;25
Facultatea de Management în Producţie şi Transporturi;Universitatea Politehnica Timişoara (UPT);Timisoara, Timis;40;6.03;N/A;2.550 lei;Administraţie publică;Public;Acreditat;Administraţie publică;Ştiinţe administrative;Științe Politice și Comunicare;Dosar;35;5
Facultatea de Mecanică;Universitatea Politehnica Timişoara (UPT);Timisoara, Timis;70;6.72;N/A;3.600 lei;Tehnologia construcţiilor de maşini;Public;Autorizat;Tehnologia construcţiilor de maşini;Inginerie industrială;Științe Inginerești;Dosar;50;20
Facultatea de Mecanică;Universitatea Politehnica Timişoara (UPT);Timisoara, Timis;50;6.00;N/A;3.600 lei;Ştiinţa materialelor;Public;Acreditat;Ştiinţa materialelor;Ingineria materialelor;Științe Inginerești;Dosar;35;15
Facultatea de Mecanică;Universitatea Politehnica Timişoara (UPT);Timisoara, Timis;110;6.01;N/A;3.600 lei;Masini si sisteme hidraulice si pneumatice;Public;Acreditat;Construcţii de autovehicule;Ingineria autovehiculelor;Științe Inginerești;Dosar;80;30
Facultatea de Construcţii;Universitatea Politehnica Timişoara (UPT);Timisoara, Timis;200;6.05;N/A;3.600 lei;Amenajări şi construcţii hidrotehnice;Public;Acreditat;Amenajări şi construcţii hidrotehnice;Inginerie civilă;Științe Inginerești;Dosar;100;100
Facultatea de Construcţii;Universitatea Politehnica Timişoara (UPT);Timisoara, Timis;200;6.05;N/A;3.600 lei;Căi ferate, drumuri şi poduri;Public;Acreditat;Căi ferate, drumuri şi poduri;Inginerie civilă;Științe Inginerești;Dosar;100;100
Facultatea de Construcţii;Universitatea Politehnica Timişoara (UPT);Timisoara, Timis;50;6.05;N/A;3.600 lei;Inginerie civilă (în limba engleză);Public;Acreditat;Inginerie civilă;Inginerie civilă;Științe Inginerești;Dosar;27;23
Facultatea de Mecanică;Universitatea Politehnica Timişoara (UPT);Timisoara, Timis;45;6.08;N/A;3.600 lei;Inginerie medicală;Public;Acreditat;Inginerie medicală;Științe inginerești aplicate;Științe Inginerești;Dosar;35;10
Facultatea de Inginerie din Hunedoara;Universitatea Politehnica Timişoara (UPT);Hunedoara, Hunedoara;60;5.33;N/A;3.600 lei;Inginerie economică în industria chimică şi de materiale;Public;Acreditat;Inginerie economică în industria chimică şi de materiale;Inginerie și management;Științe Inginerești;Dosar;37;23
Facultatea de Ştiinţe ale Comunicării;Universitatea Politehnica Timişoara (UPT);Timisoara, Timis;75;N/A;N/A;2.550 lei;Comunicare şi relaţii publice (ID);Public;Autorizat;Comunicare şi relaţii publice;Ştiinţe ale comunicării;Științe Politice și Comunicare;Dosar;0;75
Facultatea de Electronică şi Telecomunicaţii;Universitatea Politehnica Timişoara (UPT);Timisoara, Timis;60;N/A;N/A;3.600 lei;Tehnologii şi sisteme de telecomunicaţii (în limba engleză);Public;Acreditat;Tehnologii şi sisteme de telecomunicaţii;Inginerie electronică, telecomunicații și tehnologii informaționale;Științe Inginerești;Examen;55;5
Facultatea de Mecanică;Universitatea Politehnica Timişoara (UPT);Timisoara, Timis;110;6.60;N/A;3.600 lei;Autovehicule rutiere;Public;Acreditat;Autovehicule rutiere;Ingineria autovehiculelor;Științe Inginerești;Dosar;80;30
Facultatea de Mecanică;Universitatea Politehnica Timişoara (UPT);Timisoara, Timis;60;6.00;N/A;3.600 lei;Ingineria transporturilor şi a traficului;Public;Acreditat;Ingineria transporturilor şi a traficului;Ingineria transporturilor;Științe Inginerești;Dosar;40;20
Facultatea de Mecanică;Universitatea Politehnica Timişoara (UPT);Timisoara, Timis;110;6.01;N/A;3.600 lei;Sisteme și echipamente termice;Public;Acreditat;Sisteme şi echipamente termice;Ingineria sistemelor și inginerie mecanică;Științe Inginerești;Dosar;80;30
Facultatea de Mecanică;Universitatea Politehnica Timişoara (UPT);Timisoara, Timis;110;6.38;N/A;3.600 lei;Mecatronică;Public;Acreditat;Mecatronică;Mecatronică și robotică;Științe Inginerești;Dosar;90;20
Facultatea de Construcţii;Universitatea Politehnica Timişoara (UPT);Timisoara, Timis;200;6.05;N/A;3.600 lei;Inginerie sanitară şi protecţia mediului;Public;Acreditat;Inginerie sanitară şi protecţia mediului;Inginerie civilă;Științe Inginerești;Dosar;100;100
Facultatea de Construcţii;Universitatea Politehnica Timişoara (UPT);Timisoara, Timis;N/A;6.05;N/A;3.600 lei;Construcţii civile, industriale şi agricole;Public;Acreditat;Construcţii civile, industriale şi agricole;Inginerie civilă;Științe Inginerești;Dosar;0;0
Facultatea de Inginerie din Hunedoara;Universitatea Politehnica Timişoara (UPT);Hunedoara, Hunedoara;60;6.76;N/A;N/A;Autovehicule rutiere;Public;Acreditat;Autovehicule rutiere;Ingineria autovehiculelor;Științe Inginerești;Dosar;42;18
Facultatea de Construcţii;Universitatea Politehnica Timişoara (UPT);Timisoara, Timis;216;6.23;0.23;3.600 lei;Îmbunătăţiri funciare şi dezvoltare rurală;Public;Acreditat;Îmbunătăţiri funciare şi dezvoltare rurală;Inginerie civilă;Științe Inginerești;Dosar;116;100
Facultatea de Automatică şi Calculatoare;Universitatea Politehnica Timişoara (UPT);Timisoara, Timis;102;6.06;N/A;3.600 lei;Calculatoare (în limba engleză);Public;Acreditat;Calculatoare;Calculatoare și tehnologia informației;Științe Inginerești;Examen;72;30
Facultatea de Automatică şi Calculatoare;Universitatea Politehnica Timişoara (UPT);Timisoara, Timis;104;6.36;N/A;3.600 lei;Informatică;Public;Acreditat;Automatică şi informatică aplicată;Ingineria sistemelor și inginerie mecanică;Științe Inginerești;Dosar;64;40
Facultatea de Arhitectură și Urbanism;Universitatea Politehnica Timişoara (UPT);Timisoara, Timis;90;6.19;N/A;4.200 lei;Arhitectură;Public;Acreditat;Arhitectură ;Arhitectură;Arte, Arhitectură și Urbanism ;Examen;80;10
Facultatea de Electrotehnică şi Electroenergetică;Universitatea Politehnica Timişoara (UPT);Timisoara, Timis;100;N/A;N/A;3.600 lei;Ingineria sistemelor electroenergetice;Public;Acreditat;Ingineria sistemelor electroenergetice;Inginerie energetică;Științe Inginerești;Dosar;85;15
Facultatea de Mecanică;Universitatea Politehnica Timişoara (UPT);Timisoara, Timis;110;6.01;N/A;3.600 lei;Vehicule și transport feroviar;Public;Acreditat;Ingineria sistemelor de circulaţie feroviară;Ingineria transporturilor;Științe Inginerești;Dosar;80;30
Facultatea de Chimie Industrială şi Ingineria Mediului;Universitatea Politehnica Timişoara (UPT);Timisoara, Timis;80;6.68;N/A;3.600 lei;Chimia şi ingineria substanţelor organice, petrochimie şi carbochimie;Public;Acreditat;Chimia şi ingineria substanţelor organice, petrochimie şi carbochimie;Inginerie chimică;Științe Inginerești;Dosar;54;26
Facultatea de Mecanică;Universitatea Politehnica Timişoara (UPT);Timisoara, Timis;110;6.38;N/A;3.600 lei;Robotică;Public;Acreditat;Robotică;Mecatronică și robotică;Științe Inginerești;Dosar;90;20
Facultatea de Construcţii;Universitatea Politehnica Timişoara (UPT);Timisoara, Timis;54;6.09;N/A;3.600 lei;Instalaţii pentru construcţii;Public;Acreditat;Instalaţii pentru construcţii;Ingineria instalaţiilor;Științe Inginerești;Dosar;27;27
Facultatea de Construcţii;Universitatea Politehnica Timişoara (UPT);Timisoara, Timis;50;6.10;N/A;3.600 lei;Inginerie civilă (în limba germană);Public;Acreditat;Inginerie civilă;Inginerie civilă;Științe Inginerești;Dosar;26;24
Facultatea de Ştiinţe ale Comunicării;Universitatea Politehnica Timişoara (UPT);Timisoara, Timis;75;8.20;N/A;2.550 lei;Comunicare şi relaţii publice;Public;Autorizat;Comunicare şi relaţii publice;Ştiinţe ale comunicării;Științe Politice și Comunicare;Dosar;60;15
Facultatea de Inginerie din Hunedoara;Universitatea Politehnica Timişoara (UPT);Hunedoara, Hunedoara;60;5.33;N/A;3.600 lei;Inginerie economică în domeniul mecanic;Public;Acreditat;Inginerie economică în domeniul mecanic;Inginerie și management;Științe Inginerești;Dosar;37;23
Facultatea de Inginerie din Hunedoara;Universitatea Politehnica Timişoara (UPT);Hunedoara, Hunedoara;60;6.01;N/A;3.600 lei;Inginerie electrică şi calculatoare;Public;Autorizat;Inginerie electrică şi calculatoare;Inginerie electrică;Științe Inginerești;Dosar;36;24
Facultatea de Automatică şi Calculatoare;Universitatea Politehnica Timişoara (UPT);Timisoara, Timis;202;7.16;N/A;3.600 lei;Calculatoare;Public;Acreditat;Calculatoare;Calculatoare și tehnologia informației;Științe Inginerești;Examen;142;60
Facultatea de Chimie Industrială şi Ingineria Mediului;Universitatea Politehnica Timişoara (UPT);Timisoara, Timis;80;6.68;N/A;3.600 lei;Ingineria substanţelor anorganice şi protecţia mediului;Public;Acreditat;Ingineria substanţelor anorganice şi protecţia mediului;Inginerie chimică;Științe Inginerești;Dosar;54;26
Facultatea de Electronică şi Telecomunicaţii;Universitatea Politehnica Timişoara (UPT);Timisoara, Timis;50;N/A;N/A;3.600 lei;Tehnologii si sisteme de telecomunicatii (ID);Public;Acreditat;Tehnologii şi sisteme de telecomunicaţii;Inginerie electronică, telecomunicații și tehnologii informaționale;Științe Inginerești;Dosar;0;50
Facultatea de Electrotehnică şi Electroenergetică;Universitatea Politehnica Timişoara (UPT);Timisoara, Timis;105;N/A;N/A;3.600 lei;Electrotehnică;Public;Acreditat;Electrotehnică;Inginerie electrică;Științe Inginerești;Dosar;90;15
Facultatea de Management în Producţie şi Transporturi;Universitatea Politehnica Timişoara (UPT);Timisoara, Timis;180;N/A;N/A;3.600 lei;Inginerie economică în construcţii;Public;Autorizat;Inginerie economică în construcţii;Inginerie și management;Științe Inginerești;Dosar;155;25
Facultatea de Management în Producţie şi Transporturi;Universitatea Politehnica Timişoara (UPT);Timisoara, Timis;180;N/A;N/A;3.600 lei;Inginerie economică industrială;Public;Acreditat;Inginerie economică industrială;Inginerie și management;Științe Inginerești;Dosar;155;25
Facultatea de Construcţii;Universitatea Politehnica Timişoara (UPT);Timisoara, Timis;60;6.06;N/A;3.600 lei;Măsurători terestre şi cadastru;Public;Acreditat;Măsurători terestre şi cadastru;Inginerie geodezică;Științe Inginerești;Dosar;32;28
Facultatea de Inginerie din Hunedoara;Universitatea Politehnica Timişoara (UPT);Hunedoara, Hunedoara;60;6.15;N/A;3.600 lei;Informatică industrială;Public;Acreditat;Informatică industrială;Științe inginerești aplicate;Științe Inginerești;Dosar;37;23
Facultatea de Inginerie Electrică;Universitatea Politehnica din Bucureşti (UPB);Bucuresti, Bucuresti;335;N/A;N/A;4.000 lei;Informatică aplicată în inginerie electrică;Public;Acreditat;Informatică aplicată în inginerie electrică;Științe inginerești aplicate;Științe Inginerești;Examen;285;50
Facultatea de Energetică;Universitatea Politehnica din Bucureşti (UPB);Bucuresti, Bucuresti;450;N/A;N/A;4.000 lei;Hidroenergetică;Public;Acreditat;Hidroenergetică;Inginerie energetică;Științe Inginerești;Examen;405;45
Facultatea de Inginerie Mecanică şi Mecatronică;Universitatea Politehnica din Bucureşti (UPB);Bucuresti, Bucuresti;245;N/A;N/A;3.000 lei;Echipamente pentru procese industriale;Public;Acreditat;Echipamente pentru procese industriale;Ingineria sistemelor și inginerie mecanică;Științe Inginerești;Dosar;145;100
Facultatea de Inginerie Industrială și Robotică;Universitatea Politehnica din Bucureşti (UPB);Bucuresti, Bucuresti;N/A;N/A;N/A;3.000 lei;Ingineria securității în industrie;Public;Autorizat;Ingineria securităţii în industrie;Inginerie industrială;Științe Inginerești;Dosar;0;0
Facultatea de Transporturi;Universitatea Politehnica din Bucureşti (UPB);Bucuresti, Bucuresti;105;N/A;N/A;4.000 lei;Telecomenzi şi electronică în transporturi;Public;Acreditat;Telecomenzi şi electronică în transporturi;Inginerie electronică, telecomunicații și tehnologii informaționale;Științe Inginerești;Examen;95;10
Facultatea de Ştiinţa şi Ingineria Materialelor;Universitatea Politehnica din Bucureşti (UPB);Bucuresti, Bucuresti;50;N/A;N/A;3.000 lei;Ingineria și Protecția Mediului în Industrie;Public;Acreditat;Ingineria şi protecţia mediului în industrie;Ingineria mediului;Științe Inginerești;Examen;40;10
Facultatea de Ingineria Sistemelor Biotehnice;Universitatea Politehnica din Bucureşti (UPB);Bucuresti, Bucuresti;60;N/A;N/A;3.000 lei;Ingineria sistemelor biotehnice şi ecologice;Public;Acreditat;Ingineria sistemelor biotehnice şi ecologice;Ingineria mediului;Științe Inginerești;Examen;60;0
Facultatea de Inginerie Medicală;Universitatea Politehnica din Bucureşti (UPB);Bucuresti, Bucuresti;N/A;N/A;N/A;3.000 lei;Echipamente şi sisteme medicale;Public;Autorizat;Echipamente şi sisteme medicale;Științe inginerești aplicate;Științe Inginerești;Examen;0;0
Facultatea de Chimie Aplicată şi Ştiinţa Materialelor;Universitatea Politehnica din Bucureşti (UPB);Bucuresti, Bucuresti;N/A;N/A;N/A;3.000 lei;Ştiinţa şi ingineria materialelor oxidice şi nanomateriale;Public;Acreditat;Ştiinţa şi ingineria materialelor oxidice şi nanomateriale;Inginerie chimică;Științe Inginerești;Examen;0;0
Facultatea de Electronică, Telecomunicaţii şi Tehnologia Informaţiei;Universitatea Politehnica din Bucureşti (UPB);Bucuresti, Bucuresti;N/A;N/A;N/A;3.000 lei;Tehnologii şi sisteme de telecomunicaţii (în limba engleză);Public;Acreditat;Tehnologii şi sisteme de telecomunicaţii;Inginerie electronică, telecomunicații și tehnologii informaționale;Științe Inginerești;Dosar;0;0
Facultatea de Inginerie în Limbi Străine;Universitatea Politehnica din Bucureşti (UPB);Bucuresti, Bucuresti;N/A;N/A;N/A;3.000 lei;Inginerie economică în domeniul electric, electronic şi energetic (în limba germană);Public;Acreditat;Inginerie economică în domeniul electric, electronic şi energetic;Inginerie și management;Științe Inginerești;Examen;0;0
Facultatea de Inginerie Aerospaţială;Universitatea Politehnica din Bucureşti (UPB);Bucuresti, Bucuresti;208;N/A;N/A;3.000 lei;Design aeronautic;Public;Autorizat;Design aeronautic;Inginerie aerospațială;Științe Inginerești;Examen;180;28
Facultatea de Ingineria Sistemelor Biotehnice;Universitatea Politehnica din Bucureşti (UPB);Bucuresti, Bucuresti;N/A;N/A;N/A;3.000 lei;Mecatronica sistemelor biotehnice;Public;Acreditat;Mecatronică;Mecatronică și robotică;Științe Inginerești;Examen;0;0
Facultatea de Inginerie Electrică;Universitatea Politehnica din Bucureşti (UPB);Bucuresti, Bucuresti;335;N/A;N/A;4.000 lei;Instrumentaţie şi achiziţii de date;Public;Acreditat;Instrumentație și achiziții de date;Inginerie electrică;Științe Inginerești;Examen;285;50
Facultatea de Energetică;Universitatea Politehnica din Bucureşti (UPB);Bucuresti, Bucuresti;450;N/A;N/A;4.000 lei;Energetică și tehnologii informatice;Public;Acreditat;Informatică industrială;Științe inginerești aplicate;Științe Inginerești;Examen;405;45
Facultatea de Electronică, Telecomunicaţii şi Tehnologia Informaţiei;Universitatea Politehnica din Bucureşti (UPB);Bucuresti, Bucuresti;N/A;N/A;N/A;3.000 lei;Tehnologii şi sisteme de telecomunicaţii;Public;Acreditat;Tehnologii şi sisteme de telecomunicaţii;Inginerie electronică, telecomunicații și tehnologii informaționale;Științe Inginerești;Dosar;0;0
Facultatea de Inginerie Mecanică şi Mecatronică;Universitatea Politehnica din Bucureşti (UPB);Bucuresti, Bucuresti;245;N/A;N/A;3.000 lei;Sisteme şi echipamente termice;Public;Acreditat;Sisteme şi echipamente termice;Ingineria sistemelor și inginerie mecanică;Științe Inginerești;Dosar;145;100
Facultatea de Inginerie Mecanică şi Mecatronică;Universitatea Politehnica din Bucureşti (UPB);Bucuresti, Bucuresti;180;N/A;N/A;3.000 lei;Mecatronică;Public;Acreditat;Mecatronică;Mecatronică și robotică;Științe Inginerești;Examen;80;100
Facultatea de Electronică, Telecomunicaţii şi Tehnologia Informaţiei;Universitatea Politehnica din Bucureşti (UPB);Bucuresti, Bucuresti;N/A;N/A;N/A;3.000 lei;Ingineria informaţiei;Public;Acreditat;Ingineria informaţiei;Calculatoare și tehnologia informației;Științe Inginerești;Dosar;0;0
Facultatea de Inginerie Industrială și Robotică;Universitatea Politehnica din Bucureşti (UPB);Bucuresti, Bucuresti;N/A;N/A;N/A;3.000 lei;Inginerie industrială (în limba engleză - Industrial engineering);Public;Autorizat;Inginerie industrială;Inginerie industrială;Științe Inginerești;Examen;0;0
Facultatea de Inginerie Industrială și Robotică;Universitatea Politehnica din Bucureşti (UPB);Bucuresti, Bucuresti;N/A;N/A;N/A;3.000 lei;Logistică industrială;Public;Autorizat;Logistică industrială;Inginerie industrială;Științe Inginerești;Examen;0;0
Facultatea de Inginerie Mecanică şi Mecatronică;Universitatea Politehnica din Bucureşti (UPB);Bucuresti, Bucuresti;125;N/A;N/A;3.000 lei;Optometrie;Public;Acreditat;Optometrie;Științe inginerești aplicate;Științe Inginerești;Dosar;25;100
Facultatea de Transporturi;Universitatea Politehnica din Bucureşti (UPB);Bucuresti, Bucuresti;95;7.78;N/A;4.000 lei;Autovehicule rutiere;Public;Acreditat;Autovehicule rutiere;Ingineria autovehiculelor;Științe Inginerești;Examen;85;10
Facultatea de Transporturi;Universitatea Politehnica din Bucureşti (UPB);Bucuresti, Bucuresti;70;N/A;N/A;4.000 lei;Vehicule pentru transport feroviar;Public;Acreditat;Măsurători terestre şi cadastru;Inginerie geodezică;Științe Inginerești;Examen;60;10
Facultatea de Ştiinţa şi Ingineria Materialelor;Universitatea Politehnica din Bucureşti (UPB);Bucuresti, Bucuresti;60;N/A;N/A;3.000 lei;Inginerie medicală;Public;Acreditat;Inginerie medicală;Științe inginerești aplicate;Științe Inginerești;Examen;60;0
Facultatea de Inginerie Medicală;Universitatea Politehnica din Bucureşti (UPB);Bucuresti, Bucuresti;N/A;N/A;N/A;N/A;Biomateriale şi dispozitive medicale;Public;Autorizat;Biomateriale şi dispozitive medicale;Științe inginerești aplicate;Științe Inginerești;Examen;0;0
Facultatea de Chimie Aplicată şi Ştiinţa Materialelor;Universitatea Politehnica din Bucureşti (UPB);Bucuresti, Bucuresti;179;N/A;N/A;3.000 lei;Chimia şi ingineria substanţelor organice, petrochimie şi carbochimie;Public;Acreditat;Chimia şi ingineria substanţelor organice, petrochimie şi carbochimie;Inginerie chimică;Științe Inginerești;Dosar;174;5
Facultatea de Antreprenoriat, Ingineria şi Managementul Afacerilor;Universitatea Politehnica din Bucureşti (UPB);Bucuresti, Bucuresti;420;N/A;N/A;3.000 lei;Ingineria şi managementul afacerilor;Public;Acreditat;Ingineria şi managementul afacerilor;Inginerie și management;Științe Inginerești;Examen;170;250
Facultatea de Chimie Aplicată şi Ştiinţa Materialelor;Universitatea Politehnica din Bucureşti (UPB);Bucuresti, Bucuresti;55;N/A;N/A;3.000 lei;Ingineria și Protecția Mediului în Industria Chimică și Petrochimică;Public;Acreditat;Ingineria şi protecţia mediului în industria chimică şi petrochimică;Ingineria mediului;Științe Inginerești;Examen;50;5
Facultatea de Antreprenoriat, Ingineria şi Managementul Afacerilor;Universitatea Politehnica din Bucureşti (UPB);Bucuresti, Bucuresti;N/A;N/A;N/A;3.000 lei;Inginerie economică în domeniul electric, electronic şi energetic;Public;Acreditat;Inginerie economică în domeniul electric, electronic şi energetic;Inginerie și management;Științe Inginerești;Examen;0;0
Facultatea de Ştiinţe Aplicate;Universitatea Politehnica din Bucureşti (UPB);Bucuresti, Bucuresti;140;N/A;N/A;3.000 lei;Matematică şi informatică aplicată în inginerie;Public;Acreditat;Matematică şi informatică aplicată în inginerie;Științe inginerești aplicate;Științe Inginerești;Examen;100;40
Facultatea de Inginerie în Limbi Străine;Universitatea Politehnica din Bucureşti (UPB);Bucuresti, Bucuresti;N/A;N/A;N/A;3 lei;Electronică aplicată (în limba germană);Public;Acreditat;Electronică aplicată;Inginerie electronică, telecomunicații și tehnologii informaționale;Științe Inginerești;Examen;0;0
Facultatea de Inginerie în Limbi Străine;Universitatea Politehnica din Bucureşti (UPB);Bucuresti, Bucuresti;N/A;N/A;N/A;3.000 lei;Ingineria informaţiei (în limba franceză);Public;Acreditat;Ingineria informaţiei;Calculatoare și tehnologia informației;Științe Inginerești;Examen;0;0
Facultatea de Inginerie în Limbi Străine;Universitatea Politehnica din Bucureşti (UPB);Bucuresti, Bucuresti;N/A;N/A;N/A;3.000 lei;Ingineria informaţiei (în limba engleză);Public;Acreditat;Ingineria informaţiei;Calculatoare și tehnologia informației;Științe Inginerești;Examen;0;0
Facultatea de Inginerie în Limbi Străine;Universitatea Politehnica din Bucureşti (UPB);Bucuresti, Bucuresti;N/A;N/A;N/A;3.000 lei;Inginerie chimică (în limba engleză);Public;Acreditat;Inginerie chimică;Inginerie chimică;Științe Inginerești;Examen;0;0
Facultatea de Inginerie Aerospaţială;Universitatea Politehnica din Bucureşti (UPB);Bucuresti, Bucuresti;208;N/A;N/A;3.000 lei;Inginerie și management aeronautic;Public;Acreditat;Inginerie şi management aeronautic;Inginerie aerospațială;Științe Inginerești;Examen;180;28
Facultatea de Ştiinţa şi Ingineria Materialelor;Universitatea Politehnica din Bucureşti (UPB);Bucuresti, Bucuresti;120;N/A;N/A;3.000 lei;Ingineria elaborării materialelor metalice;Public;Acreditat;Ingineria elaborării materialelor metalice;Ingineria materialelor;Științe Inginerești;Examen;90;30
Facultatea de Inginerie Medicală;Universitatea Politehnica din Bucureşti (UPB);Bucuresti, Bucuresti;223;N/A;N/A;4.000 lei;Inginerie medicală;Public;Acreditat;Inginerie medicală;Științe inginerești aplicate;Științe Inginerești;Examen;173;50
Facultatea de Transporturi;Universitatea Politehnica din Bucureşti (UPB);Bucuresti, Bucuresti;95;N/A;N/A;4.000 lei;Ingineria sistemelor de propulsie pentru autovehicule;Public;Autorizat;Ingineria sistemelor de propulsie pentru autovehicule;Ingineria autovehiculelor;Științe Inginerești;Examen;85;10
Facultatea de Inginerie Industrială și Robotică;Universitatea Politehnica din Bucureşti (UPB);Bucuresti, Bucuresti;N/A;N/A;N/A;3.000 lei;Informatică aplicată în inginerie industrială;Public;Autorizat;Informatică industrială;Științe inginerești aplicate;Științe Inginerești;Examen;0;0
Facultatea de Inginerie Electrică;Universitatea Politehnica din Bucureşti (UPB);Bucuresti, Bucuresti;335;N/A;N/A;4.000 lei;Electronică de putere şi acţionări electrice;Public;Acreditat;Electronică de putere şi acţionări electrice;Inginerie electrică;Științe Inginerești;Examen;285;50
Facultatea de Energetică;Universitatea Politehnica din Bucureşti (UPB);Bucuresti, Bucuresti;450;N/A;N/A;4.000 lei;Ingineria sistemelor electroenergetice;Public;Acreditat;Ingineria sistemelor electroenergetice;Inginerie energetică;Științe Inginerești;Examen;405;45
Facultatea de Energetică;Universitatea Politehnica din Bucureşti (UPB);Bucuresti, Bucuresti;450;N/A;N/A;4.000 lei;Managementul energiei;Public;Acreditat;Managementul energiei;Inginerie energetică;Științe Inginerești;Examen;405;45
Facultatea de Inginerie Industrială și Robotică;Universitatea Politehnica din Bucureşti (UPB);Bucuresti, Bucuresti;N/A;N/A;N/A;3.000 lei;Sisteme de producție digitale;Public;Acreditat;Maşini-unelte şi sisteme de producţie;Inginerie industrială;Științe Inginerești;Examen;0;0
Facultatea de Electronică, Telecomunicaţii şi Tehnologia Informaţiei;Universitatea Politehnica din Bucureşti (UPB);Bucuresti, Bucuresti;N/A;N/A;N/A;3.000 lei;Microelectronică, optoelectronică şi nanotehnologii;Public;Acreditat;Microelectronică, optoelectronică şi nanotehnologii;Inginerie electronică, telecomunicații și tehnologii informaționale;Științe Inginerești;Examen;0;0
Facultatea de Electronică, Telecomunicaţii şi Tehnologia Informaţiei;Universitatea Politehnica din Bucureşti (UPB);Bucuresti, Bucuresti;N/A;N/A;N/A;3.000 lei;Reţele şi software de telecomunicaţii;Public;Acreditat;Reţele şi software de telecomunicaţii;Inginerie electronică, telecomunicații și tehnologii informaționale;Științe Inginerești;Examen;0;0
Facultatea de Electronică, Telecomunicaţii şi Tehnologia Informaţiei;Universitatea Politehnica din Bucureşti (UPB);Bucuresti, Bucuresti;N/A;N/A;N/A;3.000 lei;Electronică aplicată;Public;Acreditat;Electronică aplicată;Inginerie electronică, telecomunicații și tehnologii informaționale;Științe Inginerești;Examen;0;0
Facultatea de Inginerie Mecanică şi Mecatronică;Universitatea Politehnica din Bucureşti (UPB);Bucuresti, Bucuresti;145;N/A;N/A;3.000 lei;Design industrial;Public;Autorizat;Design industrial;Inginerie industrială;Științe Inginerești;Dosar;45;100
Facultatea de Inginerie Mecanică şi Mecatronică;Universitatea Politehnica din Bucureşti (UPB);Bucuresti, Bucuresti;245;N/A;N/A;3.000 lei;Maşini şi sisteme hidraulice şi pneumatice;Public;Acreditat;Maşini şi sisteme hidraulice şi pneumatice;Ingineria sistemelor și inginerie mecanică;Științe Inginerești;Dosar;145;100
Facultatea de Ingineria Sistemelor Biotehnice;Universitatea Politehnica din Bucureşti (UPB);Bucuresti, Bucuresti;60;N/A;N/A;3.000 lei;Ingineria dezvoltării rurale durabile;Public;Acreditat;Ingineria dezvoltării rurale durabile;Ingineria mediului;Științe Inginerești;Examen;60;0
Facultatea de Ingineria Sistemelor Biotehnice;Universitatea Politehnica din Bucureşti (UPB);Bucuresti, Bucuresti;35;N/A;N/A;3.000 lei;Mașini și Instalatii pentru Agricultură și Industria Alimentară – MIAIA;Public;Acreditat;Maşini şi instalaţii pentru agricultură şi industrie alimentară;Ingineria sistemelor și inginerie mecanică;Științe Inginerești;Examen;35;0
Facultatea de Chimie Aplicată şi Ştiinţa Materialelor;Universitatea Politehnica din Bucureşti (UPB);Bucuresti, Bucuresti;N/A;N/A;N/A;3.000 lei;Ştiinţa şi ingineria polimerilor;Public;Acreditat;Ştiinţa şi ingineria polimerilor;Inginerie chimică;Științe Inginerești;Examen;0;0
Facultatea de Inginerie Aerospaţială;Universitatea Politehnica din Bucureşti (UPB);Bucuresti, Bucuresti;180;N/A;N/A;3.000 lei;Construcţii aerospaţiale;Public;Acreditat;Construcţii aerospaţiale;Inginerie aerospațială;Științe Inginerești;Examen;0;180
Facultatea de Inginerie în Limbi Străine;Universitatea Politehnica din Bucureşti (UPB);Bucuresti, Bucuresti;N/A;N/A;N/A;3.000 lei;Electronică aplicată (în limba franceză);Public;Acreditat;Electronică aplicată;Inginerie electronică, telecomunicații și tehnologii informaționale;Științe Inginerești;Examen;0;0
Facultatea de Ştiinţa şi Ingineria Materialelor;Universitatea Politehnica din Bucureşti (UPB);Bucuresti, Bucuresti;120;N/A;N/A;3.000 lei;Ingineria procesării materialelor;Public;Acreditat;Ingineria procesării materialelor;Ingineria materialelor;Științe Inginerești;Examen;90;30
Facultatea de Inginerie în Limbi Străine;Universitatea Politehnica din Bucureşti (UPB);Bucuresti, Bucuresti;N/A;N/A;N/A;3.000 lei;Inginerie economică în domeniul mecanic (în limba germană);Public;Acreditat;Inginerie economică în domeniul mecanic;Inginerie și management;Științe Inginerești;Examen;0;0
Facultatea de Automatică şi Calculatoare;Universitatea Politehnica din Bucureşti (UPB);Bucuresti, Bucuresti;N/A;N/A;N/A;3.000 lei;Tehnologia informaţiei;Public;Acreditat;Tehnologia informaţiei;Calculatoare și tehnologia informației;Științe Inginerești;Examen;0;0
Facultatea de Inginerie Electrică;Universitatea Politehnica din Bucureşti (UPB);Bucuresti, Bucuresti;335;N/A;N/A;4.000 lei;Sisteme electrice;Public;Acreditat;Sisteme electrice;Inginerie electrică;Științe Inginerești;Examen;285;50
Facultatea de Energetică;Universitatea Politehnica din Bucureşti (UPB);Bucuresti, Bucuresti;450;N/A;N/A;4.000 lei;Energetică și tehnologii de mediu;Public;Acreditat;Ingineria şi protecţia mediului în industrie;Ingineria mediului;Științe Inginerești;Examen;405;45
Facultatea de Inginerie Industrială și Robotică;Universitatea Politehnica din Bucureşti (UPB);Bucuresti, Bucuresti;N/A;N/A;N/A;3.000 lei;Tehnologia construcţiilor de maşini;Public;Acreditat;Tehnologia construcţiilor de maşini;Inginerie industrială;Științe Inginerești;Examen;0;0
Facultatea de Inginerie Industrială și Robotică;Universitatea Politehnica din Bucureşti (UPB);Bucuresti, Bucuresti;N/A;N/A;N/A;3.000 lei;Ingineria și managementul calității;Public;Acreditat;Ingineria şi managementul calităţii;Inginerie industrială;Științe Inginerești;Examen;0;0
Facultatea de Inginerie Industrială și Robotică;Universitatea Politehnica din Bucureşti (UPB);Bucuresti, Bucuresti;N/A;N/A;N/A;3.000 lei;Inginerie economică industrială;Public;Acreditat;Inginerie economică industrială;Inginerie și management;Științe Inginerești;Examen;0;0
Facultatea de Ingineria Sistemelor Biotehnice;Universitatea Politehnica din Bucureşti (UPB);Bucuresti, Bucuresti;75;N/A;N/A;4.000 lei;Ingineria produselor alimentare;Public;Acreditat;Ingineria produselor alimentare;Ingineria produselor alimentare;Științe Agricole;Examen;60;15
Facultatea de Transporturi;Universitatea Politehnica din Bucureşti (UPB);Bucuresti, Bucuresti;160;N/A;N/A;4.000 lei;Ingineria transporturilor şi a traficului;Public;Acreditat;Ingineria transporturilor şi a traficului;Ingineria transporturilor;Științe Inginerești;Examen;140;20
Facultatea de Inginerie Aerospaţială;Universitatea Politehnica din Bucureşti (UPB);Bucuresti, Bucuresti;208;N/A;N/A;3.000 lei;Sisteme de propulsie;Public;Acreditat;Sisteme de propulsie;Inginerie aerospațială;Științe Inginerești;Examen;180;28
Facultatea de Chimie Aplicată şi Ştiinţa Materialelor;Universitatea Politehnica din Bucureşti (UPB);Bucuresti, Bucuresti;N/A;N/A;N/A;3.000 lei;Ingineria şi informatica proceselor chimice şi biochimice;Public;Acreditat;Ingineria şi informatica proceselor chimice şi biochimice;Inginerie chimică;Științe Inginerești;Examen;0;0
Facultatea de Ştiinţa şi Ingineria Materialelor;Universitatea Politehnica din Bucureşti (UPB);Bucuresti, Bucuresti;50;N/A;N/A;3.000 lei;Inginerie economică în industria chimică şi de materiale;Public;Acreditat;Inginerie economică în industria chimică şi de materiale;Inginerie și management;Științe Inginerești;Examen;40;10
Facultatea de Antreprenoriat, Ingineria şi Managementul Afacerilor;Universitatea Politehnica din Bucureşti (UPB);Bucuresti, Bucuresti;320;6.26;N/A;4.000 lei;Inginerie economică în industria chimică şi de materiale;Public;Acreditat;Inginerie economică în industria chimică şi de materiale;Inginerie și management;Științe Inginerești;Examen;170;150
Facultatea de Chimie Aplicată şi Ştiinţa Materialelor;Universitatea Politehnica din Bucureşti (UPB);Bucuresti, Bucuresti;179;N/A;N/A;3.000 lei;Controlul și expertiza produselor alimentare;Public;Autorizat;Controlul şi expertiza produselor alimentare;Ingineria produselor alimentare;Științe Agricole;Dosar;174;5
Facultatea de Ştiinţe Aplicate;Universitatea Politehnica din Bucureşti (UPB);Bucuresti, Bucuresti;140;N/A;N/A;3.000 lei;Inginerie fizică;Public;Acreditat;Inginerie fizică;Științe inginerești aplicate;Științe Inginerești;Examen;100;40
Facultatea de Inginerie în Limbi Străine;Universitatea Politehnica din Bucureşti (UPB);Bucuresti, Bucuresti;N/A;N/A;N/A;3.000 lei;Electronică aplicată (în limba engleză);Public;Acreditat;Electronică aplicată;Inginerie electronică, telecomunicații și tehnologii informaționale;Științe Inginerești;Examen;0;0
Facultatea de Automatică şi Calculatoare;Universitatea Politehnica din Bucureşti (UPB);Bucuresti, Bucuresti;N/A;N/A;N/A;3.000 lei;Automatică şi informatică aplicată;Public;Acreditat;Automatică şi informatică aplicată;Ingineria sistemelor și inginerie mecanică;Științe Inginerești;Dosar;0;0
Facultatea de Automatică şi Calculatoare;Universitatea Politehnica din Bucureşti (UPB);Bucuresti, Bucuresti;535;N/A;N/A;3.000 lei;Calculatoare;Public;Acreditat;Calculatoare;Calculatoare și tehnologia informației;Științe Inginerești;Examen;310;225
Facultatea de Antreprenoriat, Ingineria şi Managementul Afacerilor;Universitatea Politehnica din Bucureşti (UPB);Bucuresti, Bucuresti;N/A;N/A;N/A;3.000 lei;Ingineria și managementul afacerilor- în limba engleză;Public;Autorizat;Ingineria şi managementul afacerilor;Inginerie și management;Științe Inginerești;Examen;0;0
Facultatea de Energetică;Universitatea Politehnica din Bucureşti (UPB);Bucuresti, Bucuresti;450;N/A;N/A;4.000 lei;Termoenergetică;Public;Acreditat;Termoenergetică;Inginerie energetică;Științe Inginerești;Examen;405;45
Facultatea de Energetică;Universitatea Politehnica din Bucureşti (UPB);Bucuresti, Bucuresti;450;N/A;N/A;4.000 lei;Energetică şi tehnologii nucleare;Public;Acreditat;Energetică şi tehnologii nucleare;Inginerie energetică;Științe Inginerești;Examen;405;45
Facultatea de Electronică, Telecomunicaţii şi Tehnologia Informaţiei;Universitatea Politehnica din Bucureşti (UPB);Bucuresti, Bucuresti;N/A;N/A;N/A;3.000 lei;Electronică aplicată (în limba engleză);Public;Acreditat;Electronică aplicată;Inginerie electronică, telecomunicații și tehnologii informaționale;Științe Inginerești;Examen;0;0
Facultatea de Inginerie Industrială și Robotică;Universitatea Politehnica din Bucureşti (UPB);Bucuresti, Bucuresti;N/A;N/A;N/A;3.000 lei;Ingineria sudării;Public;Acreditat;Ingineria sudării;Inginerie industrială;Științe Inginerești;Examen;0;0
Facultatea de Inginerie Mecanică şi Mecatronică;Universitatea Politehnica din Bucureşti (UPB);Bucuresti, Bucuresti;N/A;N/A;N/A;3.000 lei;Mecanică fină şi nanotehnologii;Public;Acreditat;Mecanică fină şi nanotehnologii;Ingineria sistemelor și inginerie mecanică;Științe Inginerești;Dosar;0;0
Facultatea de Inginerie Mecanică şi Mecatronică;Universitatea Politehnica din Bucureşti (UPB);Bucuresti, Bucuresti;145;N/A;N/A;3.000 lei;Inginerie economică în domeniul mecanic;Public;Acreditat;Inginerie economică în domeniul mecanic;Inginerie și management;Științe Inginerești;Dosar;45;100
Facultatea de Inginerie Industrială și Robotică;Universitatea Politehnica din Bucureşti (UPB);Bucuresti, Bucuresti;N/A;N/A;N/A;3.000 lei;Nanotehnologii și sisteme neconvenționale;Public;Acreditat;Nanotehnologii şi sisteme neconvenţionale;Inginerie industrială;Științe Inginerești;Examen;0;0
Facultatea de Inginerie Industrială și Robotică;Universitatea Politehnica din Bucureşti (UPB);Bucuresti, Bucuresti;N/A;N/A;N/A;3.000 lei;Robotică;Public;Acreditat;Robotică;Mecatronică și robotică;Științe Inginerești;Examen;0;0
Facultatea de Inginerie Aerospaţială;Universitatea Politehnica din Bucureşti (UPB);Bucuresti, Bucuresti;208;N/A;N/A;3.000 lei;Echipamente şi instalaţii de aviaţie;Public;Acreditat;Echipamente şi instalaţii de aviaţie;Inginerie aerospațială;Științe Inginerești;Examen;180;28
Facultatea de Inginerie Aerospaţială;Universitatea Politehnica din Bucureşti (UPB);Bucuresti, Bucuresti;52;N/A;N/A;3.000 lei;Navigaţie aeriană (în limba engleză);Public;Acreditat;Navigaţie aeriană;Inginerie aerospațială;Științe Inginerești;Examen;40;12
Facultatea de Ştiinţa şi Ingineria Materialelor;Universitatea Politehnica din Bucureşti (UPB);Bucuresti, Bucuresti;120;N/A;N/A;3.000 lei;Știința Materialelor;Public;Acreditat;Ştiinţa materialelor;Ingineria materialelor;Științe Inginerești;Examen;90;30
Facultatea de Chimie Aplicată şi Ştiinţa Materialelor;Universitatea Politehnica din Bucureşti (UPB);Bucuresti, Bucuresti;N/A;N/A;N/A;3.000 lei;Chimie alimentară şi tehnologii biochimice;Public;Acreditat;Chimie alimentară şi tehnologii biochimice;Inginerie chimică;Științe Inginerești;Examen;0;0
Facultatea de Inginerie în Limbi Străine;Universitatea Politehnica din Bucureşti (UPB);Bucuresti, Bucuresti;N/A;N/A;N/A;3.000 lei;Inginerie Mecanică (în limba engleză);Public;Acreditat;Construcţii civile, industriale şi agricole;Inginerie civilă;Științe Inginerești;Examen;0;0
Facultatea de Inginerie în Limbi Străine;Universitatea Politehnica din Bucureşti (UPB);Bucuresti, Bucuresti;N/A;N/A;N/A;3.000 lei;Inginerie Mecanică (în limba franceză);Public;Acreditat;Ingineria transporturilor şi a traficului;Ingineria transporturilor;Științe Inginerești;Examen;0;0
Facultatea de Chimie Aplicată şi Ştiinţa Materialelor;Universitatea Politehnica din Bucureşti (UPB);Bucuresti, Bucuresti;N/A;N/A;N/A;3.000 lei;Ingineria valorificării deșeurilor;Public;Autorizat;Reconstrucție ecologică;Ingineria mediului;Științe Inginerești;Examen;0;0
Facultatea de Informatică Managerială;Universitatea Româno-Americană din Bucureşti;Bucuresti, Bucuresti;100;N/A;N/A;12.900 lei;Computer Science for Economics;Public;Acreditat;Informatică economică;Informatică economică;Științe Economice;Examen;0;100
Facultatea de Management-Marketing;Universitatea Româno-Americană din Bucureşti;Bucuresti, Bucuresti;50;N/A;0.54;4.200 lei;Management IFR;Public;Acreditat;Management;Management;Științe Economice;Examen;0;50
Facultatea de Economia Turismului Intern şi Internaţional;Universitatea Româno-Americană din Bucureşti;Bucuresti, Bucuresti;150;N/A;0.18;4.200 lei;Economia comerţului, turismului şi serviciilor;Public;Acreditat;Economia comerţului, turismului şi serviciilor;Administrarea afacerilor;Științe Economice;Examen;0;150
Facultatea de Informatică Managerială;Universitatea Româno-Americană din Bucureşti;Bucuresti, Bucuresti;250;N/A;0.31;4.200 lei;Informatică economică;Public;Acreditat;Informatică economică;Informatică economică;Științe Economice;Examen;0;250
Facultatea de Relaţii Comerciale şi Financiar - Bancare Interne şi Internaţionale;Universitatea Româno-Americană din Bucureşti;Bucuresti, Bucuresti;50;N/A;0.06;4.200 lei;Contabilitate şi informatică de gestiune;Public;Acreditat;Contabilitate şi informatică de gestiune;Contabilitate;Științe Economice;Examen;0;50
Facultatea de Relaţii Comerciale şi Financiar - Bancare Interne şi Internaţionale;Universitatea Româno-Americană din Bucureşti;Bucuresti, Bucuresti;75;N/A;0.04;4.200 lei;Finanţe şi bănci;Public;Acreditat;Finanţe şi bănci;Finanţe;Științe Economice;Examen;0;75
Facultatea de Management-Marketing;Universitatea Româno-Americană din Bucureşti;Bucuresti, Bucuresti;25;N/A;0.68;4.200 lei;Marketing IFR;Public;Acreditat;Marketing;Marketing;Științe Economice;Examen;0;25
Facultatea de Drept;Universitatea Româno-Americană din Bucureşti;Bucuresti, Bucuresti;150;N/A;0.19;4.200 lei;Drept;Public;Acreditat;Drept;Drept;Științe Juridice;Examen;0;150
Facultatea de Studii Economice Europene;Universitatea Româno-Americană din Bucureşti;Bucuresti, Bucuresti;100;N/A;0.08;4.200 lei;Economie și Afaceri Internaționale;Public;Acreditat;Economie şi afaceri internaţionale;Economie şi afaceri internaţionale;Științe Economice;Examen;0;100
Facultatea de Economia Turismului Intern şi Internaţional;Universitatea Româno-Americană din Bucureşti;Bucuresti, Bucuresti;50;N/A;0.18;4.200 lei;Economia comerţului, turismului şi serviciilor IFR;Public;Acreditat;Economia comerţului, turismului şi serviciilor;Administrarea afacerilor;Științe Economice;Examen;0;50
Facultatea de Relaţii Comerciale şi Financiar - Bancare Interne şi Internaţionale;Universitatea Româno-Americană din Bucureşti;Bucuresti, Bucuresti;25;N/A;0.56;4.200 lei;Afaceri internaționale IFR;Public;Acreditat;Afaceri internaţionale;Economie şi afaceri internaţionale;Științe Economice;Examen;0;25
Facultatea de Relaţii Comerciale şi Financiar - Bancare Interne şi Internaţionale;Universitatea Româno-Americană din Bucureşti;Bucuresti, Bucuresti;25;N/A;0.04;4.200 lei;Finanțe și bănci IFR;Public;Acreditat;Finanţe şi bănci;Finanţe;Științe Economice;Examen;0;25
Facultatea de Educație Fizică, Sport și Kinetoterapie;Universitatea Româno-Americană din Bucureşti;Bucuresti, Bucuresti;50;N/A;0.52;4.200 lei;Educație fizică și sportivă;Public;Acreditat;Educaţie fizică şi sportivă;Educaţie fizică şi sport;Ştiinţa Sportului şi Educaţiei Fizice;Examen;0;50
Facultatea de Relaţii Comerciale şi Financiar - Bancare Interne şi Internaţionale;Universitatea Româno-Americană din Bucureşti;Bucuresti, Bucuresti;100;N/A;0.13;4.200 lei;Afaceri internaţionale;Public;Acreditat;Afaceri internaţionale;Economie şi afaceri internaţionale;Științe Economice;Examen;0;100
Facultatea de Relaţii Comerciale şi Financiar - Bancare Interne şi Internaţionale;Universitatea Româno-Americană din Bucureşti;Bucuresti, Bucuresti;50;N/A;0.58;4.200 lei;Afaceri internaţionale (în limba engleză);Public;Acreditat;Afaceri internaţionale;Economie şi afaceri internaţionale;Științe Economice;Examen;0;50
Facultatea de Management-Marketing;Universitatea Româno-Americană din Bucureşti;Bucuresti, Bucuresti;100;N/A;0.17;4.200 lei;Marketing;Public;Acreditat;Marketing;Marketing;Științe Economice;Examen;0;100
Facultatea de Management-Marketing;Universitatea Româno-Americană din Bucureşti;Bucuresti, Bucuresti;100;N/A;0.19;4.200 lei;Management;Public;Acreditat;Management;Management;Științe Economice;Examen;0;100
Facultatea de Informatică Managerială;Universitatea Româno-Americană din Bucureşti;Bucuresti, Bucuresti;25;N/A;0.80;4.200 lei;Informatică economică (în limba engleză);Public;Acreditat;Informatică economică;Informatică economică;Științe Economice;Examen;0;25
Facultatea de Drept;Universitatea Româno-Americană din Bucureşti;Bucuresti, Bucuresti;50;N/A;0.46;4.200 lei;Drept IFR;Public;Acreditat;Drept;Drept;Științe Juridice;Examen;0;50
Facultatea de Educație Fizică, Sport și Kinetoterapie;Universitatea Româno-Americană din Bucureşti;Bucuresti, Bucuresti;50;N/A;0.62;4.200 lei;Kinetoterapie și motricitate specială;Public;Acreditat;Kinetoterapie şi motricitate specială;Kinetoterapie;Ştiinţa Sportului şi Educaţiei Fizice;Examen;0;50
Facultatea de Construcţii de Maşini şi Management Industrial;Universitatea Tehnică "Gheorghe Asachi" din Iaşi (TUIASI);Iasi, Iasi;120;N/A;N/A;2.700 lei;Tehnologia Constructiilor de Masini;Public;Acreditat;Tehnologia construcţiilor de maşini;Inginerie industrială;Științe Inginerești;Dosar;90;30
Facultatea de Construcţii şi Instalaţii;Universitatea Tehnică "Gheorghe Asachi" din Iaşi (TUIASI);Iasi, Iasi;100;N/A;N/A;2.400 lei;Inginerie civilă (în limba engleză);Public;Acreditat;Inginerie civilă;Inginerie civilă;Științe Inginerești;Dosar;72;28
Facultatea de Inginerie Electrică, Energetică şi Informatică Aplicată;Universitatea Tehnică "Gheorghe Asachi" din Iaşi (TUIASI);Iasi, Iasi;112;N/A;N/A;2.500 lei;Managementul energiei;Public;Acreditat;Managementul energiei;Inginerie energetică;Științe Inginerești;Dosar;94;18
Facultatea de Hidrotehnică, Geodezie şi Ingineria Mediului;Universitatea Tehnică "Gheorghe Asachi" din Iaşi (TUIASI);Iasi, Iasi;67;N/A;N/A;2.500 lei;Măsurători terestre şi cadastru;Public;Acreditat;Măsurători terestre şi cadastru;Inginerie geodezică;Științe Inginerești;Dosar;47;20
Facultatea de Mecanică;Universitatea Tehnică "Gheorghe Asachi" din Iaşi (TUIASI);Iasi, Iasi;154;N/A;N/A;2.500 lei;Maşini şi instalaţii pentru agricultură şi industria alimentară;Public;Acreditat;Maşini şi instalaţii pentru agricultură şi industrie alimentară;Ingineria sistemelor și inginerie mecanică;Științe Inginerești;Dosar;129;25
Facultatea de Textile – Pielărie şi Management Industrial;Universitatea Tehnică "Gheorghe Asachi" din Iaşi (TUIASI);Iasi, Iasi;25;N/A;N/A;2.500 lei;Tehnologia tricotajelor şi confecţiilor;Public;Acreditat;Tehnologia tricotajelor şi confecţiilor;Inginerie industrială;Științe Inginerești;Dosar;20;5
Facultatea de Textile – Pielărie şi Management Industrial;Universitatea Tehnică "Gheorghe Asachi" din Iaşi (TUIASI);Iasi, Iasi;65;N/A;N/A;2.500 lei;Ingineria si managementul afacerilor;Public;Autorizat;Ingineria şi managementul afacerilor;Inginerie și management;Științe Inginerești;Dosar;50;15
Facultatea de Textile – Pielărie şi Management Industrial;Universitatea Tehnică "Gheorghe Asachi" din Iaşi (TUIASI);Iasi, Iasi;25;N/A;N/A;2.500 lei;Tehnologia chimică a produselor din piele şi înlocuitori;Public;Acreditat;Tehnologia chimică a produselor din piele şi înlocuitori;Inginerie chimică;Științe Inginerești;Dosar;20;5
Facultatea de Construcţii de Maşini şi Management Industrial;Universitatea Tehnică "Gheorghe Asachi" din Iaşi (TUIASI);Iasi, Iasi;134;6.08;N/A;2.700 lei;Maşini-unelte şi sisteme de producţie;Public;Acreditat;Maşini-unelte şi sisteme de producţie;Inginerie industrială;Științe Inginerești;Dosar;104;30
Facultatea de Automatică și Calculatoare;Universitatea Tehnică "Gheorghe Asachi" din Iaşi (TUIASI);Iasi, Iasi;190;N/A;N/A;3.000 lei;Calculatoare;Public;Acreditat;Calculatoare;Calculatoare și tehnologia informației;Științe Inginerești;Examen;173;17
Facultatea de Inginerie Chimică şi Protecţia Mediului;Universitatea Tehnică "Gheorghe Asachi" din Iaşi (TUIASI);Iasi, Iasi;50;N/A;N/A;3.000 lei;Ingineria şi protecţia mediului în industrie;Public;Acreditat;Ingineria şi protecţia mediului în industrie;Ingineria mediului;Științe Inginerești;Dosar;30;20
Facultatea de Inginerie Chimică şi Protecţia Mediului;Universitatea Tehnică "Gheorghe Asachi" din Iaşi (TUIASI);Iasi, Iasi;50;N/A;N/A;2.500 lei;Ingineria substanţelor anorganice şi protecţia mediului;Public;Acreditat;Ingineria substanţelor anorganice şi protecţia mediului;Inginerie chimică;Științe Inginerești;Dosar;30;20
Facultatea de Inginerie Chimică şi Protecţia Mediului;Universitatea Tehnică "Gheorghe Asachi" din Iaşi (TUIASI);Iasi, Iasi;N/A;N/A;N/A;2.500 lei;Ingineria fabricaţiei hârtiei;Public;Acreditat;Ingineria fabricaţiei hârtiei;Inginerie chimică;Științe Inginerești;Dosar;0;0
Facultatea de Inginerie Chimică şi Protecţia Mediului;Universitatea Tehnică "Gheorghe Asachi" din Iaşi (TUIASI);Iasi, Iasi;25;N/A;N/A;2.500 lei;Inginerie chimică;Public;Acreditat;Inginerie chimică;Inginerie chimică;Științe Inginerești;Dosar;15;10
Facultatea de Inginerie Electrică, Energetică şi Informatică Aplicată;Universitatea Tehnică "Gheorghe Asachi" din Iaşi (TUIASI);Iasi, Iasi;216;N/A;N/A;2.500 lei;Instrumentaţie şi achiziţii de date;Public;Acreditat;Instrumentație și achiziții de date;Inginerie electrică;Științe Inginerești;Dosar;200;16
Facultatea de Inginerie Electrică, Energetică şi Informatică Aplicată;Universitatea Tehnică "Gheorghe Asachi" din Iaşi (TUIASI);Iasi, Iasi;N/A;N/A;N/A;2.500 lei;Informatică aplicată în inginerie electrică;Public;Acreditat;Informatică aplicată în inginerie electrică;Inginerie electrică;Științe Inginerești;Dosar;0;0
Facultatea de Electronică, Telecomunicaţii şi Tehnologia Informaţiei;Universitatea Tehnică "Gheorghe Asachi" din Iaşi (TUIASI);Iasi, Iasi;323;N/A;N/A;3.500 lei;Microelectronică, optoelectronică şi nanotehnologii;Public;Acreditat;Microelectronică, optoelectronică şi nanotehnologii;Inginerie electronică, telecomunicații și tehnologii informaționale;Științe Inginerești;Dosar;285;38
Facultatea de Inginerie Electrică, Energetică şi Informatică Aplicată;Universitatea Tehnică "Gheorghe Asachi" din Iaşi (TUIASI);Iasi, Iasi;216;N/A;N/A;2.500 lei;Sisteme electrice;Public;Acreditat;Sisteme electrice;Inginerie electrică;Științe Inginerești;Dosar;200;16
Facultatea de Electronică, Telecomunicaţii şi Tehnologia Informaţiei;Universitatea Tehnică "Gheorghe Asachi" din Iaşi (TUIASI);Iasi, Iasi;333;N/A;N/A;3.500 lei;Tehnologii şi sisteme de telecomunicaţii;Public;Acreditat;Tehnologii şi sisteme de telecomunicaţii;Inginerie electronică, telecomunicații și tehnologii informaționale;Științe Inginerești;Dosar;295;38
Facultatea de Mecanică;Universitatea Tehnică "Gheorghe Asachi" din Iaşi (TUIASI);Iasi, Iasi;140;N/A;N/A;2.500 lei;Sisteme şi echipamente termice;Public;Acreditat;Sisteme şi echipamente termice;Ingineria sistemelor și inginerie mecanică;Științe Inginerești;Dosar;115;25
Facultatea de Hidrotehnică, Geodezie şi Ingineria Mediului;Universitatea Tehnică "Gheorghe Asachi" din Iaşi (TUIASI);Iasi, Iasi;43;N/A;N/A;2.500 lei;Ingineria şi protecţia mediului în agricultură;Public;Acreditat;Ingineria şi protecţia mediului în agricultură;Ingineria mediului;Științe Inginerești;Dosar;23;20
Facultatea de Mecanică;Universitatea Tehnică "Gheorghe Asachi" din Iaşi (TUIASI);Iasi, Iasi;154;N/A;N/A;2.500 lei;Ingineria sistemelor de propulsie pentru autovehicule;Public;Acreditat;Ingineria sistemelor de propulsie pentru autovehicule;Ingineria autovehiculelor;Științe Inginerești;Dosar;129;25
Facultatea de Știința și Ingineria Materialelor;Universitatea Tehnică "Gheorghe Asachi" din Iaşi (TUIASI);Iasi, Iasi;111;N/A;N/A;2.500 lei;Știința Materialelor;Public;Acreditat;Ştiinţa materialelor;Ingineria materialelor;Științe Inginerești;Dosar;81;30
Facultatea de Textile – Pielărie şi Management Industrial;Universitatea Tehnică "Gheorghe Asachi" din Iaşi (TUIASI);Iasi, Iasi;114;N/A;N/A;2.500 lei;Design industrial (în limba engleză - Industrial Design);Public;Autorizat;Design industrial;Inginerie industrială;Științe Inginerești;Dosar;94;20
Facultatea de Automatică și Calculatoare;Universitatea Tehnică "Gheorghe Asachi" din Iaşi (TUIASI);Iasi, Iasi;150;N/A;N/A;3.000 lei;Automatică şi informatică aplicată;Public;Acreditat;Automatică şi informatică aplicată;Ingineria sistemelor și inginerie mecanică;Științe Inginerești;Examen;137;13
Facultatea de Inginerie Chimică şi Protecţia Mediului;Universitatea Tehnică "Gheorghe Asachi" din Iaşi (TUIASI);Iasi, Iasi;85;N/A;N/A;2.500 lei;Chimia şi ingineria substanţelor organice, petrochimie şi carbochimie;Public;Acreditat;Chimia şi ingineria substanţelor organice, petrochimie şi carbochimie;Inginerie chimică;Științe Inginerești;Dosar;55;30
Facultatea de Construcţii şi Instalaţii;Universitatea Tehnică "Gheorghe Asachi" din Iaşi (TUIASI);Iasi, Iasi;167;N/A;N/A;2.400 lei;Construcţii civile, industriale şi agricole;Public;Acreditat;Construcţii civile, industriale şi agricole;Inginerie civilă;Științe Inginerești;Dosar;120;47
Facultatea de Inginerie Chimică şi Protecţia Mediului;Universitatea Tehnică "Gheorghe Asachi" din Iaşi (TUIASI);Iasi, Iasi;25;N/A;N/A;2.500 lei;Inginerie economică în industria chimică şi de materiale;Public;Acreditat;Inginerie economică în industria chimică şi de materiale;Inginerie și management;Științe Inginerești;Dosar;15;10
Facultatea de Inginerie Chimică şi Protecţia Mediului;Universitatea Tehnică "Gheorghe Asachi" din Iaşi (TUIASI);Iasi, Iasi;25;N/A;N/A;2.500 lei;Inginerie biochimică;Public;Acreditat;Inginerie biochimică;Inginerie chimică;Științe Inginerești;Dosar;15;10
Facultatea de Construcţii de Maşini şi Management Industrial;Universitatea Tehnică "Gheorghe Asachi" din Iaşi (TUIASI);Iasi, Iasi;61;N/A;N/A;2.700 lei;Maşini şi sisteme hidraulice şi pneumatice;Public;Acreditat;Maşini şi sisteme hidraulice şi pneumatice;Ingineria sistemelor și inginerie mecanică;Științe Inginerești;Dosar;51;10
Facultatea de Construcţii de Maşini şi Management Industrial;Universitatea Tehnică "Gheorghe Asachi" din Iaşi (TUIASI);Iasi, Iasi;120;N/A;N/A;2.700 lei;Ingineria Sudării;Public;Acreditat;Ingineria sudării;Inginerie industrială;Științe Inginerești;Dosar;90;30
Facultatea de Electronică, Telecomunicaţii şi Tehnologia Informaţiei;Universitatea Tehnică "Gheorghe Asachi" din Iaşi (TUIASI);Iasi, Iasi;333;N/A;N/A;3.500 lei;Tehnologii şi sisteme de telecomunicaţii (în limba engleză);Public;Autorizat;Tehnologii şi sisteme de telecomunicaţii;Inginerie electronică, telecomunicații și tehnologii informaționale;Științe Inginerești;Dosar;295;38
Facultatea de Construcţii şi Instalaţii;Universitatea Tehnică "Gheorghe Asachi" din Iaşi (TUIASI);Iasi, Iasi;167;N/A;N/A;2.400 lei;Căi ferate, drumuri şi poduri;Public;Acreditat;Căi ferate, drumuri şi poduri;Inginerie civilă;Științe Inginerești;Dosar;120;47
Facultatea de Hidrotehnică, Geodezie şi Ingineria Mediului;Universitatea Tehnică "Gheorghe Asachi" din Iaşi (TUIASI);Iasi, Iasi;66;N/A;N/A;2.500 lei;Amenajări şi construcţii hidrotehnice;Public;Acreditat;Amenajări şi construcţii hidrotehnice;Inginerie civilă;Științe Inginerești;Dosar;46;20
Facultatea de Mecanică;Universitatea Tehnică "Gheorghe Asachi" din Iaşi (TUIASI);Iasi, Iasi;99;N/A;N/A;2.500 lei;Mecatronică;Public;Acreditat;Mecatronică;Mecatronică și robotică;Științe Inginerești;Dosar;74;25
Facultatea de Textile – Pielărie şi Management Industrial;Universitatea Tehnică "Gheorghe Asachi" din Iaşi (TUIASI);Iasi, Iasi;114;N/A;N/A;2.500 lei;Inginerie economică industrială;Public;Acreditat;Inginerie economică industrială;Inginerie și management;Științe Inginerești;Dosar;94;20
Facultatea de Textile – Pielărie şi Management Industrial;Universitatea Tehnică "Gheorghe Asachi" din Iaşi (TUIASI);Iasi, Iasi;25;N/A;N/A;2.500 lei;Tehnologia şi designul confecţiilor din piele şi înlocuitori;Public;Acreditat;Tehnologia şi designul confecţiilor din piele şi înlocuitori;Inginerie industrială;Științe Inginerești;Dosar;20;5
Facultatea de Textile – Pielărie şi Management Industrial;Universitatea Tehnică "Gheorghe Asachi" din Iaşi (TUIASI);Iasi, Iasi;114;N/A;N/A;2.500 lei;Design industrial;Public;Autorizat;Design industrial;Inginerie industrială;Științe Inginerești;Dosar;94;20
Facultatea de Arhitectură "G. M. Cantacuzino";Universitatea Tehnică "Gheorghe Asachi" din Iaşi (TUIASI);Iasi, Iasi;90;N/A;N/A;4.000 lei;Arhitectură;Public;Acreditat;Arhitectură ;Arhitectură;Arte, Arhitectură și Urbanism ;Examen;88;2
Facultatea de Automatică și Calculatoare;Universitatea Tehnică "Gheorghe Asachi" din Iaşi (TUIASI);Iasi, Iasi;190;N/A;N/A;3.000 lei;Tehnologia informaţiei;Public;Acreditat;Tehnologia informaţiei;Calculatoare și tehnologia informației;Științe Inginerești;Examen;173;17
Facultatea de Construcţii de Maşini şi Management Industrial;Universitatea Tehnică "Gheorghe Asachi" din Iaşi (TUIASI);Iasi, Iasi;58;N/A;N/A;2.700 lei;Inginerie economică în domeniul mecanic;Public;Acreditat;Inginerie economică în domeniul mecanic;Inginerie și management;Științe Inginerești;Dosar;48;10
Facultatea de Construcţii de Maşini şi Management Industrial;Universitatea Tehnică "Gheorghe Asachi" din Iaşi (TUIASI);Iasi, Iasi;61;N/A;N/A;2.700 lei;Mecanică fină şi nanotehnologii;Public;Acreditat;Mecanică fină şi nanotehnologii;Ingineria sistemelor și inginerie mecanică;Științe Inginerești;Dosar;51;10
Facultatea de Inginerie Electrică, Energetică şi Informatică Aplicată;Universitatea Tehnică "Gheorghe Asachi" din Iaşi (TUIASI);Iasi, Iasi;112;N/A;N/A;2.500 lei;Ingineria sistemelor electroenergetice;Public;Acreditat;Ingineria sistemelor electroenergetice;Inginerie energetică;Științe Inginerești;Dosar;94;18
Facultatea de Hidrotehnică, Geodezie şi Ingineria Mediului;Universitatea Tehnică "Gheorghe Asachi" din Iaşi (TUIASI);Iasi, Iasi;66;N/A;N/A;2.500 lei;Îmbunătăţiri funciare şi dezvoltare rurală;Public;Acreditat;Îmbunătăţiri funciare şi dezvoltare rurală;Inginerie civilă;Științe Inginerești;Dosar;46;20
Facultatea de Știința și Ingineria Materialelor;Universitatea Tehnică "Gheorghe Asachi" din Iaşi (TUIASI);Iasi, Iasi;45;N/A;N/A;2.500 lei;Echipamente pentru procese industriale;Public;Acreditat;Echipamente pentru procese industriale;Ingineria sistemelor și inginerie mecanică;Științe Inginerești;Dosar;35;10
Facultatea de Mecanică;Universitatea Tehnică "Gheorghe Asachi" din Iaşi (TUIASI);Iasi, Iasi;140;N/A;N/A;2.500 lei;Inginerie mecanică;Public;Acreditat;Inginerie mecanică;Ingineria sistemelor și inginerie mecanică;Științe Inginerești;Dosar;115;25
Facultatea de Textile – Pielărie şi Management Industrial;Universitatea Tehnică "Gheorghe Asachi" din Iaşi (TUIASI);Iasi, Iasi;25;N/A;N/A;2.500 lei;Tehnologia şi designul produselor textile;Public;Acreditat;Tehnologia şi designul produselor textile;Inginerie industrială;Științe Inginerești;Dosar;20;5
Facultatea de Știința și Ingineria Materialelor;Universitatea Tehnică "Gheorghe Asachi" din Iaşi (TUIASI);Iasi, Iasi;111;N/A;N/A;2.500 lei;Ingineria Procesării Materialelor;Public;Acreditat;Ingineria procesării materialelor;Ingineria materialelor;Științe Inginerești;Dosar;81;30
Facultatea de Construcţii şi Instalaţii;Universitatea Tehnică "Gheorghe Asachi" din Iaşi (TUIASI);Iasi, Iasi;138;6.05;N/A;2.400 lei;Instalaţii pentru construcţii;Public;Acreditat;Instalaţii pentru construcţii;Ingineria instalaţiilor;Științe Inginerești;Dosar;38;100
Facultatea de Inginerie Chimică şi Protecţia Mediului;Universitatea Tehnică "Gheorghe Asachi" din Iaşi (TUIASI);Iasi, Iasi;N/A;N/A;N/A;2.500 lei;Chimie alimentară şi tehnologii biochimice;Public;Autorizat;Chimie alimentară şi tehnologii biochimice;Inginerie chimică;Științe Inginerești;Dosar;0;0
Facultatea de Inginerie Chimică şi Protecţia Mediului;Universitatea Tehnică "Gheorghe Asachi" din Iaşi (TUIASI);Iasi, Iasi;25;N/A;N/A;2.500 lei;Ştiinţa şi ingineria polimerilor;Public;Acreditat;Ştiinţa şi ingineria polimerilor;Inginerie chimică;Științe Inginerești;Dosar;15;10
Facultatea de Inginerie Electrică, Energetică şi Informatică Aplicată;Universitatea Tehnică "Gheorghe Asachi" din Iaşi (TUIASI);Iasi, Iasi;216;N/A;N/A;2.500 lei;Electronică de putere şi acţionări electrice;Public;Acreditat;Electronică de putere şi acţionări electrice;Inginerie electrică;Științe Inginerești;Dosar;200;16
Facultatea de Electronică, Telecomunicaţii şi Tehnologia Informaţiei;Universitatea Tehnică "Gheorghe Asachi" din Iaşi (TUIASI);Iasi, Iasi;333;N/A;N/A;3.500 lei;Electronică aplicată;Public;Acreditat;Electronică aplicată;Inginerie electronică, telecomunicații și tehnologii informaționale;Științe Inginerești;Dosar;295;38
Facultatea de Inginerie Electrică, Energetică şi Informatică Aplicată;Universitatea Tehnică "Gheorghe Asachi" din Iaşi (TUIASI);Iasi, Iasi;218;N/A;N/A;2.500 lei;Inginerie electrică şi calculatoare (în limba engleză);Public;Autorizat;Inginerie electrică şi calculatoare;Inginerie electrică;Științe Inginerești;Dosar;200;18
Facultatea de Inginerie Electrică, Energetică şi Informatică Aplicată;Universitatea Tehnică "Gheorghe Asachi" din Iaşi (TUIASI);Iasi, Iasi;33;N/A;N/A;2.500 lei;Inginerie economică în domeniul electric, electronic şi energetic;Public;Acreditat;Inginerie economică în domeniul electric, electronic şi energetic;Inginerie și management;Științe Inginerești;Dosar;31;2
Facultatea de Mecanică;Universitatea Tehnică "Gheorghe Asachi" din Iaşi (TUIASI);Iasi, Iasi;154;N/A;N/A;2.500 lei;Autovehicule rutiere;Public;Acreditat;Autovehicule rutiere;Ingineria autovehiculelor;Științe Inginerești;Dosar;129;25
Facultatea de Mecanică;Universitatea Tehnică "Gheorghe Asachi" din Iaşi (TUIASI);Iasi, Iasi;99;N/A;N/A;2.500 lei;Robotică;Public;Acreditat;Robotică;Mecatronică și robotică;Științe Inginerești;Dosar;74;25
Facultatea de Știința și Ingineria Materialelor;Universitatea Tehnică "Gheorghe Asachi" din Iaşi (TUIASI);Iasi, Iasi;45;N/A;N/A;2.500 lei;Ingineria securităţii în industrie;Public;Autorizat;Ingineria securităţii în industrie;Inginerie industrială;Științe Inginerești;Dosar;35;10
Facultatea de Textile – Pielărie şi Management Industrial;Universitatea Tehnică "Gheorghe Asachi" din Iaşi (TUIASI);Iasi, Iasi;25;N/A;N/A;2.500 lei;Tehnologie chimică textilă;Public;Acreditat;Tehnologie chimică textilă;Inginerie chimică;Științe Inginerești;Dosar;20;5
Facultatea de Mecanică;Universitatea Tehnică "Gheorghe Asachi" din Iaşi (TUIASI);Iasi, Iasi;154;N/A;N/A;2.500 lei;Construcţii de autovehicule;Public;Autorizat;Construcţii de autovehicule;Ingineria autovehiculelor;Științe Inginerești;Dosar;129;25
Facultatea de Hidrotehnică;Universitatea Tehnică de Construcţii din Bucureşti (UTCB);Bucuresti, Bucuresti;N/A;N/A;N/A;4.200 lei;Inginerie sanitară şi protecţia mediului;Public;Acreditat;Inginerie sanitară şi protecţia mediului;Inginerie civilă;Științe Inginerești;Dosar;0;0
Facultatea de Inginerie a Instalaţiilor;Universitatea Tehnică de Construcţii din Bucureşti (UTCB);Bucuresti, Bucuresti;N/A;N/A;N/A;4.200 lei;Instalaţii pentru construcţii;Public;Acreditat;Instalaţii pentru construcţii;Ingineria instalaţiilor;Științe Inginerești;Dosar;0;0
Facultatea de Hidrotehnică;Universitatea Tehnică de Construcţii din Bucureşti (UTCB);Bucuresti, Bucuresti;N/A;N/A;N/A;4.200 lei;Ingineria Mediului;Public;Acreditat;Ingineria mediului;Ingineria mediului;Științe Inginerești;Dosar;0;0
Facultatea de Inginerie în Limbi Străine;Universitatea Tehnică de Construcţii din Bucureşti (UTCB);Bucuresti, Bucuresti;N/A;N/A;N/A;4.500 lei;Inginerie civilă (în limba franceză);Public;Acreditat;Inginerie civilă;Inginerie civilă;Științe Inginerești;Examen;0;0
Facultatea de Construcţii Civile, Industriale şi Agricole;Universitatea Tehnică de Construcţii din Bucureşti (UTCB);Bucuresti, Bucuresti;N/A;N/A;N/A;4.200 lei;Inginerie urbană şi dezvoltare regională;Public;Acreditat;Inginerie urbană şi dezvoltare regională;Inginerie civilă;Științe Inginerești;Dosar;0;0
Departamentul de Limbi Străine şi Comunicare;Universitatea Tehnică de Construcţii din Bucureşti (UTCB);Bucuresti, Bucuresti;N/A;N/A;N/A;3.600 lei;Traducere şi interpretare (prima specializare - engleză, a doua specializare - la alegere, franceză, germană, spaniolă);Public;Acreditat;Traducere și interpretare;Limbi moderne aplicate;Științe Umaniste;Dosar;0;0
Facultatea de Inginerie a Instalaţiilor;Universitatea Tehnică de Construcţii din Bucureşti (UTCB);Bucuresti, Bucuresti;N/A;N/A;N/A;4.200 lei;Instalaţii şi echipamente pentru protecţia atmosferei;Public;Acreditat;Instalaţii şi echipamente pentru protecţia atmosferei;Ingineria instalaţiilor;Științe Inginerești;Dosar;0;0
Facultatea de Utilaj Tehnologic;Universitatea Tehnică de Construcţii din Bucureşti (UTCB);Bucuresti, Bucuresti;80;N/A;N/A;4.200 lei;Ingineria şi managementul resurselor tehnologice în construcţii;Public;Acreditat;Ingineria şi managementul resurselor tehnologice în construcţii;Ingineria sistemelor și inginerie mecanică;Științe Inginerești;Dosar;50;30
Facultatea de Inginerie în Limbi Străine;Universitatea Tehnică de Construcţii din Bucureşti (UTCB);Bucuresti, Bucuresti;N/A;N/A;N/A;4.500 lei;Inginerie civilă (în limba engleză);Public;Acreditat;Inginerie civilă;Inginerie civilă;Științe Inginerești;Examen;0;0
Facultatea de Utilaj Tehnologic;Universitatea Tehnică de Construcţii din Bucureşti (UTCB);Bucuresti, Bucuresti;N/A;N/A;N/A;4.200 lei;Mecatronică;Public;Autorizat;Mecatronică;Mecatronică și robotică;Științe Inginerești;Dosar;0;0
Facultatea de Geodezie;Universitatea Tehnică de Construcţii din Bucureşti (UTCB);Bucuresti, Bucuresti;N/A;N/A;N/A;4.200 lei;Cadastru şi managementul proprietăţilor;Public;Autorizat;Cadastru şi managementul proprietăţilor;Inginerie geodezică;Științe Inginerești;Dosar;0;0
Facultatea de Inginerie în Limbi Străine;Universitatea Tehnică de Construcţii din Bucureşti (UTCB);Bucuresti, Bucuresti;65;5.84;N/A;3.600 lei;Traducere și interpretare;Public;Acreditat;Traducere și interpretare;Limbi moderne aplicate;Științe Umaniste;Dosar;50;15
Facultatea de Construcţii Civile, Industriale şi Agricole;Universitatea Tehnică de Construcţii din Bucureşti (UTCB);Bucuresti, Bucuresti;N/A;N/A;N/A;4.200 lei;Inginerie economică în construcţii;Public;Acreditat;Inginerie economică în construcţii;Inginerie și management;Științe Inginerești;Dosar;0;0
Facultatea de Hidrotehnică;Universitatea Tehnică de Construcţii din Bucureşti (UTCB);Bucuresti, Bucuresti;N/A;N/A;N/A;4.200 lei;Automatică şi informatică aplicată;Public;Acreditat;Automatică şi informatică aplicată;Ingineria sistemelor și inginerie mecanică;Științe Inginerești;Dosar;0;0
Facultatea de Construcţii Civile, Industriale şi Agricole;Universitatea Tehnică de Construcţii din Bucureşti (UTCB);Bucuresti, Bucuresti;N/A;7.05;N/A;4.200 lei;Construcţii civile, industriale şi agricole;Public;Acreditat;Construcţii civile, industriale şi agricole;Inginerie civilă;Științe Inginerești;Dosar;0;0
Facultatea de Utilaj Tehnologic;Universitatea Tehnică de Construcţii din Bucureşti (UTCB);Bucuresti, Bucuresti;N/A;N/A;N/A;4.200 lei;Utilaje tehnologice pentru construcții;Public;Acreditat;Inginerie mecanică;Ingineria sistemelor și inginerie mecanică;Științe Inginerești;Dosar;0;0
Facultatea de Geodezie;Universitatea Tehnică de Construcţii din Bucureşti (UTCB);Bucuresti, Bucuresti;N/A;N/A;N/A;4.200 lei;Măsurători terestre şi cadastru;Public;Acreditat;Măsurători terestre şi cadastru;Inginerie geodezică;Științe Inginerești;Dosar;0;0
Facultatea de Hidrotehnică;Universitatea Tehnică de Construcţii din Bucureşti (UTCB);Bucuresti, Bucuresti;N/A;N/A;N/A;4.200 lei;Amenajări şi construcţii hidrotehnice;Public;Acreditat;Amenajări şi construcţii hidrotehnice;Inginerie civilă;Științe Inginerești;Dosar;0;0
Facultatea de Căi Ferate, Drumuri şi Poduri;Universitatea Tehnică de Construcţii din Bucureşti (UTCB);Bucuresti, Bucuresti;N/A;N/A;N/A;4.200 lei;Căi ferate, drumuri şi poduri;Public;Acreditat;Căi ferate, drumuri şi poduri;Inginerie civilă;Științe Inginerești;Dosar;0;0
Facultatea de Inginerie a Instalaţiilor;Universitatea Tehnică de Construcţii din Bucureşti (UTCB);Bucuresti, Bucuresti;N/A;N/A;N/A;4.200 lei;Instalaţii pentru construcţii (în limba franceză);Public;Acreditat;Instalaţii pentru construcţii;Ingineria instalaţiilor;Științe Inginerești;Examen;0;0
Facultatea de Căi Ferate, Drumuri şi Poduri;Universitatea Tehnică de Construcţii din Bucureşti (UTCB);Bucuresti, Bucuresti;N/A;N/A;N/A;4.200 lei;Infrastructura transporturilor metropolitane;Public;Acreditat;Infrastructura transporturilor metropolitane;Inginerie civilă;Științe Inginerești;Dosar;0;0
Facultatea de Geodezie;Universitatea Tehnică de Construcţii din Bucureşti (UTCB);Bucuresti, Bucuresti;N/A;N/A;N/A;4.200 lei;Geodezie şi geoinformatică;Public;Autorizat;Geodezie şi geoinformatică;Inginerie geodezică;Științe Inginerești;Dosar;0;0
Facultatea de Construcţii de Maşini;Universitatea Tehnică din Cluj-Napoca - extensia Alba Iulia;Alba Iulia, Alba;50;6.03;N/A;3.300 lei;Inginerie economică industrială (la Alba Iulia);Public;Acreditat;Inginerie economică industrială;Inginerie și management;Științe Inginerești;Dosar;27;23
Facultatea de Construcţii de Maşini;Universitatea Tehnică din Cluj-Napoca - extensia Alba Iulia;Alba Iulia, Alba;70;6.40;N/A;3.300 lei;Tehnologia construcţiilor de maşini (la Alba Iulia);Public;Acreditat;Tehnologia construcţiilor de maşini;Inginerie industrială;Științe Inginerești;Dosar;35;35
Facultatea de Autovehicule rutiere, Mecatronica si Mecanica;Universitatea Tehnică din Cluj-Napoca - extensia Alba Iulia;Alba Iulia, Alba;50;N/A;N/A;3.300 lei;Sisteme şi echipamente termice (la Alba Iulia);Public;Acreditat;Sisteme şi echipamente termice;Ingineria sistemelor și inginerie mecanică;Științe Inginerești;Examen;41;9
Facultatea de Inginerie;Universitatea Tehnică din Cluj-Napoca - extensia Baia Mare;Baia Mare, Maramures;36;N/A;N/A;3.300 lei;Tehnologia Construcţiilor de Maşini;Public;Acreditat;Tehnologia construcţiilor de maşini;Inginerie industrială;Științe Inginerești;Dosar;26;10
Facultatea de Litere;Universitatea Tehnică din Cluj-Napoca - extensia Baia Mare;Baia Mare, Maramures;309;N/A;N/A;N/A;Limba şi literatura română și Limbă şi literatură engleză;Public;Acreditat;Limba şi literatura română;Limbă şi literatură;Științe Umaniste;Examen;32;277
Facultatea de Inginerie;Universitatea Tehnică din Cluj-Napoca - extensia Baia Mare;Baia Mare, Maramures;N/A;N/A;N/A;2.500 lei;Echipamente pentru Procese Industriale;Public;Acreditat;Echipamente pentru procese industriale;Ingineria sistemelor și inginerie mecanică;Științe Inginerești;Examen;0;0
Facultatea de Științe;Universitatea Tehnică din Cluj-Napoca - extensia Baia Mare;Baia Mare, Maramures;55;8.49;N/A;3.300 lei;Informatică;Public;Acreditat;Informatică;Informatică;Științe Exacte;Dosar;30;25
Facultatea de Științe;Universitatea Tehnică din Cluj-Napoca - extensia Baia Mare;Baia Mare, Maramures;31;7.81;N/A;3.300 lei;Biologie;Public;Acreditat;Biologie;Biologie;Științe ale Naturii;Dosar;21;10
Facultatea de Științe;Universitatea Tehnică din Cluj-Napoca - extensia Baia Mare;Baia Mare, Maramures;32;8.28;N/A;3.300 lei;Matematică;Public;Acreditat;Matematică;Matematică;Științe Exacte;Dosar;26;6
Facultatea de Inginerie;Universitatea Tehnică din Cluj-Napoca - extensia Baia Mare;Baia Mare, Maramures;36;6.60;N/A;3.300 lei;Inginerie Economică în Domeniul Mecanic;Public;Acreditat;Inginerie economică în domeniul mecanic;Inginerie și management;Științe Inginerești;Dosar;26;10
Facultatea de Inginerie;Universitatea Tehnică din Cluj-Napoca - extensia Baia Mare;Baia Mare, Maramures;36;6.20;N/A;3.300 lei;Electronică aplicată;Public;Acreditat;Electronică aplicată;Inginerie electronică, telecomunicații și tehnologii informaționale;Științe Inginerești;Dosar;26;10
Facultatea de Litere;Universitatea Tehnică din Cluj-Napoca - extensia Baia Mare;Baia Mare, Maramures;60;8.46;N/A;3.300 lei;Pedagogia învățământului primar și preșcolar;Public;Acreditat;Pedagogia învăţământului primar şi preşcolar;Științe ale educației;Științe Politice și Comunicare;Examen;10;50
Facultatea de Litere;Universitatea Tehnică din Cluj-Napoca - extensia Baia Mare;Baia Mare, Maramures;41;7.50;N/A;3.300 lei;Limbi moderne aplicate;Public;Acreditat;Limbi moderne aplicate;Limbi moderne aplicate;Științe Umaniste;Dosar;16;25
Facultatea de Litere;Universitatea Tehnică din Cluj-Napoca - extensia Baia Mare;Baia Mare, Maramures;71;6.95;N/A;3.300 lei;Jurnalism;Public;Acreditat;Jurnalism;Ştiinţe ale comunicării;Științe Politice și Comunicare;Dosar;21;50
Facultatea de Litere;Universitatea Tehnică din Cluj-Napoca - extensia Baia Mare;Baia Mare, Maramures;26;6.66;N/A;3.300 lei;Filosofie;Public;Acreditat;Filosofie;Filosofie;Științe Umaniste;Dosar;14;12
Facultatea de Științe;Universitatea Tehnică din Cluj-Napoca - extensia Baia Mare;Baia Mare, Maramures;55;6.13;N/A;3.300 lei;Controlul şi expertiza produselor alimentare;Public;Acreditat;Controlul şi securitatea produselor alimentare;Inginerie chimică;Științe Inginerești;Dosar;35;20
Facultatea de Inginerie;Universitatea Tehnică din Cluj-Napoca - extensia Baia Mare;Baia Mare, Maramures;30;N/A;N/A;3.300 lei;Ingineria Procesării Materialelor;Public;Acreditat;Ingineria procesării materialelor;Ingineria materialelor;Științe Inginerești;Dosar;29;1
Facultatea de Științe;Universitatea Tehnică din Cluj-Napoca - extensia Baia Mare;Baia Mare, Maramures;32;7.16;N/A;3.300 lei;Matematică Informatică;Public;Acreditat;Informatică;Informatică;Științe Exacte;Dosar;26;6
Facultatea de Științe;Universitatea Tehnică din Cluj-Napoca - extensia Baia Mare;Baia Mare, Maramures;24;7.01;N/A;3.300 lei;Chimie;Public;Acreditat;Chimie;Chimie;Științe Exacte;Dosar;14;10
Facultatea de Construcţii;Universitatea Tehnică din Cluj-Napoca - extensia Baia Mare;Baia Mare, Maramures;359;7.35;N/A;3.300 lei;Construcţii civile, industriale şi agricole (la Baia Mare);Public;Acreditat;Construcţii civile, industriale şi agricole;Inginerie civilă;Științe Inginerești;Dosar;304;55
Facultatea de Inginerie;Universitatea Tehnică din Cluj-Napoca - extensia Baia Mare;Baia Mare, Maramures;48;6.89;N/A;3.300 lei;Calculatoare;Public;Acreditat;Tehnologia informaţiei;Calculatoare și tehnologia informației;Științe Inginerești;Examen;28;20
Facultatea de Inginerie;Universitatea Tehnică din Cluj-Napoca - extensia Baia Mare;Baia Mare, Maramures;34;6.55;N/A;3.300 lei;Ingineria Sistemelor Electroenergetice;Public;Acreditat;Ingineria sistemelor electroenergetice;Inginerie energetică;Științe Inginerești;Dosar;24;10
Facultatea de Inginerie;Universitatea Tehnică din Cluj-Napoca - extensia Baia Mare;Baia Mare, Maramures;N/A;N/A;N/A;2.500 lei;Inginerie Minieră;Public;Acreditat;Inginerie minieră;Mine, petrol şi gaze;Științe Inginerești;Examen;0;0
Facultatea de Litere;Universitatea Tehnică din Cluj-Napoca - extensia Baia Mare;Baia Mare, Maramures;30;6.35;N/A;3.300 lei;Teologie Ortodoxă Didactică;Public;Acreditat;Teologie didactică;Teologie;Teologie;Examen;20;10
Facultatea de Inginerie;Universitatea Tehnică din Cluj-Napoca - extensia Baia Mare;Baia Mare, Maramures;27;6.11;N/A;3.300 lei;Robotică;Public;Acreditat;Robotică;Mecatronică și robotică;Științe Inginerești;Dosar;26;1
Facultatea de Litere;Universitatea Tehnică din Cluj-Napoca - extensia Baia Mare;Baia Mare, Maramures;75;6.58;N/A;3.300 lei;Limba și literatura română;Public;Acreditat;Limba şi literatura română;Limbă şi literatură;Științe Umaniste;Dosar;45;30
Facultatea de Litere;Universitatea Tehnică din Cluj-Napoca - extensia Baia Mare;Baia Mare, Maramures;30;6.35;N/A;3.300 lei;Teologie Ortodoxă Pastorală;Public;Acreditat;Teologie pastorală;Teologie;Teologie;Examen;20;10
Facultatea de Științe;Universitatea Tehnică din Cluj-Napoca - extensia Baia Mare;Baia Mare, Maramures;50;8.61;N/A;3.300 lei;Informatică economică;Public;Acreditat;Informatică economică;Informatică economică;Științe Economice;Dosar;25;25
Facultatea de Științe;Universitatea Tehnică din Cluj-Napoca - extensia Baia Mare;Baia Mare, Maramures;70;9.13;N/A;3.300 lei;Economia firmei;Public;Acreditat;Economia firmei;Administrarea afacerilor;Științe Economice;Dosar;16;54
Facultatea de Științe;Universitatea Tehnică din Cluj-Napoca - extensia Baia Mare;Baia Mare, Maramures;145;8.88;N/A;3.300 lei;Management;Public;Acreditat;Management;Management;Științe Economice;Dosar;14;131
Facultatea de Științe;Universitatea Tehnică din Cluj-Napoca - extensia Baia Mare;Baia Mare, Maramures;132;N/A;N/A;3.300 lei;Management (IFR);Public;Acreditat;Management;Management;Științe Economice;Dosar;1;131
Facultatea de Inginerie;Universitatea Tehnică din Cluj-Napoca - extensia Baia Mare;Baia Mare, Maramures;36;6.00;N/A;3.300 lei;Electromecanică;Public;Acreditat;Electromecanică;Inginerie electrică;Științe Inginerești;Dosar;26;10
Facultatea de Litere;Universitatea Tehnică din Cluj-Napoca - extensia Baia Mare;Baia Mare, Maramures;23;6.56;N/A;3.300 lei;Arte plastice (pictură);Public;Acreditat;Arte plastice;Arte vizuale;Arte, Arhitectură și Urbanism ;Examen;15;8
Facultatea de Litere;Universitatea Tehnică din Cluj-Napoca - extensia Baia Mare;Baia Mare, Maramures;23;6.66;N/A;3.300 lei;Etnologie;Public;Acreditat;Etnologie;Studii culturale;Științe Umaniste;Dosar;15;8
Facultatea de Inginerie;Universitatea Tehnică din Cluj-Napoca - extensia Baia Mare;Baia Mare, Maramures;40;6.06;N/A;3.300 lei;Ingineria şi Protecţia Mediului în Industrie;Public;Acreditat;Ingineria şi protecţia mediului în industrie;Ingineria mediului;Științe Inginerești;Dosar;30;10
Facultatea de Litere;Universitatea Tehnică din Cluj-Napoca - extensia Baia Mare;Baia Mare, Maramures;56;8.08;N/A;3.300 lei;Asistență socială;Public;Acreditat;Asistenţă socială;Asistenţă socială;Științe Sociale și Psihologie;Dosar;16;40
Facultatea de Construcţii;Universitatea Tehnică din Cluj-Napoca - extensia Baia Mare;Baia Mare, Maramures;N/A;7.78;N/A;N/A;Măsurători terestre şi cadastru (la Baia Mare);Public;Acreditat;Măsurători terestre şi cadastru;Inginerie geodezică;Științe Inginerești;Dosar;0;0
Facultatea de Științe;Universitatea Tehnică din Cluj-Napoca - extensia Baia Mare;Baia Mare, Maramures;55;6.11;N/A;3.300 lei;Ingineria produselor alimentare;Public;Acreditat;Ingineria produselor alimentare;Ingineria produselor alimentare;Științe Agricole;Dosar;35;20
Facultatea de Construcţii de Maşini;Universitatea Tehnică din Cluj-Napoca - extensia Bistriţa;Bistrita, Bistrita-Nasaud;50;6.35;N/A;3.300 lei;Inginerie economică industrială (la Bistriţa);Public;Acreditat;Inginerie economică industrială;Inginerie și management;Științe Inginerești;Dosar;27;23
Facultatea de Construcţii de Maşini;Universitatea Tehnică din Cluj-Napoca - extensia Bistriţa;Bistrita, Bistrita-Nasaud;40;6.10;N/A;3.300 lei;Robotică (la Bistriţa);Public;Autorizat;Robotică;Mecatronică și robotică;Științe Inginerești;Dosar;30;10
Facultatea de Inginerie Electrică;Universitatea Tehnică din Cluj-Napoca - extensia Bistriţa;Bistrita, Bistrita-Nasaud;63;6.43;N/A;3.400 lei;Inginerie medicală (la Bistrița);Public;Acreditat;Inginerie medicală;Științe inginerești aplicate;Științe Inginerești;Dosar;23;40
Facultatea de Construcţii de Maşini;Universitatea Tehnică din Cluj-Napoca - extensia Bistriţa;Bistrita, Bistrita-Nasaud;60;6.05;N/A;3.300 lei;Maşini-unelte şi sisteme de producţie (la Bistriţa);Public;Acreditat;Maşini-unelte şi sisteme de producţie;Inginerie industrială;Științe Inginerești;Dosar;35;25
Facultatea de Automatică și Calculatoare;Universitatea Tehnică din Cluj-Napoca - extensia Satu Mare;Satu Mare, Satu Mare;40;5.72;N/A;3.300 lei;Automatică şi informatică aplicată (la Satu Mare);Public;Acreditat;Automatică şi informatică aplicată;Ingineria sistemelor și inginerie mecanică;Științe Inginerești;Examen;30;10
Facultatea de Construcţii de Maşini;Universitatea Tehnică din Cluj-Napoca - extensia Satu Mare;Satu Mare, Satu Mare;60;6.22;N/A;3.300 lei;Tehnologia construcţiilor de maşini (la Satu Mare);Public;Acreditat;Tehnologia construcţiilor de maşini;Inginerie industrială;Științe Inginerești;Dosar;35;25
Facultatea de Construcţii de Maşini;Universitatea Tehnică din Cluj-Napoca - extensia Satu Mare;Satu Mare, Satu Mare;40;6.07;N/A;3.300 lei;Inginerie economică industrială (la Satu Mare);Public;Acreditat;Inginerie economică industrială;Inginerie și management;Științe Inginerești;Dosar;25;15
Facultatea de Construcţii de Maşini;Universitatea Tehnică din Cluj-Napoca - extensia Zalău;Zalau, Salaj;50;6.00;N/A;3.300 lei;Tehnologia construcţiilor de maşini (la Zalău);Public;Acreditat;Tehnologia construcţiilor de maşini;Inginerie industrială;Științe Inginerești;Dosar;40;10
Facultatea de Ingineria Materialelor şi a Mediului;Universitatea Tehnică din Cluj-Napoca - extensia Zalău;Zalau, Salaj;26;N/A;N/A;3.300 lei;Ingineria procesării materialelor (la Zalău);Public;Acreditat;Ingineria procesării materialelor;Ingineria materialelor;Științe Inginerești;Dosar;24;2
Facultatea de Construcţii;Universitatea Tehnică din Cluj–Napoca (UTCN);Cluj-Napoca, Cluj;359;7.35;N/A;3.300 lei;Construcţii civile, industriale şi agricole;Public;Acreditat;Construcţii civile, industriale şi agricole;Inginerie civilă;Științe Inginerești;Dosar;304;55
Facultatea de Construcţii;Universitatea Tehnică din Cluj–Napoca (UTCN);Cluj-Napoca, Cluj;40;7.61;N/A;3.300 lei;Inginerie economică în construcţii;Public;Acreditat;Inginerie economică în construcţii;Inginerie și management;Științe Inginerești;Dosar;30;10
Facultatea de Autovehicule rutiere, mecatronică și mecanică;Universitatea Tehnică din Cluj–Napoca (UTCN);Cluj-Napoca, Cluj;N/A;N/A;N/A;3.400 lei;Maşini şi instalaţii pentru agricultură şi industrie alimentară;Public;Acreditat;Maşini şi instalaţii pentru agricultură şi industrie alimentară;Ingineria sistemelor și inginerie mecanică;Științe Inginerești;Dosar;0;0
Facultatea de Electronică, Telecomunicaţii si Tehnologia Informaţiei;Universitatea Tehnică din Cluj–Napoca (UTCN);Cluj-Napoca, Cluj;343;7.80;N/A;3.400 lei;Tehnologii şi sisteme de telecomunicaţii;Public;Acreditat;Tehnologii şi sisteme de telecomunicaţii;Inginerie electronică, telecomunicații și tehnologii informaționale;Științe Inginerești;Examen;267;76
Facultatea de Electronică, Telecomunicaţii si Tehnologia Informaţiei;Universitatea Tehnică din Cluj–Napoca (UTCN);Cluj-Napoca, Cluj;343;7.80;N/A;3.600 lei;Electronică aplicată (în limba engleză);Public;Acreditat;Electronică aplicată;Inginerie electronică, telecomunicații și tehnologii informaționale;Științe Inginerești;Examen;267;76
Facultatea de Inginerie Electrică;Universitatea Tehnică din Cluj–Napoca (UTCN);Cluj-Napoca, Cluj;66;9.24;N/A;3.400 lei;Inginerie medicală;Public;Acreditat;Inginerie medicală;Științe inginerești aplicate;Științe Inginerești;Dosar;43;23
Facultatea de Inginerie Electrică;Universitatea Tehnică din Cluj–Napoca (UTCN);Cluj-Napoca, Cluj;193;7.95;N/A;3.400 lei;Instrumentaţie şi achiziţii de date;Public;Acreditat;Sisteme electrice;Inginerie electrică;Științe Inginerești;Dosar;139;54
Facultatea de Automatică şi Calculatoare;Universitatea Tehnică din Cluj–Napoca (UTCN);Cluj-Napoca, Cluj;283;8.22;N/A;3.500 lei;Automatică și Informatică Aplicată (în limba engleză);Public;Acreditat;Automatică şi informatică aplicată;Ingineria sistemelor și inginerie mecanică;Științe Inginerești;Examen;181;102
Facultatea de Construcţii;Universitatea Tehnică din Cluj–Napoca (UTCN);Cluj-Napoca, Cluj;359;7.35;N/A;3.300 lei;Căi ferate, drumuri şi poduri;Public;Acreditat;Căi ferate, drumuri şi poduri;Inginerie civilă;Științe Inginerești;Dosar;304;55
Facultatea de Construcţii de Maşini;Universitatea Tehnică din Cluj–Napoca (UTCN);Cluj-Napoca, Cluj;258;6.00;N/A;3.500 lei;Tehnologia construcţiilor de maşini (în limba engleză);Public;Autorizat;Tehnologia construcţiilor de maşini;Inginerie industrială;Științe Inginerești;Examen;140;118
Facultatea de Construcţii de Maşini;Universitatea Tehnică din Cluj–Napoca (UTCN);Cluj-Napoca, Cluj;258;6.00;N/A;3.500 lei;Tehnologia construcţiilor de maşini (în limba germană);Public;Acreditat;Tehnologia construcţiilor de maşini;Inginerie industrială;Științe Inginerești;Dosar;140;118
Facultatea de Construcţii de Maşini;Universitatea Tehnică din Cluj–Napoca (UTCN);Cluj-Napoca, Cluj;170;8.68;N/A;3.300 lei;Robotică;Public;Acreditat;Robotică;Mecatronică și robotică;Științe Inginerești;Dosar;84;86
Facultatea de Autovehicule rutiere, mecatronică și mecanică;Universitatea Tehnică din Cluj–Napoca (UTCN);Cluj-Napoca, Cluj;120;N/A;N/A;3.400 lei;Autovehicule rutiere;Public;Acreditat;Autovehicule rutiere;Ingineria autovehiculelor;Științe Inginerești;Examen;100;20
Facultatea de Ingineria Materialelor şi a Mediului;Universitatea Tehnică din Cluj–Napoca (UTCN);Cluj-Napoca, Cluj;75;N/A;N/A;3.400 lei;Ingineria şi protecţia mediului în industrie;Public;Acreditat;Ingineria şi protecţia mediului în industrie;Ingineria mediului;Științe Inginerești;Dosar;65;10
Facultatea de Electronică, Telecomunicaţii si Tehnologia Informaţiei;Universitatea Tehnică din Cluj–Napoca (UTCN);Cluj-Napoca, Cluj;343;7.80;N/A;3.600 lei;Tehnologii şi sisteme de telecomunicaţii (în limba engleză);Public;Acreditat;Tehnologii şi sisteme de telecomunicaţii;Inginerie electronică, telecomunicații și tehnologii informaționale;Științe Inginerești;Examen;267;76
Facultatea de Inginerie Electrică;Universitatea Tehnică din Cluj–Napoca (UTCN);Cluj-Napoca, Cluj;50;6.35;N/A;3.400 lei;Inginerie economică în domeniul electric, electronic și energetic;Public;Autorizat;Inginerie economică industrială;Inginerie și management;Științe Inginerești;Dosar;32;18
Facultatea de Arhitectură şi Urbanism;Universitatea Tehnică din Cluj–Napoca (UTCN);Cluj-Napoca, Cluj;90;7.05;N/A;4.400 lei;Arhitectură;Public;Acreditat;Arhitectură ;Arhitectură;Arte, Arhitectură și Urbanism ;Examen;80;10
Facultatea de Automatică şi Calculatoare;Universitatea Tehnică din Cluj–Napoca (UTCN);Cluj-Napoca, Cluj;396;8.57;N/A;3.500 lei;Calculatoare (în limba engleză);Public;Acreditat;Calculatoare;Calculatoare și tehnologia informației;Științe Inginerești;Examen;313;83
Facultatea de Automatică şi Calculatoare;Universitatea Tehnică din Cluj–Napoca (UTCN);Cluj-Napoca, Cluj;396;8.57;N/A;3.300 lei;Calculatoare;Public;Acreditat;Calculatoare;Calculatoare și tehnologia informației;Științe Inginerești;Examen;313;83
Facultatea de Construcţii;Universitatea Tehnică din Cluj–Napoca (UTCN);Cluj-Napoca, Cluj;359;7.35;N/A;3.300 lei;Amenajări şi construcţii hidrotehnice;Public;Acreditat;Amenajări şi construcţii hidrotehnice;Inginerie civilă;Științe Inginerești;Dosar;304;55
Facultatea de Construcţii;Universitatea Tehnică din Cluj–Napoca (UTCN);Cluj-Napoca, Cluj;50;7.21;N/A;3.300 lei;Măsurători terestre şi cadastru;Public;Acreditat;Măsurători terestre şi cadastru;Inginerie geodezică;Științe Inginerești;Dosar;48;2
Facultatea de Construcţii de Maşini;Universitatea Tehnică din Cluj–Napoca (UTCN);Cluj-Napoca, Cluj;258;6.00;N/A;3.300 lei;Design industrial;Public;Acreditat;Design industrial;Inginerie industrială;Științe Inginerești;Dosar;140;118
Facultatea de Autovehicule rutiere, mecatronică și mecanică;Universitatea Tehnică din Cluj–Napoca (UTCN);Cluj-Napoca, Cluj;N/A;N/A;N/A;3.400 lei;Mecanică fină şi nanotehnologii;Public;Acreditat;Mecanică fină şi nanotehnologii;Ingineria sistemelor și inginerie mecanică;Științe Inginerești;Dosar;0;0
Facultatea de Autovehicule rutiere, mecatronică și mecanică;Universitatea Tehnică din Cluj–Napoca (UTCN);Cluj-Napoca, Cluj;N/A;N/A;N/A;3.400 lei;Mecatronică;Public;Acreditat;Mecatronică;Mecatronică și robotică;Științe Inginerești;Dosar;0;0
Facultatea de Inginerie Electrică;Universitatea Tehnică din Cluj–Napoca (UTCN);Cluj-Napoca, Cluj;193;7.95;N/A;3.400 lei;Electromecanică;Public;Acreditat;Electromecanică;Inginerie electrică;Științe Inginerești;Dosar;139;54
Facultatea de Inginerie Electrică;Universitatea Tehnică din Cluj–Napoca (UTCN);Cluj-Napoca, Cluj;193;7.95;N/A;3.400 lei;Electronică de putere şi acţionări electrice;Public;Acreditat;Electronică de putere şi acţionări electrice;Inginerie electrică;Științe Inginerești;Dosar;139;54
Facultatea de Construcţii de Maşini;Universitatea Tehnică din Cluj–Napoca (UTCN);Cluj-Napoca, Cluj;92;6.31;N/A;3.300 lei;Inginerie economică industrială;Public;Acreditat;Inginerie economică industrială;Inginerie și management;Științe Inginerești;Dosar;62;30
Facultatea de Construcţii de Maşini;Universitatea Tehnică din Cluj–Napoca (UTCN);Cluj-Napoca, Cluj;170;8.68;N/A;3.500 lei;Robotică (în limba engleză);Public;Acreditat;Robotică;Mecatronică și robotică;Științe Inginerești;Examen;84;86
Facultatea de Autovehicule rutiere, mecatronică și mecanică;Universitatea Tehnică din Cluj–Napoca (UTCN);Cluj-Napoca, Cluj;55;N/A;N/A;3.400 lei;Ingineria transporturilor și a traficului;Public;Autorizat;Ingineria transporturilor şi a traficului;Ingineria transporturilor;Științe Inginerești;Dosar;40;15
Facultatea de Electronică, Telecomunicaţii si Tehnologia Informaţiei;Universitatea Tehnică din Cluj–Napoca (UTCN);Cluj-Napoca, Cluj;N/A;N/A;N/A;3.400 lei;Electronică aplicată;Public;Acreditat;Electronică aplicată;Inginerie electronică, telecomunicații și tehnologii informaționale;Științe Inginerești;Examen;0;0
Facultatea de Electronică, Telecomunicaţii si Tehnologia Informaţiei;Universitatea Tehnică din Cluj–Napoca (UTCN);Cluj-Napoca, Cluj;59;6.63;N/A;3.400 lei;Inginerie economică în domeniul electric, electronic şi energetic;Public;Acreditat;Inginerie economică în domeniul electric, electronic şi energetic;Inginerie și management;Științe Inginerești;Examen;53;6
Facultatea de Inginerie Electrică;Universitatea Tehnică din Cluj–Napoca (UTCN);Cluj-Napoca, Cluj;70;6.20;N/A;3.400 lei;Managementul energiei;Public;Acreditat;Managementul energiei;Inginerie energetică;Științe Inginerești;Dosar;50;20
Facultatea de Automatică şi Calculatoare;Universitatea Tehnică din Cluj–Napoca (UTCN);Cluj-Napoca, Cluj;396;8.57;N/A;3.300 lei;Tehnologia informaţiei;Public;Acreditat;Tehnologia informaţiei;Calculatoare și tehnologia informației;Științe Inginerești;Examen;313;83
Facultatea de Automatică şi Calculatoare;Universitatea Tehnică din Cluj–Napoca (UTCN);Cluj-Napoca, Cluj;283;8.22;N/A;3.300 lei;Automatică și Informatică Aplicată;Public;Acreditat;Automatică şi informatică aplicată;Ingineria sistemelor și inginerie mecanică;Științe Inginerești;Examen;181;102
Facultatea de Construcţii;Universitatea Tehnică din Cluj–Napoca (UTCN);Cluj-Napoca, Cluj;359;7.35;N/A;3.500 lei;Construcţii civile, industriale şi agricole (în limba engleză);Public;Acreditat;Construcţii civile, industriale şi agricole;Inginerie civilă;Științe Inginerești;Examen;304;55
Facultatea de Construcţii;Universitatea Tehnică din Cluj–Napoca (UTCN);Cluj-Napoca, Cluj;359;7.35;N/A;3.300 lei;Inginerie urbană şi dezvoltare regională;Public;Acreditat;Inginerie urbană şi dezvoltare regională;Inginerie civilă;Științe Inginerești;Dosar;304;55
Facultatea de Construcţii de Maşini;Universitatea Tehnică din Cluj–Napoca (UTCN);Cluj-Napoca, Cluj;258;6.00;N/A;3.300 lei;Tehnologia construcţiilor de maşini;Public;Acreditat;Tehnologia construcţiilor de maşini;Inginerie industrială;Științe Inginerești;Dosar;140;118
Facultatea de Construcţii de Maşini;Universitatea Tehnică din Cluj–Napoca (UTCN);Cluj-Napoca, Cluj;92;6.31;N/A;3.500 lei;Inginerie economică industrială (în limba engleză);Public;Acreditat;Inginerie economică industrială;Inginerie și management;Științe Inginerești;Examen;62;30
Facultatea de Ingineria Materialelor şi a Mediului;Universitatea Tehnică din Cluj–Napoca (UTCN);Cluj-Napoca, Cluj;100;6.33;N/A;3.400 lei;Ingineria procesării materialelor;Public;Acreditat;Ingineria procesării materialelor;Ingineria materialelor;Științe Inginerești;Dosar;90;10
Facultatea de Autovehicule rutiere, mecatronică și mecanică;Universitatea Tehnică din Cluj–Napoca (UTCN);Cluj-Napoca, Cluj;N/A;N/A;N/A;3.400 lei;Sisteme şi echipamente termice;Public;Acreditat;Sisteme şi echipamente termice;Ingineria sistemelor și inginerie mecanică;Științe Inginerești;Dosar;0;0
Facultatea de Instalaţii;Universitatea Tehnică din Cluj–Napoca (UTCN);Cluj-Napoca, Cluj;176;6.10;N/A;3.300 lei;Instalaţii pentru construcţii;Public;Acreditat;Instalaţii pentru construcţii;Ingineria instalaţiilor;Științe Inginerești;Dosar;151;25
Facultatea de Ingineria Materialelor şi a Mediului;Universitatea Tehnică din Cluj–Napoca (UTCN);Cluj-Napoca, Cluj;N/A;N/A;N/A;3.400 lei;Ştiinţa materialelor;Public;Acreditat;Ştiinţa materialelor;Ingineria materialelor;Științe Inginerești;Dosar;0;0
Facultatea de Inginerie Electrică;Universitatea Tehnică din Cluj–Napoca (UTCN);Cluj-Napoca, Cluj;193;7.95;N/A;3.400 lei;Electrotehnică;Public;Acreditat;Electrotehnică;Inginerie electrică;Științe Inginerești;Dosar;139;54
Facultatea de Urbanism;Universitatea de Arhitectură şi Urbanism "Ion Mincu", Bucureşti;Bucuresti, Bucuresti;60;6.95;2.38;5.000 lei;Proiectare şi planificare urbană;Public;Acreditat;Proiectare şi planificare urbană;Urbanism;Arte, Arhitectură și Urbanism ;Examen;38;22
Facultatea de Arhitectură;Universitatea de Arhitectură şi Urbanism "Ion Mincu", Bucureşti;Bucuresti, Bucuresti;30;7.54;N/A;7.000 lei;Arhitectură (în limba engleză);Public;Autorizat;Arhitectură ;Arhitectură;Arte, Arhitectură și Urbanism ;Examen;15;15
Facultatea de Urbanism;Universitatea de Arhitectură şi Urbanism "Ion Mincu", Bucureşti;Bucuresti, Bucuresti;25;6.02;0.32;3.000 lei;Urbanism şi administrarea teritoriului (la Sibiu);Public;Autorizat;Urbanism și administrarea teritoriului;Urbanism;Arte, Arhitectură și Urbanism ;Examen;11;14
Facultatea de Arhitectură de Interior;Universitatea de Arhitectură şi Urbanism "Ion Mincu", Bucureşti;Bucuresti, Bucuresti;60;6.94;3.85;5.000 lei;Arhitectură de interior;Public;Acreditat;Arhitectură de interior;Arhitectură;Arte, Arhitectură și Urbanism ;Examen;30;30
Facultatea de Arhitectură de Interior;Universitatea de Arhitectură şi Urbanism "Ion Mincu", Bucureşti;Bucuresti, Bucuresti;25;N/A;N/A;3.000 lei;Mobilier şi amenajări interioare;Public;Acreditat;Mobilier şi amenajări interioare;Arhitectură;Arte, Arhitectură și Urbanism ;Examen;15;10
Facultatea de Arhitectură;Universitatea de Arhitectură şi Urbanism "Ion Mincu", Bucureşti;Bucuresti, Bucuresti;286;7.52;1.67;6.000 lei;Arhitectură;Public;Acreditat;Arhitectură ;Arhitectură;Arte, Arhitectură și Urbanism ;Examen;142;144
Facultatea de Arhitectură;Universitatea de Arhitectură şi Urbanism "Ion Mincu", Bucureşti;Bucuresti, Bucuresti;25;7.18;0.36;3.000 lei;Conservare şi restaurare de arhitectură (la Sibiu);Public;Acreditat;Conservare şi restaurare de arhitectură;Arhitectură;Arte, Arhitectură și Urbanism ;Examen;16;9
Facultatea de Arhitectură de Interior;Universitatea de Arhitectură şi Urbanism "Ion Mincu", Bucureşti;Bucuresti, Bucuresti;40;6.23;0.93;5.000 lei;Design de produs;Public;Acreditat;Design de produs;Arhitectură;Arte, Arhitectură și Urbanism ;Examen;22;18
Facultatea de Arte Vizuale şi Design;Universitatea de Arte "George Enescu" din Iaşi;Iasi, Iasi;5;7.58;N/A;4.000 lei;Arte plastice (Sculptură);Public;Acreditat;Arte plastice;Arte vizuale;Arte, Arhitectură și Urbanism ;Examen;5;0
Facultatea de Interpretare, Compoziţie și Studii Muzicale Teoretice;Universitatea de Arte "George Enescu" din Iaşi;Iasi, Iasi;7;N/A;N/A;3.000 lei;Dirijat;Public;Acreditat;Dirijat;Muzică;Arte, Arhitectură și Urbanism ;Examen;4;3
Facultatea de Teatru;Universitatea de Arte "George Enescu" din Iaşi;Iasi, Iasi;9;N/A;N/A;6.000 lei;Artele spectacolului (regie);Public;Acreditat;Artele spectacolului;Teatru şi artele spectacolului;Arte, Arhitectură și Urbanism ;Examen;6;3
Facultatea de Arte Vizuale şi Design;Universitatea de Arte "George Enescu" din Iaşi;Iasi, Iasi;79;N/A;N/A;4.000 lei;Arte plastice (pictură, sculptură, grafică);Public;Acreditat;Arte plastice;Arte vizuale;Arte, Arhitectură și Urbanism ;Examen;52;27
Facultatea de Arte Vizuale şi Design;Universitatea de Arte "George Enescu" din Iaşi;Iasi, Iasi;11;8.13;N/A;4.000 lei;Arte textile - design textil;Public;Autorizat;Arte textile - design textil;Arte vizuale;Arte, Arhitectură și Urbanism ;Examen;6;5
Facultatea de Arte Vizuale şi Design;Universitatea de Arte "George Enescu" din Iaşi;Iasi, Iasi;38;8.25;N/A;4.000 lei;Arte plastice (Grafică);Public;Acreditat;Arte plastice;Arte vizuale;Arte, Arhitectură și Urbanism ;Examen;26;12
Facultatea de Interpretare, Compoziţie și Studii Muzicale Teoretice;Universitatea de Arte "George Enescu" din Iaşi;Iasi, Iasi;5;N/A;N/A;3.000 lei;Muzică religioasă;Public;Acreditat;Muzică religioasă;Muzică;Arte, Arhitectură și Urbanism ;Examen;4;1
Facultatea de Teatru;Universitatea de Arte "George Enescu" din Iaşi;Iasi, Iasi;12;N/A;N/A;2.000 lei;Teatrologie (Management cultural);Public;Acreditat;Teatrologie ;Teatru şi artele spectacolului;Arte, Arhitectură și Urbanism ;Examen;12;0
Facultatea de Teatru;Universitatea de Arte "George Enescu" din Iaşi;Iasi, Iasi;10;7.33;N/A;4.000 lei;Artele spectacolului (coregrafie);Public;Autorizat;Artele spectacolului;Teatru şi artele spectacolului;Arte, Arhitectură și Urbanism ;Examen;10;0
Facultatea de Arte Vizuale şi Design;Universitatea de Arte "George Enescu" din Iaşi;Iasi, Iasi;4;N/A;N/A;4.000 lei;Conservare şi restaurare;Public;Acreditat;Conservare şi restaurare;Arte vizuale;Arte, Arhitectură și Urbanism ;Examen;4;0
Facultatea de Arte Vizuale şi Design;Universitatea de Arte "George Enescu" din Iaşi;Iasi, Iasi;11;7.75;N/A;2.000 lei;Pedagogia artelor plastice şi decorative;Public;Acreditat;Pedagogia artelor plastice şi decorative;Arte vizuale;Arte, Arhitectură și Urbanism ;Examen;8;3
Facultatea de Interpretare, Compoziţie și Studii Muzicale Teoretice;Universitatea de Arte "George Enescu" din Iaşi;Iasi, Iasi;6;N/A;N/A;3.000 lei;Compoziţie muzicală;Public;Acreditat;Compoziţie muzicală;Muzică;Arte, Arhitectură și Urbanism ;Examen;6;0
Facultatea de Interpretare, Compoziţie și Studii Muzicale Teoretice;Universitatea de Arte "George Enescu" din Iaşi;Iasi, Iasi;20;N/A;N/A;4.000 lei;Interpretare muzicală - canto;Public;Acreditat;Interpretare muzicală - canto;Muzică;Arte, Arhitectură și Urbanism ;Examen;15;5
Facultatea de Teatru;Universitatea de Arte "George Enescu" din Iaşi;Iasi, Iasi;7;6.75;N/A;2.000 lei;Teatrologie (Management cultural) (în limba engleza);Public;Acreditat;Teatrologie ;Teatru şi artele spectacolului;Arte, Arhitectură și Urbanism ;Examen;7;0
Facultatea de Arte Vizuale şi Design;Universitatea de Arte "George Enescu" din Iaşi;Iasi, Iasi;40;7.33;N/A;4.500 lei;Design;Public;Acreditat;Design;Arte vizuale;Arte, Arhitectură și Urbanism ;Examen;32;8
Facultatea de Teatru;Universitatea de Arte "George Enescu" din Iaşi;Iasi, Iasi;15;6.50;N/A;4.000 lei;Arta spectacolului (actorie);Public;Acreditat;Teatrologie ;Teatru şi artele spectacolului;Arte, Arhitectură și Urbanism ;Examen;15;0
Facultatea de Arte Vizuale şi Design;Universitatea de Arte "George Enescu" din Iaşi;Iasi, Iasi;22;7.70;N/A;4.000 lei;Arte plastice (Pictură);Public;Acreditat;Arte plastice;Arte vizuale;Arte, Arhitectură și Urbanism ;Examen;14;8
Facultatea de Interpretare, Compoziţie și Studii Muzicale Teoretice;Universitatea de Arte "George Enescu" din Iaşi;Iasi, Iasi;45;N/A;N/A;4.000 lei;Interpretare muzicală - instrumente;Public;Acreditat;Interpretare muzicală - instrumente;Muzică;Arte, Arhitectură și Urbanism ;Examen;40;5
Facultatea de Arte Vizuale şi Design;Universitatea de Arte "George Enescu" din Iaşi;Iasi, Iasi;12;8.85;N/A;4.000 lei;Artă murală;Public;Acreditat;Artă murală;Arte vizuale;Arte, Arhitectură și Urbanism ;Examen;7;5
Facultatea de Arte Vizuale şi Design;Universitatea de Arte "George Enescu" din Iaşi;Iasi, Iasi;3;9.21;N/A;2.000 lei;Istoria şi teoria artei;Public;Acreditat;Istoria şi teoria artei;Arte vizuale;Arte, Arhitectură și Urbanism ;Examen;2;1
Facultatea de Interpretare, Compoziţie și Studii Muzicale Teoretice;Universitatea de Arte "George Enescu" din Iaşi;Iasi, Iasi;17;N/A;N/A;3.000 lei;Pedagogie muzicală;Public;Acreditat;Pedagogie muzicală;Muzică;Arte, Arhitectură și Urbanism ;Examen;14;3
Facultatea de Teatru;Universitatea de Arte "George Enescu" din Iaşi;Iasi, Iasi;10;6.10;N/A;4.000 lei;Arta spectacolului (păpuși - marionete);Public;Acreditat;Teatrologie ;Teatru şi artele spectacolului;Arte, Arhitectură și Urbanism ;Examen;10;0
Facultatea de Interpretare, Compoziţie și Studii Muzicale Teoretice;Universitatea de Arte "George Enescu" din Iaşi;Iasi, Iasi;3;N/A;N/A;3.000 lei;Muzicologie;Public;Acreditat;Muzicologie;Muzică;Arte, Arhitectură și Urbanism ;Examen;2;1
Facultatea de Arte Vizuale şi Design;Universitatea de Arte "George Enescu" din Iaşi;Iasi, Iasi;24;7.67;N/A;4.500 lei;Arte plastice (fotografie- videoprocesarea computerizată a imaginii);Public;Autorizat;Arte plastice;Arte vizuale;Arte, Arhitectură și Urbanism ;Examen;14;10
Facultatea de Arte Vizuale şi Design;Universitatea de Arte "George Enescu" din Iaşi;Iasi, Iasi;9;8.40;N/A;4.000 lei;Modă - design vestimentar;Public;Acreditat;Modă - design vestimentar;Arte vizuale;Arte, Arhitectură și Urbanism ;Examen;7;2
Facultatea de Arte în Limba Română;Universitatea de Arte din Târgu Mureş;Targu Mures, Mures;12;N/A;N/A;3.000 lei;Artele spectacolului (coregrafie);Public;Autorizat;Artele spectacolului;Teatru şi artele spectacolului;Arte, Arhitectură și Urbanism ;Examen;5;7
Facultatea de Arte în Limba Maghiară;Universitatea de Arte din Târgu Mureş;Targu Mures, Mures;12;N/A;N/A;3.000 lei;Artele spectacolului (coregrafie în limba maghiară);Public;Autorizat;Artele spectacolului;Teatru şi artele spectacolului;Arte, Arhitectură și Urbanism ;Examen;5;7
Facultatea de Arte în Limba Română;Universitatea de Arte din Târgu Mureş;Targu Mures, Mures;12;N/A;N/A;3.000 lei;Artele spectacolului (actorie);Public;Acreditat;Artele spectacolului;Teatru şi artele spectacolului;Arte, Arhitectură și Urbanism ;Examen;5;7
Facultatea de Arte în Limba Română;Universitatea de Arte din Târgu Mureş;Targu Mures, Mures;12;N/A;N/A;3.000 lei;Artele spectacolului (păpuşi - marionete);Public;Acreditat;Artele spectacolului;Teatru şi artele spectacolului;Arte, Arhitectură și Urbanism ;Examen;5;7
Facultatea de Arte în Limba Maghiară;Universitatea de Arte din Târgu Mureş;Targu Mures, Mures;12;N/A;N/A;3.000 lei;Artele spectacolului (regie în limba maghiară);Public;Acreditat;Artele spectacolului;Teatru şi artele spectacolului;Arte, Arhitectură și Urbanism ;Examen;5;7
Facultatea de Arte în Limba Română;Universitatea de Arte din Târgu Mureş;Targu Mures, Mures;12;N/A;N/A;3.000 lei;Artele spectacolului (regie);Public;Acreditat;Artele spectacolului;Teatru şi artele spectacolului;Arte, Arhitectură și Urbanism ;Examen;5;7
Facultatea de Arte în Limba Română;Universitatea de Arte din Târgu Mureş;Targu Mures, Mures;12;N/A;N/A;2.000 lei;Pedagogie muzicală;Public;Acreditat;Pedagogie muzicală;Muzică;Arte, Arhitectură și Urbanism ;Examen;5;7
Facultatea de Arte în Limba Română;Universitatea de Arte din Târgu Mureş;Targu Mures, Mures;12;N/A;N/A;2.000 lei;Teatrologie (Jurnalism teatral);Public;Acreditat;Teatrologie ;Teatru şi artele spectacolului;Arte, Arhitectură și Urbanism ;Examen;5;7
Facultatea de Arte în Limba Maghiară;Universitatea de Arte din Târgu Mureş;Targu Mures, Mures;12;N/A;N/A;2.000 lei;Pedagogie muzicală (în limba maghiară);Public;Acreditat;Pedagogie muzicală;Muzică;Arte, Arhitectură și Urbanism ;Examen;5;7
Facultatea de Arte în Limba Maghiară;Universitatea de Arte din Târgu Mureş;Targu Mures, Mures;12;N/A;N/A;3.000 lei;Artele spectacolului (Păpuşi - marionete, în limba maghiară);Public;Acreditat;Artele spectacolului;Teatru şi artele spectacolului;Arte, Arhitectură și Urbanism ;Examen;5;7
Facultatea de Arte în Limba Maghiară;Universitatea de Arte din Târgu Mureş;Targu Mures, Mures;12;N/A;N/A;3.000 lei;Artele spectacolului (actorie în limba maghiară);Public;Acreditat;Artele spectacolului;Teatru şi artele spectacolului;Arte, Arhitectură și Urbanism ;Examen;5;7
Facultatea de Arte în Limba Maghiară;Universitatea de Arte din Târgu Mureş;Targu Mures, Mures;12;N/A;N/A;2.000 lei;Teatrologie (Jurnalism teatral, în limba maghiară);Public;Acreditat;Teatrologie ;Teatru şi artele spectacolului;Arte, Arhitectură și Urbanism ;Examen;5;7
Facultatea de Arte în Limba Maghiară;Universitatea de Arte din Târgu Mureş;Targu Mures, Mures;12;N/A;N/A;2.400 lei;Comunicare audiovizuală - multimedia (în limba maghiară);Public;Autorizat;Comunicare audiovizuală-multimedia;Cinematografie şi media;Arte, Arhitectură și Urbanism ;Examen;5;7
Facultatea de Arte în Limba Maghiară;Universitatea de Arte din Târgu Mureş;Targu Mures, Mures;12;N/A;N/A;3.000 lei;Scenografie şi eveniment artistic (în limba maghiară);Public;Acreditat;Scenografie şi eveniment artistic;Arte vizuale;Arte, Arhitectură și Urbanism ;Examen;5;7
Facultatea de Arte Plastice;Universitatea de Artă şi Design din Cluj-Napoca;Cluj-Napoca, Cluj;19;6.78;N/A;3.800 lei;Arte plastice (sculptură);Public;Acreditat;Arte plastice;Arte vizuale;Arte, Arhitectură și Urbanism ;Examen;9;10
Facultatea de Arte Decorative şi Design;Universitatea de Artă şi Design din Cluj-Napoca;Cluj-Napoca, Cluj;30;7.19;0.57;3.800 lei;Arte textile - design textil;Public;Acreditat;Arte textile - design textil;Arte vizuale;Arte, Arhitectură și Urbanism ;Examen;9;21
Facultatea de Arte Plastice;Universitatea de Artă şi Design din Cluj-Napoca;Cluj-Napoca, Cluj;60;7.55;0.98;3.800 lei;Arte plastice (grafică);Public;Acreditat;Arte plastice;Arte vizuale;Arte, Arhitectură și Urbanism ;Examen;26;34
Facultatea de Arte Plastice;Universitatea de Artă şi Design din Cluj-Napoca;Cluj-Napoca, Cluj;14;8.05;1.00;3.800 lei;Conservare şi restaurare;Public;Acreditat;Conservare şi restaurare;Arte vizuale;Arte, Arhitectură și Urbanism ;Examen;8;6
Facultatea de Arte Decorative şi Design;Universitatea de Artă şi Design din Cluj-Napoca;Cluj-Napoca, Cluj;33;7.31;0.94;3.800 lei;Modă - design vestimentar;Public;Acreditat;Modă - design vestimentar;Arte vizuale;Arte, Arhitectură și Urbanism ;Examen;17;16
Facultatea de Arte Decorative şi Design;Universitatea de Artă şi Design din Cluj-Napoca;Cluj-Napoca, Cluj;47;7.38;1.00;3.800 lei;Design;Public;Acreditat;Design;Arte vizuale;Arte, Arhitectură și Urbanism ;Examen;24;23
Facultatea de Arte Decorative şi Design;Universitatea de Artă şi Design din Cluj-Napoca;Cluj-Napoca, Cluj;30;8.53;0.67;2.450 lei;Istoria şi teoria artei;Public;Autorizat;Istoria şi teoria artei;Arte vizuale;Arte, Arhitectură și Urbanism ;Dosar;10;20
Facultatea de Arte Decorative şi Design;Universitatea de Artă şi Design din Cluj-Napoca;Cluj-Napoca, Cluj;20;7.41;0.45;3.800 lei;Ceramică - sticlă - metal;Public;Acreditat;Ceramică - sticlă - metal;Arte vizuale;Arte, Arhitectură și Urbanism ;Examen;9;11
Facultatea de Arte Plastice;Universitatea de Artă şi Design din Cluj-Napoca;Cluj-Napoca, Cluj;50;7.49;0.70;3.800 lei;Arte plastice (fotografie - videoprocesarea computerizată a imaginii);Public;Acreditat;Arte plastice;Arte vizuale;Arte, Arhitectură și Urbanism ;Examen;17;33
Facultatea de Arte Plastice;Universitatea de Artă şi Design din Cluj-Napoca;Cluj-Napoca, Cluj;28;7.61;0.46;3.800 lei;Pedagogia Artelor Plastice si Decorative;Public;Acreditat;Arte plastice;Arte vizuale;Arte, Arhitectură și Urbanism ;Examen;7;21
Facultatea de Arte Plastice;Universitatea de Artă şi Design din Cluj-Napoca;Cluj-Napoca, Cluj;24;7.99;N/A;3.800 lei;Arte plastice (pictură);Public;Acreditat;Arte plastice;Arte vizuale;Arte, Arhitectură și Urbanism ;Examen;20;4
Facultatea de Moașe și Asistență Medicală;Universitatea de Medicină şi Farmacie "Carol Davila" din Bucureşti;Bucuresti, Bucuresti;108;N/A;N/A;6.000 lei;Moașe;Public;Acreditat;Moașe;Sănătate;Medicină;Examen;108;0
Facultatea de Moașe și Asistență Medicală;Universitatea de Medicină şi Farmacie "Carol Davila" din Bucureşti;Bucuresti, Bucuresti;99;N/A;N/A;6.000 lei;Asistență medicală generală;Public;Acreditat;Asistență medicală generală;Sănătate;Medicină;Examen;95;4
Facultatea de Medicină;Universitatea de Medicină şi Farmacie "Carol Davila" din Bucureşti;Bucuresti, Bucuresti;752;N/A;N/A;9.000 lei;Medicină (în limba engleză);Public;Autorizat;Medicină ;Sănătate;Medicină;Examen;552;200
Facultatea de Medicină;Universitatea de Medicină şi Farmacie "Carol Davila" din Bucureşti;Bucuresti, Bucuresti;850;N/A;N/A;9.000 lei;Medicină;Public;Acreditat;Medicină ;Sănătate;Medicină;Examen;650;200
Facultatea de Medicină Dentară;Universitatea de Medicină şi Farmacie "Carol Davila" din Bucureşti;Bucuresti, Bucuresti;254;N/A;N/A;9.000 lei;Medicină dentară;Public;Acreditat;Medicină dentară ;Sănătate;Medicină;Examen;180;74
Facultatea de Moașe și Asistență Medicală;Universitatea de Medicină şi Farmacie "Carol Davila" din Bucureşti;Bucuresti, Bucuresti;87;N/A;N/A;6.000 lei;Balneofiziokineto-terapie și recuperare;Public;Acreditat;Balneofiziokinetoterapie şi recuperare;Sănătate;Medicină;Examen;75;12
Facultatea de Moașe și Asistență Medicală;Universitatea de Medicină şi Farmacie "Carol Davila" din Bucureşti;Bucuresti, Bucuresti;88;N/A;N/A;6.000 lei;Tehnică Dentară;Public;Acreditat;Tehnică dentară;Sănătate;Medicină;Examen;76;12
Facultatea de Farmacie;Universitatea de Medicină şi Farmacie "Carol Davila" din Bucureşti;Bucuresti, Bucuresti;170;N/A;N/A;9.000 lei;Farmacie;Public;Acreditat;Farmacie ;Sănătate;Medicină;Examen;150;20
Facultatea de Bioinginerie Medicală;Universitatea de Medicină şi Farmacie "Gr. T. Popa" din Iaşi;Iasi, Iasi;113;5.65;0.90;4.000 lei;Balneofiziokinetoterapie şi recuperare;Public;Acreditat;Balneofiziokinetoterapie şi recuperare;Sănătate;Medicină;Examen;74;39
Facultatea de Bioinginerie Medicală;Universitatea de Medicină şi Farmacie "Gr. T. Popa" din Iaşi;Iasi, Iasi;45;N/A;N/A;4.000 lei;Balneofiziokinetoterapie şi recuperare (in engleza);Public;Autorizat;Balneofiziokinetoterapie şi recuperare;Medicină;Medicină;Examen;0;45
Facultatea de Medicină Dentară;Universitatea de Medicină şi Farmacie "Gr. T. Popa" din Iaşi;Iasi, Iasi;73;6.11;0.74;4.000 lei;Tehnică Dentară;Public;Acreditat;Tehnică dentară;Sănătate;Medicină;Examen;34;39
Facultatea de Farmacie;Universitatea de Medicină şi Farmacie "Gr. T. Popa" din Iaşi;Iasi, Iasi;185;5.40;0.41;7.500 lei;Farmacie;Public;Acreditat;Farmacie ;Sănătate;Medicină;Examen;100;85
Facultatea de Medicină;Universitatea de Medicină şi Farmacie "Gr. T. Popa" din Iaşi;Iasi, Iasi;150;N/A;N/A;7.500 lei;Medicină (în limba franceză);Public;Acreditat;Medicină ;Sănătate;Medicină;Examen;0;150
Facultatea de Medicină Dentară;Universitatea de Medicină şi Farmacie "Gr. T. Popa" din Iaşi;Iasi, Iasi;159;7.16;1.00;7.500 lei;Medicină dentară;Public;Acreditat;Medicină dentară ;Sănătate;Medicină;Examen;89;70
Facultatea de Medicină;Universitatea de Medicină şi Farmacie "Gr. T. Popa" din Iaşi;Iasi, Iasi;187;7.63;1.00;5.000 lei;Asistenţă medicală generală;Public;Acreditat;Asistență medicală generală;Sănătate;Medicină;Examen;55;132
Facultatea de Medicină;Universitatea de Medicină şi Farmacie "Gr. T. Popa" din Iaşi;Iasi, Iasi;200;N/A;N/A;7.500 lei;Medicină (în limba engleză);Public;Acreditat;Medicină ;Sănătate;Medicină;Examen;0;200
Facultatea de Medicină Dentară;Universitatea de Medicină şi Farmacie "Gr. T. Popa" din Iaşi;Iasi, Iasi;100;N/A;N/A;7.500 lei;Medicină dentară (în limba franceză);Public;Acreditat;Medicină dentară ;Sănătate;Medicină;Examen;0;100
Facultatea de Medicină;Universitatea de Medicină şi Farmacie "Gr. T. Popa" din Iaşi;Iasi, Iasi;46;7.64;0.80;4.000 lei;Nutriţie şi dietetică;Public;Acreditat;Nutriţie şi dietetică;Sănătate;Medicină;Examen;10;36
Facultatea de Medicină Dentară;Universitatea de Medicină şi Farmacie "Gr. T. Popa" din Iaşi;Iasi, Iasi;70;N/A;N/A;7.500 lei;Medicină dentară (în limba engleză);Public;Acreditat;Medicină dentară ;Sănătate;Medicină;Examen;0;70
Facultatea de Farmacie;Universitatea de Medicină şi Farmacie "Gr. T. Popa" din Iaşi;Iasi, Iasi;70;N/A;N/A;7.500 lei;Farmacie (în limba engleză);Public;Acreditat;Farmacie ;Sănătate;Medicină;Examen;0;70
Facultatea de Medicină;Universitatea de Medicină şi Farmacie "Gr. T. Popa" din Iaşi;Iasi, Iasi;550;8.79;N/A;7.500 lei;Medicină;Public;Acreditat;Medicină ;Sănătate;Medicină;Examen;300;250
Facultatea de Bioinginerie Medicală;Universitatea de Medicină şi Farmacie "Gr. T. Popa" din Iaşi;Iasi, Iasi;82;8.27;1.00;5.000 lei;Bioinginerie;Public;Acreditat;Bioinginerie;Științe inginerești aplicate;Științe Inginerești;Examen;64;18
Facultatea de Medicină;Universitatea de Medicină şi Farmacie "Iuliu Haţieganu" din Cluj-Napoca;Cluj-Napoca, Cluj;50;N/A;N/A;8.100 lei;Radiologie şi imagistică;Public;Acreditat;Radiologie şi imagistică;Sănătate;Medicină;Examen;20;30
Facultatea de Medicină Dentară;Universitatea de Medicină şi Farmacie "Iuliu Haţieganu" din Cluj-Napoca;Cluj-Napoca, Cluj;N/A;N/A;N/A;8.100 lei;Medicină dentară (în limba engleză);Public;Acreditat;Medicină dentară ;Sănătate;Medicină;Examen;0;0
Facultatea de Medicină Dentară;Universitatea de Medicină şi Farmacie "Iuliu Haţieganu" din Cluj-Napoca;Cluj-Napoca, Cluj;50;N/A;N/A;8.100 lei;Tehnică Dentară;Public;Acreditat;Tehnică dentară;Sănătate;Medicină;Examen;30;20
Facultatea de Farmacie;Universitatea de Medicină şi Farmacie "Iuliu Haţieganu" din Cluj-Napoca;Cluj-Napoca, Cluj;50;N/A;N/A;8.100 lei;Nutriţie şi dietetică;Public;Acreditat;Nutriţie şi dietetică;Sănătate;Medicină;Examen;20;30
Facultatea de Farmacie;Universitatea de Medicină şi Farmacie "Iuliu Haţieganu" din Cluj-Napoca;Cluj-Napoca, Cluj;163;7.90;1.10;8.100 lei;Farmacie (în limba franceză);Public;Acreditat;Farmacie ;Sănătate;Medicină;Examen;91;72
Facultatea de Medicină;Universitatea de Medicină şi Farmacie "Iuliu Haţieganu" din Cluj-Napoca;Cluj-Napoca, Cluj;95;N/A;N/A;8.100 lei;Balneofiziokinetoterapie şi recuperare;Public;Acreditat;Balneofiziokinetoterapie şi recuperare;Sănătate;Medicină;Examen;50;45
Facultatea de Medicină;Universitatea de Medicină şi Farmacie "Iuliu Haţieganu" din Cluj-Napoca;Cluj-Napoca, Cluj;320;N/A;N/A;8.100 lei;Medicină;Public;Acreditat;Medicină ;Sănătate;Medicină;Examen;300;20
Facultatea de Medicină Dentară;Universitatea de Medicină şi Farmacie "Iuliu Haţieganu" din Cluj-Napoca;Cluj-Napoca, Cluj;N/A;N/A;N/A;8.100 lei;Medicină dentară (în limba franceză);Public;Acreditat;Medicină dentară ;Sănătate;Medicină;Examen;0;0
Facultatea de Farmacie;Universitatea de Medicină şi Farmacie "Iuliu Haţieganu" din Cluj-Napoca;Cluj-Napoca, Cluj;145;N/A;N/A;8.100 lei;Farmacie (în limba engleză);Public;Acreditat;Farmacie ;Sănătate;Medicină;Examen;95;50
Facultatea de Medicină;Universitatea de Medicină şi Farmacie "Iuliu Haţieganu" din Cluj-Napoca;Cluj-Napoca, Cluj;N/A;N/A;N/A;8.100 lei;Medicină (în limba engleză);Public;Acreditat;Medicină ;Sănătate;Medicină;Examen;0;0
Facultatea de Medicină;Universitatea de Medicină şi Farmacie "Iuliu Haţieganu" din Cluj-Napoca;Cluj-Napoca, Cluj;100;N/A;N/A;8.100 lei;Asistenţă medicală generală;Public;Acreditat;Asistență medicală generală;Sănătate;Medicină;Examen;50;50
Facultatea de Farmacie;Universitatea de Medicină şi Farmacie "Iuliu Haţieganu" din Cluj-Napoca;Cluj-Napoca, Cluj;N/A;N/A;N/A;8.100 lei;Farmacie;Public;Acreditat;Farmacie ;Sănătate;Medicină;Examen;0;0
Facultatea de Medicină;Universitatea de Medicină şi Farmacie "Iuliu Haţieganu" din Cluj-Napoca;Cluj-Napoca, Cluj;N/A;N/A;N/A;8.100 lei;Medicină (în limba franceză);Public;Acreditat;Medicină ;Sănătate;Medicină;Examen;0;0
Facultatea de Medicină Dentară;Universitatea de Medicină şi Farmacie "Iuliu Haţieganu" din Cluj-Napoca;Cluj-Napoca, Cluj;99;N/A;N/A;8.100 lei;Medicină dentară;Public;Acreditat;Medicină dentară ;Sănătate;Medicină;Examen;83;16
Facultatea de Medicină;Universitatea de Medicină şi Farmacie din Târgu Mureş;Targu Mures, Mures;80;N/A;N/A;4.000 lei;Asistenţă medicală generală (în limba maghiară);Public;Acreditat;Asistență medicală generală;Sănătate;Medicină;Examen;20;60
Facultatea de Medicină Dentară;Universitatea de Medicină şi Farmacie din Târgu Mureş;Targu Mures, Mures;60;N/A;N/A;9.000 lei;Medicină dentară;Public;Acreditat;Medicină dentară ;Sănătate;Medicină;Examen;40;20
Facultatea de Medicină Dentară;Universitatea de Medicină şi Farmacie din Târgu Mureş;Targu Mures, Mures;30;N/A;N/A;4.000 lei;Tehnică dentară;Public;Acreditat;Tehnică dentară;Sănătate;Medicină;Examen;20;10
Facultatea de Medicină;Universitatea de Medicină şi Farmacie din Târgu Mureş;Targu Mures, Mures;50;N/A;N/A;4.000 lei;Educaţie fizică şi sportivă;Public;Acreditat;Educaţie fizică şi sportivă;Educaţie fizică şi sport;Ştiinţa Sportului şi Educaţiei Fizice;Examen;25;25
Facultatea de Medicină Dentară;Universitatea de Medicină şi Farmacie din Târgu Mureş;Targu Mures, Mures;60;N/A;N/A;9.000 lei;Medicină dentară (în limba maghiară);Public;Acreditat;Medicină dentară ;Sănătate;Medicină;Examen;40;20
Facultatea de Medicină Dentară;Universitatea de Medicină şi Farmacie din Târgu Mureş;Targu Mures, Mures;30;N/A;N/A;23.000 lei;Medicină dentară (în limba engleză);Public;Autorizat;Medicină dentară ;Sănătate;Medicină;Examen;0;30
Facultatea de Farmacie;Universitatea de Medicină şi Farmacie din Târgu Mureş;Targu Mures, Mures;40;N/A;N/A;4.000 lei;Cosmetică medicală și tehnologia produsului cosmetic;Public;Acreditat;Cosmetică medicală și tehnologia produsului cosmetic;Sănătate;Medicină;Examen;25;15
Facultatea de Farmacie;Universitatea de Medicină şi Farmacie din Târgu Mureş;Targu Mures, Mures;130;N/A;N/A;8.000 lei;Farmacie (în limba maghiară);Public;Acreditat;Farmacie ;Sănătate;Medicină;Examen;40;90
Facultatea de Medicină;Universitatea de Medicină şi Farmacie din Târgu Mureş;Targu Mures, Mures;179;N/A;N/A;6.000 lei;Medicină;Public;Acreditat;Medicină ;Sănătate;Medicină;Examen;149;30
Facultatea de Medicină;Universitatea de Medicină şi Farmacie din Târgu Mureş;Targu Mures, Mures;80;N/A;N/A;4.000 lei;Asistenţă medicală generală;Public;Acreditat;Asistență medicală generală;Sănătate;Medicină;Examen;20;60
Facultatea de Farmacie;Universitatea de Medicină şi Farmacie din Târgu Mureş;Targu Mures, Mures;130;N/A;N/A;8.000 lei;Farmacie;Public;Acreditat;Farmacie ;Sănătate;Medicină;Examen;40;90
Facultatea de Medicină;Universitatea de Medicină şi Farmacie din Târgu Mureş;Targu Mures, Mures;50;N/A;N/A;4.000 lei;Balneofiziokinetoterapie şi recuperare;Public;Acreditat;Balneofiziokinetoterapie şi recuperare;Sănătate;Medicină;Examen;25;25
Facultatea de Medicină;Universitatea de Medicină şi Farmacie din Târgu Mureş;Targu Mures, Mures;170;N/A;N/A;9.000 lei;Medicină (în limba maghiară);Public;Acreditat;Medicină ;Sănătate;Medicină;Examen;140;30
Facultatea de Medicină;Universitatea de Medicină şi Farmacie din Târgu Mureş;Targu Mures, Mures;50;N/A;N/A;4.000 lei;Nutriţie şi dietetică;Public;Acreditat;Nutriţie şi dietetică;Sănătate;Medicină;Examen;25;25
Facultatea de Medicină;Universitatea de Medicină şi Farmacie din Târgu Mureş;Targu Mures, Mures;150;N/A;N/A;23.000 lei;Medicină (în limba engleză);Public;Acreditat;Medicină ;Sănătate;Medicină;Dosar;0;150
Facultatea de Medicină;Universitatea de Medicină și Farmacie "Victor Babeș" din Timișoara;Timisoara, Timis;25;5.39;0.64;5.500 lei;Nutriţie şi dietetică;Public;Autorizat;Nutriţie şi dietetică;Sănătate;Medicină;Examen;15;10
Facultatea de Farmacie;Universitatea de Medicină și Farmacie "Victor Babeș" din Timișoara;Timisoara, Timis;90;5.20;0.39;8.200 lei;Farmacie;Public;Acreditat;Farmacie ;Sănătate;Medicină;Examen;61;29
Facultatea de Medicină;Universitatea de Medicină și Farmacie "Victor Babeș" din Timișoara;Timisoara, Timis;80;5.10;0.65;200 lei;Balneofiziokinetoterapie şi recuperare;Public;Acreditat;Balneofiziokinetoterapie şi recuperare;Sănătate;Medicină;Examen;50;30
Facultatea de Medicină Dentară;Universitatea de Medicină și Farmacie "Victor Babeș" din Timișoara;Timisoara, Timis;90;7.49;1.00;8.200 lei;Medicină dentară;Public;Acreditat;Medicină dentară ;Sănătate;Medicină;Examen;40;50
Facultatea de Medicină - extensie Lugoj;Universitatea de Medicină și Farmacie "Victor Babeș" din Timișoara;Lugoj, Timis;75;6.58;1.00;200 lei;Asistenta medicală generală;Public;Autorizat;Asistenţă medicală generală;Medicină;Medicină;Examen;50;25
Facultatea de Farmacie;Universitatea de Medicină și Farmacie "Victor Babeș" din Timișoara;Timisoara, Timis;60;N/A;N/A;6.000 lei;Farmacie (în limba franceză);Public;Acreditat;Farmacie ;Sănătate;Medicină;Examen;0;60
Facultatea de Medicină;Universitatea de Medicină și Farmacie "Victor Babeș" din Timișoara;Timisoara, Timis;456;8.41;0.95;8.200 lei;Medicină;Public;Acreditat;Medicină ;Sănătate;Medicină;Examen;324;132
Facultatea de Medicină - extensie Deva;Universitatea de Medicină și Farmacie "Victor Babeș" din Timișoara;Deva, Hunedoara;75;N/A;0.64;200 lei;Asistenta medicală generală;Public;Autorizat;Asistenţă medicală generală;Medicină;Medicină;Examen;0;75
Facultatea de Farmacie - extensie Lugoj;Universitatea de Medicină și Farmacie "Victor Babeș" din Timișoara;Lugoj, Timis;40;5.01;0.20;3.000 lei;Asistenta de farmacie;Public;Autorizat;Asistenţă de farmacie;Farmacie;Medicină;Examen;15;25
Facultatea de Medicină;Universitatea de Medicină și Farmacie "Victor Babeș" din Timișoara;Timisoara, Timis;100;9.82;0.86;5.500 lei;Asistenţă medicală generală;Public;Acreditat;Asistență medicală generală;Sănătate;Medicină;Examen;15;85
Facultatea de Medicină;Universitatea de Medicină și Farmacie "Victor Babeș" din Timișoara;Timisoara, Timis;40;N/A;N/A;6.000 lei;Medicină (în limba franceză);Public;Autorizat;Medicină ;Sănătate;Medicină;Examen;0;40
Facultatea de Medicină Dentară;Universitatea de Medicină și Farmacie "Victor Babeș" din Timișoara;Timisoara, Timis;55;8.75;0.96;8.200 lei;Tehnică Dentară;Public;Acreditat;Tehnică dentară;Sănătate;Medicină;Examen;30;25
Facultatea de Medicină Dentară;Universitatea de Medicină și Farmacie din Craiova;Craiova, Dolj;90;N/A;N/A;8.000 lei;Medicină dentară;Public;Acreditat;Medicină dentară ;Sănătate;Medicină;Examen;35;55
Facultatea de Moaşe şi Asistenţă Medicală;Universitatea de Medicină și Farmacie din Craiova;Craiova, Dolj;N/A;N/A;N/A;5.000 lei;Moaşe;Public;Acreditat;Moașe;Sănătate;Medicină;Dosar;0;0
Facultatea de Farmacie;Universitatea de Medicină și Farmacie din Craiova;Craiova, Dolj;105;N/A;N/A;3.200 lei;Farmacie;Public;Acreditat;Farmacie ;Sănătate;Medicină;Examen;30;75
Facultatea de Medicină Dentară;Universitatea de Medicină și Farmacie din Craiova;Craiova, Dolj;45;N/A;N/A;8.000 lei;Tehnică Dentară;Public;Acreditat;Tehnică dentară;Sănătate;Medicină;Examen;10;35
Facultatea de Medicină;Universitatea de Medicină și Farmacie din Craiova;Craiova, Dolj;320;N/A;N/A;8.000 lei;Medicină;Public;Acreditat;Medicină ;Sănătate;Medicină;Examen;245;75
Facultatea de Moaşe şi Asistenţă Medicală;Universitatea de Medicină și Farmacie din Craiova;Craiova, Dolj;110;N/A;N/A;5.000 lei;Asistenţă medicală generală;Public;Acreditat;Asistență medicală generală;Sănătate;Medicină;Examen;35;75
Facultatea de Moaşe şi Asistenţă Medicală;Universitatea de Medicină și Farmacie din Craiova;Craiova, Dolj;30;N/A;N/A;5.000 lei;Balneofiziokinetoterapie şi recuperare;Public;Acreditat;Balneofiziokinetoterapie şi recuperare;Sănătate;Medicină;Examen;20;10
Facultatea de Științe Socio-Umane și Educaţie fizică şi sport;Universitatea de Vest "Vasile Goldiş" din Arad;Arad, Arad;50;N/A;N/A;3.000 lei;Educaţie fizică şi sportivă;Public;Acreditat;Educaţie fizică şi sportivă;Educaţie fizică şi sport;Ştiinţa Sportului şi Educaţiei Fizice;Dosar;0;50
Facultatea de Stiinte Economice, Informatica si Inginerie - extensie Baia Mare;Universitatea de Vest "Vasile Goldiş" din Arad;Baia Mare, Maramures;25;N/A;N/A;3.500 lei;Marketing (la Baia Mare);Public;Acreditat;Marketing;Marketing;Științe Economice;Dosar;0;25
Facultatea de Stiinte Economice, Informatica si Inginerie - extensie Sebis;Universitatea de Vest "Vasile Goldiş" din Arad;Sebis, Arad;50;N/A;N/A;3.500 lei;Economia comertului, turismului si serviciilor (la Sebis);Public;Autorizat;Economia comerţului, turismului şi serviciilor;Administrarea afacerilor;Științe Economice;Dosar;0;50
Facultatea de Stiinte Economice, Informatica si Inginerie - extensie Satu Mare;Universitatea de Vest "Vasile Goldiş" din Arad;Arad, Arad;50;N/A;N/A;3.500 lei;Inginerie si management în alimentatie publica si agroturism (la Satu Mare);Public;Autorizat;Inginerie și management în alimentația publică și agroturism;Inginerie şi management în agricultură și dezvoltare rurală;Științe Inginerești;Dosar;0;50
Facultatea de Ştiințe Juridice;Universitatea de Vest "Vasile Goldiş" din Arad;Arad, Arad;75;N/A;N/A;3.350 lei;Drept;Public;Acreditat;Drept;Drept;Științe Juridice;Dosar;0;75
Facultatea de Ştiinţe Economice, Informatică și Inginerie;Universitatea de Vest "Vasile Goldiş" din Arad;Arad, Arad;100;N/A;N/A;3.350 lei;Contabilitate şi informatică de gestiune (la Satu Mare);Public;Acreditat;Contabilitate şi informatică de gestiune;Contabilitate;Științe Economice;Dosar;0;100
Facultatea de Ştiinţe Economice, Informatică și Inginerie;Universitatea de Vest "Vasile Goldiş" din Arad;Arad, Arad;50;N/A;N/A;3.350 lei;Administrarea afacerilor;Public;Acreditat;Administrarea afacerilor;Administrarea afacerilor;Științe Economice;Dosar;0;50
Facultatea de Medicină Dentară;Universitatea de Vest "Vasile Goldiş" din Arad;Arad, Arad;70;N/A;N/A;13.500 lei;Medicină dentară;Public;Acreditat;Medicină dentară ;Medicină dentară;Medicină;Examen;0;70
Facultatea de Medicină;Universitatea de Vest "Vasile Goldiş" din Arad;Arad, Arad;75;N/A;N/A;23.500 lei;Medicină;Public;Acreditat;Medicină ;Sănătate;Medicină;Examen;0;75
Facultatea de Farmacie;Universitatea de Vest "Vasile Goldiş" din Arad;Arad, Arad;50;N/A;N/A;9.000 lei;Farmacie;Public;Acreditat;Farmacie ;Farmacie;Medicină;Examen;0;50
Facultatea de Ştiinţe Economice, Informatică și Inginerie;Universitatea de Vest "Vasile Goldiş" din Arad;Arad, Arad;50;N/A;N/A;3.350 lei;Silvicultură;Public;Acreditat;Silvicultură;Silvicultură;Științe Agricole;Dosar;0;50
Facultatea de Științe Socio-Umane și Educaţie fizică şi sport;Universitatea de Vest "Vasile Goldiş" din Arad;Arad, Arad;50;N/A;N/A;3.350 lei;Comunicare şi relaţii publice;Public;Acreditat;Comunicare şi relaţii publice;Ştiinţe ale comunicării;Științe Politice și Comunicare;Dosar;0;50
Facultatea de Ştiinţe Economice, Informatică și Inginerie;Universitatea de Vest "Vasile Goldiş" din Arad;Arad, Arad;50;N/A;N/A;3.350 lei;Informatică (IFR);Public;Autorizat;Informatică;Informatică;Științe Exacte;Dosar;0;50
Facultatea de Științe Socio-Umane și Educaţie fizică şi sport;Universitatea de Vest "Vasile Goldiş" din Arad;Arad, Arad;50;N/A;N/A;3.350 lei;Pedagogia învăţământului primar şi preşcolar (la Satu Mare);Public;Autorizat;Pedagogia învăţământului primar şi preşcolar;Științe ale educației;Științe Politice și Comunicare;Examen;0;50
Facultatea de Stiinte Economice, Informatica si Inginerie - extensie Marghita;Universitatea de Vest "Vasile Goldiş" din Arad;Arad, Arad;50;N/A;N/A;3.500 lei;Marketing;Public;Acreditat;Marketing;Marketing;Științe Economice;Dosar;0;50
Facultatea de Ştiinţe Economice, Informatică și Inginerie;Universitatea de Vest "Vasile Goldiş" din Arad;Arad, Arad;25;N/A;N/A;3.350 lei;Marketing (la Baia Mare);Public;Acreditat;Marketing;Marketing;Științe Economice;Dosar;0;25
Facultatea de Medicină;Universitatea de Vest "Vasile Goldiş" din Arad;Arad, Arad;25;N/A;N/A;23.500 lei;Medicină (în limba engleză);Public;Acreditat;Medicină ;Sănătate;Medicină;Examen;25;0
Facultatea de Farmacie;Universitatea de Vest "Vasile Goldiş" din Arad;Arad, Arad;30;N/A;N/A;3.850 lei;Nutriție și dietetică;Public;Autorizat;Nutriţie şi dietetică;Sănătate;Medicină;Examen;0;30
Facultatea de Medicină Dentară;Universitatea de Vest "Vasile Goldiş" din Arad;Arad, Arad;30;N/A;N/A;5.500 lei;Tehnică Dentară;Public;Acreditat;Tehnică dentară;Medicină dentară;Medicină;Examen;0;30
Facultatea de Ştiinţe Economice, Informatică și Inginerie;Universitatea de Vest "Vasile Goldiş" din Arad;Arad, Arad;30;N/A;N/A;3.350 lei;Marketing (la Zalău);Public;Acreditat;Marketing;Marketing;Științe Economice;Dosar;0;30
Facultatea de Științe Socio-Umane și Educaţie fizică şi sport - extensie Zalau;Universitatea de Vest "Vasile Goldiş" din Arad;Zalau, Salaj;50;N/A;N/A;3.350 lei;Pedagogia învatamântului primar si prescolar (la Zalau);Public;Autorizat;Pedagogia învăţământului primar şi preşcolar;Științe ale educației;Științe Politice și Comunicare;Examen;0;50
Facultatea de Științe Socio-Umane și Educaţie fizică şi sport;Universitatea de Vest "Vasile Goldiş" din Arad;Arad, Arad;50;N/A;N/A;3.350 lei;Psihologie;Public;Autorizat;Psihologie;Psihologie;Științe Sociale și Psihologie;Dosar;0;50
Facultatea de Științe Socio-Umane și Educaţie fizică şi sport - extensie Satu Mare;Universitatea de Vest "Vasile Goldiş" din Arad;Satu Mare, Satu Mare;50;N/A;N/A;3.000 lei;Pedagogia învatamântului primar si prescolar (la Satu Mare);Public;Autorizat;Pedagogia învăţământului primar şi preşcolar;Științe ale educației;Științe Politice și Comunicare;Dosar;0;50
Facultatea de Stiinte Economice, Informatica si Inginerie - extensie Zalău;Universitatea de Vest "Vasile Goldiş" din Arad;Arad, Arad;30;N/A;N/A;3.500 lei;Marketing;Public;Acreditat;Marketing;Marketing;Științe Economice;Dosar;0;30
Facultatea de Stiinte Economice, Informatica si Inginerie - extensie Baia Mare;Universitatea de Vest "Vasile Goldiş" din Arad;Baia Mare, Maramures;50;N/A;N/A;3.500 lei;Geografia turismului;Public;Acreditat;Geografia turismului;Geografie;Științe ale Naturii;Dosar;0;50
Facultatea de Medicină;Universitatea de Vest "Vasile Goldiş" din Arad;Arad, Arad;20;N/A;N/A;23.500 lei;Medicină (în limba franceză);Public;Acreditat;Medicină ;Sănătate;Medicină;Examen;0;20
Facultatea de Ştiinţe Economice, Informatică și Inginerie;Universitatea de Vest "Vasile Goldiş" din Arad;Arad, Arad;50;N/A;N/A;3.350 lei;Inginerie și management în alimentație publică și agroturism (la Satu Mare);Public;Autorizat;Inginerie şi management în alimentaţia publică şi agroturism;Inginerie şi management în agricultură și dezvoltare rurală;Științe Agricole;Dosar;0;50
Facultatea de Ştiinţe Economice, Informatică și Inginerie;Universitatea de Vest "Vasile Goldiş" din Arad;Arad, Arad;50;N/A;N/A;3.350 lei;Marketing;Public;Acreditat;Marketing;Marketing;Științe Economice;Dosar;0;50
Facultatea de Ştiinţe Economice, Informatică și Inginerie;Universitatea de Vest "Vasile Goldiş" din Arad;Arad, Arad;50;N/A;N/A;3.350 lei;Contabilitate şi informatică de gestiune (la Baia Mare);Public;Autorizat;Contabilitate şi informatică de gestiune;Contabilitate;Științe Economice;Dosar;0;50
Facultatea de Ştiinţe Economice, Informatică și Inginerie;Universitatea de Vest "Vasile Goldiş" din Arad;Arad, Arad;10;N/A;N/A;3.350 lei;Administrarea afacerilor (în limba engleză);Public;Acreditat;Administrarea afacerilor;Administrarea afacerilor;Științe Economice;Dosar;0;10
Facultatea de Științe Socio-Umane și Educaţie fizică şi sport;Universitatea de Vest "Vasile Goldiş" din Arad;Arad, Arad;50;N/A;N/A;3.350 lei;Pedagogia învăţământului primar şi preşcolar;Public;Acreditat;Pedagogia învăţământului primar şi preşcolar;Științe ale educației;Științe Politice și Comunicare;Examen;0;50
Facultatea de Științe Socio-Umane și Educaţie fizică şi sport;Universitatea de Vest "Vasile Goldiş" din Arad;Arad, Arad;40;N/A;N/A;3.350 lei;Istorie;Public;Acreditat;Istorie;Istorie;Științe Umaniste;Dosar;0;40
Facultatea de Științe Socio-Umane și Educaţie fizică şi sport;Universitatea de Vest "Vasile Goldiş" din Arad;Arad, Arad;50;N/A;N/A;3.350 lei;Resurse umane;Public;Autorizat;Resurse umane;Sociologie;Științe Sociale și Psihologie;Dosar;0;50
Facultatea de Științe Socio-Umane și Educaţie fizică şi sport - extensie Baia Mare;Universitatea de Vest "Vasile Goldiş" din Arad;Baia Mare, Maramures;50;N/A;N/A;3.000 lei;Pedagogia învatamântului primar si prescolar (la Baia Mare);Public;Autorizat;Pedagogia învăţământului primar şi preşcolar;Științe ale educației;Științe Politice și Comunicare;Dosar;0;50
Facultatea de Stiinte Economice, Informatica si Inginerie - extensie Satu Mare;Universitatea de Vest "Vasile Goldiş" din Arad;Arad, Arad;100;N/A;N/A;3.500 lei;Contabilitate si informatica de gestiune (la Satu Mare);Public;Acreditat;Contabilitate şi informatică de gestiune;Contabilitate;Științe Economice;Dosar;0;100
Facultatea de Medicină;Universitatea de Vest "Vasile Goldiş" din Arad;Arad, Arad;40;N/A;N/A;3.850 lei;Balneofiziokinetoterapie şi recuperare;Public;Acreditat;Balneofiziokinetoterapie şi recuperare;Sănătate;Medicină;Examen;0;40
Facultatea de Științe Socio-Umane și Educaţie fizică şi sport;Universitatea de Vest "Vasile Goldiş" din Arad;Arad, Arad;50;N/A;N/A;3.350 lei;Asistenţă socială;Public;Acreditat;Asistenţă socială;Asistenţă socială;Științe Sociale și Psihologie;Dosar;0;50
Facultatea de Ştiinţe Economice, Informatică și Inginerie;Universitatea de Vest "Vasile Goldiş" din Arad;Arad, Arad;30;N/A;N/A;3.350 lei;Managementul dezvoltării rurale durabile (la Baia Mare);Public;Autorizat;Managementul dezvoltării rurale durabile;Management;Științe Economice;Dosar;0;30
Facultatea de Științe Socio-Umane și Educaţie fizică şi sport;Universitatea de Vest "Vasile Goldiş" din Arad;Arad, Arad;50;N/A;N/A;3.350 lei;Relaţii internaţionale şi studii europene;Public;Acreditat;Relaţii internaţionale şi studii europene;Relații internaționale și studii europene;Științe Politice și Comunicare;Dosar;0;50
Facultatea de Ştiinţe Economice, Informatică și Inginerie;Universitatea de Vest "Vasile Goldiş" din Arad;Arad, Arad;50;N/A;N/A;3.350 lei;Marketing (la Marghita);Public;Acreditat;Marketing;Marketing;Științe Economice;Dosar;0;50
Facultatea de Ştiinţe Economice, Informatică și Inginerie;Universitatea de Vest "Vasile Goldiş" din Arad;Arad, Arad;60;N/A;N/A;3.350 lei;Geografia turismului (la Baia Mare);Public;Acreditat;Geografia turismului;Geografie;Științe ale Naturii;Dosar;0;60
Facultatea de Științe Socio-Umane și Educaţie fizică şi sport;Universitatea de Vest "Vasile Goldiş" din Arad;Arad, Arad;50;N/A;N/A;3.350 lei;Limbi moderne aplicate (câte două limbi străine dintre: engleză, franceză şi germană);Public;Acreditat;Limbi moderne aplicate;Limbi moderne aplicate;Științe Umaniste;Dosar;0;50
Facultatea de Științe Socio-Umane și Educaţie fizică şi sport;Universitatea de Vest "Vasile Goldiş" din Arad;Arad, Arad;30;N/A;N/A;3.350 lei;Limba si literatura chineza - Limba si literatura engleza;Public;Autorizat;Limbi moderne aplicate;Limbi moderne aplicate;Științe Umaniste;Dosar;0;30
Facultatea de Științe Socio-Umane și Educaţie fizică şi sport - extensie Satu Mare;Universitatea de Vest "Vasile Goldiş" din Arad;Satu Mare, Satu Mare;50;N/A;N/A;3.000 lei;Relaţii internaţionale şi studii europene (la Satu mare);Public;Autorizat;Relaţii internaţionale şi studii europene;Relații internaționale și studii europene;Științe Politice și Comunicare;Dosar;0;50
Facultatea de Stiinte Economice, Informatica si Inginerie - extensie Satu Mare;Universitatea de Vest "Vasile Goldiş" din Arad;Arad, Arad;75;N/A;N/A;3.500 lei;Marketing (la Satu Mare);Public;Acreditat;Marketing;Marketing;Științe Economice;Dosar;0;75
Facultatea de Stiinte Economice, Informatica si Inginerie - extensie Baia Mare;Universitatea de Vest "Vasile Goldiş" din Arad;Baia Mare, Maramures;50;N/A;N/A;3.500 lei;Contabilitate si informatica de gestiune (la Baia Mare);Public;Acreditat;Contabilitate şi informatică de gestiune;Contabilitate;Științe Economice;Dosar;0;50
Facultatea de Ştiinţe Economice, Informatică și Inginerie;Universitatea de Vest "Vasile Goldiş" din Arad;Arad, Arad;75;N/A;N/A;3.350 lei;Marketing (la Satu Mare);Public;Acreditat;Marketing;Marketing;Științe Economice;Dosar;0;75
Facultatea de Ştiinţe Economice, Informatică și Inginerie;Universitatea de Vest "Vasile Goldiş" din Arad;Arad, Arad;75;N/A;N/A;3.350 lei;Informatică;Public;Autorizat;Informatică;Informatică;Științe Exacte;Dosar;0;75
Facultatea de Ştiinţe Economice, Informatică și Inginerie;Universitatea de Vest "Vasile Goldiş" din Arad;Arad, Arad;50;N/A;N/A;3.350 lei;Economia comerţului, turismului şi serviciilor (la Sebiş);Public;Acreditat;Economia comerţului, turismului şi serviciilor;Administrarea afacerilor;Științe Economice;Dosar;0;50
Facultatea de Ştiinţe Economice, Informatică și Inginerie;Universitatea de Vest "Vasile Goldiş" din Arad;Arad, Arad;50;N/A;N/A;3.350 lei;Contabilitate şi informatică de gestiune;Public;Acreditat;Contabilitate şi informatică de gestiune;Contabilitate;Științe Economice;Dosar;0;50
Facultatea de Științe Socio-Umane și Educaţie fizică şi sport;Universitatea de Vest "Vasile Goldiş" din Arad;Arad, Arad;50;N/A;N/A;3.350 lei;Pedagogia învăţământului primar şi preşcolar (la Baia Mare);Public;Autorizat;Pedagogia învăţământului primar şi preşcolar;Științe ale educației;Științe Politice și Comunicare;Examen;0;50
Facultatea de Științe Socio-Umane și Educaţie fizică şi sport;Universitatea de Vest "Vasile Goldiş" din Arad;Arad, Arad;50;N/A;N/A;3.350 lei;Relaţii internaţionale şi studii europene (la Satu mare);Public;Autorizat;Relaţii internaţionale şi studii europene;Relații internaționale și studii europene;Științe Politice și Comunicare;Dosar;0;50
Facultatea de Medicină;Universitatea de Vest "Vasile Goldiş" din Arad;Arad, Arad;40;N/A;N/A;3.350 lei;Biologie;Public;Acreditat;Biologie;Biologie;Științe ale Naturii;Dosar;0;40
Facultatea de Chimie, Biologie, Geografie;Universitatea de Vest din Timişoara (UVT);Timisoara, Timis;38;N/A;N/A;3.000 lei;Ecologia si protectia mediului;Public;Acreditat;Ecologie şi protecţia mediului;Ştiinţa mediului;Științe ale Naturii;Examen;14;24
Facultatea de Educaţie Fizică şi Sport;Universitatea de Vest din Timişoara (UVT);Timisoara, Timis;N/A;N/A;N/A;3.000 lei;Educație fizică și sportivă;Public;Acreditat;Educaţie fizică şi sportivă;Educaţie fizică şi sport;Ştiinţa Sportului şi Educaţiei Fizice;Examen;0;0
Facultatea de Economie şi de Administrare a Afacerilor;Universitatea de Vest din Timişoara (UVT);Timisoara, Timis;100;N/A;N/A;2.700 lei;Management (ID);Public;Acreditat;Management;Management;Științe Economice;Dosar;0;100
Facultatea de Arte şi Design;Universitatea de Vest din Timişoara (UVT);Timisoara, Timis;40;N/A;N/A;3.300 lei;Arte plastice-Fotografie-videoprocesarea computerizata a imaginii;Public;Acreditat;Arte decorative;Arte vizuale;Arte, Arhitectură și Urbanism ;Examen;12;28
Facultatea de Chimie, Biologie, Geografie;Universitatea de Vest din Timişoara (UVT);Timisoara, Timis;53;N/A;N/A;3.000 lei;Biochimie;Public;Acreditat;Biochimie;Biochimie;Științe ale Naturii;Examen;25;28
Facultatea de Muzică și Teatru;Universitatea de Vest din Timişoara (UVT);Timisoara, Timis;36;N/A;N/A;10.000 lei;Muzică;Public;Acreditat;Pedagogie muzicală;Muzică;Arte, Arhitectură și Urbanism ;Examen;18;18
Facultatea de Ştiinţe Politice, Filosofie şi Ştiinţe ale Comunicării;Universitatea de Vest din Timişoara (UVT);Timisoara, Timis;80;N/A;N/A;3.000 lei;Jurnalism;Public;Acreditat;Jurnalism;Ştiinţe ale comunicării;Științe Politice și Comunicare;Examen;21;59
Facultatea de Ştiinţe Politice, Filosofie şi Ştiinţe ale Comunicării;Universitatea de Vest din Timişoara (UVT);Timisoara, Timis;25;N/A;N/A;3.000 lei;Filosofie;Public;Acreditat;Filosofie;Filosofie;Științe Umaniste;Examen;16;9
Facultatea de Ştiinţe Politice, Filosofie şi Ştiinţe ale Comunicării;Universitatea de Vest din Timişoara (UVT);Timisoara, Timis;100;N/A;N/A;3.000 lei;Administrație publică;Public;Acreditat;Administraţie publică;Ştiinţe administrative;Științe Politice și Comunicare;Examen;21;79
Facultatea de Litere, Istorie şi Teologie;Universitatea de Vest din Timişoara (UVT);Timisoara, Timis;375;N/A;N/A;3.000 lei;Limba şi literatura franceză – Limbi şi literaturi moderne (engleză, germană, spaniolă, italiană) / Limbă şi literatură latină / Limbă şi literatură română;Public;Acreditat;Limba şi literatura modernă;Limbă şi literatură;Științe Umaniste;Examen;194;181
Facultatea de Fizică;Universitatea de Vest din Timişoara (UVT);Timisoara, Timis;33;N/A;N/A;3.000 lei;Fizică medicală;Public;Acreditat;Fizică medicală;Fizică;Științe Exacte;Examen;15;18
Facultatea de Litere, Istorie şi Teologie;Universitatea de Vest din Timişoara (UVT);Timisoara, Timis;25;N/A;N/A;3.000 lei;Studii Culturale;Public;Acreditat;Studii culturale;Studii culturale;Științe Umaniste;Examen;10;15
Facultatea de Economie şi de Administrare a Afacerilor;Universitatea de Vest din Timişoara (UVT);Timisoara, Timis;N/A;N/A;N/A;2.700 lei;Finanțe și bănci (ID);Public;Acreditat;Finanţe şi bănci;Finanţe;Științe Economice;Dosar;0;0
Facultatea de Ştiinţe Politice, Filosofie şi Ştiinţe ale Comunicării;Universitatea de Vest din Timişoara (UVT);Timisoara, Timis;N/A;N/A;N/A;3.000 lei;Științe ale Informării și Documentării;Public;Acreditat;Științe ale informării și documentării;Ştiinţe ale comunicării;Științe Politice și Comunicare;Dosar;0;0
Facultatea de Economie şi de Administrare a Afacerilor;Universitatea de Vest din Timişoara (UVT);Timisoara, Timis;200;N/A;N/A;3.000 lei;Contabilitate și Informatică de Gestiune;Public;Acreditat;Contabilitate şi informatică de gestiune;Contabilitate;Științe Economice;Examen;90;110
Facultatea de Economie şi de Administrare a Afacerilor;Universitatea de Vest din Timişoara (UVT);Timisoara, Timis;75;N/A;N/A;3.000 lei;Economie Generală și Comunicare Economică;Public;Acreditat;Economie generală şi comunicare economică;Economie;Științe Economice;Examen;22;53
Facultatea de Educaţie Fizică şi Sport;Universitatea de Vest din Timişoara (UVT);Timisoara, Timis;N/A;N/A;N/A;3.000 lei;Sport și performanță motrică;Public;Autorizat;Sport şi performanţă motrică;Educaţie fizică şi sport;Ştiinţa Sportului şi Educaţiei Fizice;Examen;0;0
Facultatea de Economie şi de Administrare a Afacerilor;Universitatea de Vest din Timişoara (UVT);Timisoara, Timis;50;N/A;N/A;3.000 lei;Management (în limba franceză);Public;Acreditat;Management;Management;Științe Economice;Examen;11;39
Facultatea de Economie şi de Administrare a Afacerilor;Universitatea de Vest din Timişoara (UVT);Timisoara, Timis;200;N/A;N/A;3.000 lei;Finanțe și Bănci;Public;Acreditat;Finanţe şi bănci;Finanţe;Științe Economice;Examen;90;110
Facultatea de Chimie, Biologie, Geografie;Universitatea de Vest din Timişoara (UVT);Timisoara, Timis;44;N/A;N/A;3.000 lei;Planificare teritorială;Public;Acreditat;Planificare teritorială;Geografie;Științe ale Naturii;Examen;21;23
Facultatea de Chimie, Biologie, Geografie;Universitatea de Vest din Timişoara (UVT);Timisoara, Timis;92;N/A;N/A;3.000 lei;Chimie;Public;Acreditat;Chimie;Chimie;Științe Exacte;Examen;31;61
Facultatea de Matematică şi Informatică;Universitatea de Vest din Timişoara (UVT);Timisoara, Timis;150;N/A;N/A;3.000 lei;Informatică aplicată;Public;Acreditat;Informatică aplicată;Informatică;Științe Exacte;Examen;40;110
Facultatea de Matematică şi Informatică;Universitatea de Vest din Timişoara (UVT);Timisoara, Timis;N/A;N/A;N/A;3.000 lei;Matematică;Public;Acreditat;Matematică;Matematică;Științe Exacte;Examen;0;0
Facultatea de Sociologie și Psihologie;Universitatea de Vest din Timişoara (UVT);Timisoara, Timis;50;N/A;N/A;3.000 lei;Științe ale Educației - Psihopedagogie Specială;Public;Acreditat;Psihopedagogie specială;Științe ale educației;Științe Politice și Comunicare;Examen;20;30
Facultatea de Sociologie și Psihologie;Universitatea de Vest din Timişoara (UVT);Timisoara, Timis;100;N/A;N/A;3.000 lei;Sociologie - Resurse umane;Public;Autorizat;Resurse umane;Sociologie;Științe Sociale și Psihologie;Examen;25;75
Facultatea de Muzică și Teatru;Universitatea de Vest din Timişoara (UVT);Timisoara, Timis;32;N/A;N/A;10.000 lei;Artele Spectacolului Actorie;Public;Acreditat;Artele spectacolului;Teatru şi artele spectacolului;Arte, Arhitectură și Urbanism ;Examen;16;16
Facultatea de Litere, Istorie şi Teologie;Universitatea de Vest din Timişoara (UVT);Timisoara, Timis;375;N/A;N/A;3.000 lei;Limba şi literatura română – Limbi şi literaturi moderne (engleză, franceză, germană, spaniolă, italiană) / Limba şi literatura latină;Public;Acreditat;Limba şi literatura română;Limbă şi literatură;Științe Umaniste;Examen;194;181
Facultatea de Litere, Istorie şi Teologie;Universitatea de Vest din Timişoara (UVT);Timisoara, Timis;375;N/A;N/A;3.000 lei;Limba şi literatura sârbă şi croată – Limbi şi literaturi moderne (engleză, franceză, germană, spaniolă, italiană) / Limbă şi literatură latină / Limbă şi literatură română;Public;Acreditat;Limbă şi literatură;Limbă şi literatură;Științe Umaniste;Examen;194;181
Facultatea de Litere, Istorie şi Teologie;Universitatea de Vest din Timişoara (UVT);Timisoara, Timis;40;N/A;N/A;3.000 lei;Teologie Ortodoxă Pastorală;Public;Acreditat;Teologie pastorală;Teologie;Teologie;Examen;15;25
Facultatea de Economie şi de Administrare a Afacerilor;Universitatea de Vest din Timişoara (UVT);Timisoara, Timis;100;N/A;N/A;3.000 lei;Economie și Afaceri Internaționale;Public;Acreditat;Economie şi afaceri internaţionale;Economie şi afaceri internaţionale;Științe Economice;Examen;38;62
Facultatea de Economie şi de Administrare a Afacerilor;Universitatea de Vest din Timişoara (UVT);Timisoara, Timis;100;N/A;N/A;3.000 lei;Contabilitate și informatică de gestiune (ID);Public;Acreditat;Contabilitate şi informatică de gestiune;Contabilitate;Științe Economice;Dosar;0;100
Facultatea de Arte şi Design;Universitatea de Vest din Timişoara (UVT);Timisoara, Timis;100;N/A;N/A;3.300 lei;Arte plastice – Pictură, Grafică, Sculptură;Public;Acreditat;Arte plastice;Arte vizuale;Arte, Arhitectură și Urbanism ;Examen;38;62
Facultatea de Arte şi Design;Universitatea de Vest din Timişoara (UVT);Timisoara, Timis;15;N/A;N/A;3.300 lei;Conservare și Restaurare;Public;Acreditat;Conservare şi restaurare;Arte vizuale;Arte, Arhitectură și Urbanism ;Examen;8;7
Facultatea de Chimie, Biologie, Geografie;Universitatea de Vest din Timişoara (UVT);Timisoara, Timis;44;N/A;N/A;3.000 lei;Geografie;Public;Acreditat;Geografie;Geografie;Științe ale Naturii;Examen;22;22
Facultatea de Muzică și Teatru;Universitatea de Vest din Timişoara (UVT);Timisoara, Timis;50;N/A;N/A;10.000 lei;Interpretare Muzicală - Instrumente;Public;Acreditat;Interpretare muzicală - instrumente;Muzică;Arte, Arhitectură și Urbanism ;Examen;25;25
Facultatea de Matematică şi Informatică;Universitatea de Vest din Timişoara (UVT);Timisoara, Timis;125;N/A;N/A;3.000 lei;Matematică - Informatică;Public;Acreditat;Matematică informatică;Matematică;Științe Exacte;Examen;40;85
Facultatea de Matematică şi Informatică;Universitatea de Vest din Timişoara (UVT);Timisoara, Timis;125;N/A;N/A;3.000 lei;Matematici aplicate;Public;Acreditat;Matematici aplicate;Matematică;Științe Exacte;Examen;40;85
Facultatea de Sociologie și Psihologie;Universitatea de Vest din Timişoara (UVT);Timisoara, Timis;50;N/A;N/A;2.700 lei;Asistenţă Socială (ID);Public;Acreditat;Asistenţă socială;Asistenţă socială;Științe Sociale și Psihologie;Examen;0;50
Facultatea de Muzică și Teatru;Universitatea de Vest din Timişoara (UVT);Timisoara, Timis;10;N/A;N/A;10.000 lei;Artele Spectacolului Actorie (în limba germană);Public;Acreditat;Artele spectacolului;Teatru şi artele spectacolului;Arte, Arhitectură și Urbanism ;Examen;6;4
Facultatea de Ştiinţe Politice, Filosofie şi Ştiinţe ale Comunicării;Universitatea de Vest din Timişoara (UVT);Timisoara, Timis;60;N/A;N/A;3.000 lei;Publicitate;Public;Autorizat;Publicitate;Ştiinţe ale comunicării;Științe Politice și Comunicare;Examen;20;40
Facultatea de Litere, Istorie şi Teologie;Universitatea de Vest din Timişoara (UVT);Timisoara, Timis;375;N/A;N/A;3.000 lei;Filologie clasică – Limba şi literatura română / Limba şi literatura modernă (engleză, franceză, germană, spaniolă, italiană);Public;Acreditat;Filologie clasică;Filologie;Științe Umaniste;Examen;194;181
Facultatea de Fizică;Universitatea de Vest din Timişoara (UVT);Timisoara, Timis;26;N/A;N/A;3.000 lei;Fizică;Public;Acreditat;Fizică;Fizică;Științe Exacte;Examen;14;12
Facultatea de Litere, Istorie şi Teologie;Universitatea de Vest din Timişoara (UVT);Timisoara, Timis;50;N/A;N/A;3.000 lei;Istorie;Public;Acreditat;Istorie;Istorie;Științe Umaniste;Examen;37;13
Facultatea de Educaţie Fizică şi Sport;Universitatea de Vest din Timişoara (UVT);Timisoara, Timis;N/A;N/A;N/A;3.000 lei;Educație Fizică și Sportivă - IFR;Public;Acreditat;Educaţie fizică şi sportivă;Educaţie fizică şi sport;Ştiinţa Sportului şi Educaţiei Fizice;Examen;0;0
Facultatea de Economie şi de Administrare a Afacerilor;Universitatea de Vest din Timişoara (UVT);Timisoara, Timis;200;N/A;N/A;3.000 lei;Management;Public;Acreditat;Management;Management;Științe Economice;Examen;74;126
Facultatea de Economie şi de Administrare a Afacerilor;Universitatea de Vest din Timişoara (UVT);Timisoara, Timis;129;N/A;N/A;3.000 lei;Marketing;Public;Acreditat;Marketing;Marketing;Științe Economice;Examen;50;79
Facultatea de Arte şi Design;Universitatea de Vest din Timişoara (UVT);Timisoara, Timis;30;N/A;N/A;3.300 lei;Arte Decorative;Public;Autorizat;Arte decorative;Arte vizuale;Arte, Arhitectură și Urbanism ;Examen;10;20
Facultatea de Chimie, Biologie, Geografie;Universitatea de Vest din Timişoara (UVT);Timisoara, Timis;53;N/A;N/A;3.000 lei;Biologie;Public;Acreditat;Biologie;Biologie;Științe ale Naturii;Examen;25;28
Facultatea de Arte şi Design;Universitatea de Vest din Timişoara (UVT);Timisoara, Timis;75;N/A;N/A;3.300 lei;Design;Public;Acreditat;Design;Arte vizuale;Arte, Arhitectură și Urbanism ;Examen;32;43
Facultatea de Chimie, Biologie, Geografie;Universitatea de Vest din Timişoara (UVT);Timisoara, Timis;92;N/A;N/A;3.000 lei;Chimie medicală;Public;Autorizat;Chimie medicală;Chimie;Științe Exacte;Examen;31;61
Facultatea de Sociologie și Psihologie;Universitatea de Vest din Timişoara (UVT);Timisoara, Timis;100;N/A;N/A;3.000 lei;Științe ale Educației - Pedagogia Învăţământului primar şi preşcolar;Public;Acreditat;Pedagogia învăţământului primar şi preşcolar;Științe ale educației;Științe Politice și Comunicare;Examen;29;71
Facultatea de Muzică și Teatru;Universitatea de Vest din Timişoara (UVT);Timisoara, Timis;30;N/A;N/A;10.000 lei;Interpretare Muzicală - Canto;Public;Acreditat;Interpretare muzicală - canto;Muzică;Arte, Arhitectură și Urbanism ;Examen;15;15
Facultatea de Sociologie și Psihologie;Universitatea de Vest din Timişoara (UVT);Timisoara, Timis;100;N/A;N/A;3.000 lei;Sociologie - Sociologie;Public;Acreditat;Sociologie;Sociologie;Științe Sociale și Psihologie;Examen;26;74
Facultatea de Ştiinţe Politice, Filosofie şi Ştiinţe ale Comunicării;Universitatea de Vest din Timişoara (UVT);Timisoara, Timis;N/A;N/A;N/A;3.000 lei;Științe Politice;Public;Acreditat;Ştiinţe politice;Ştiinţe politice;Științe Politice și Comunicare;Examen;0;0
Facultatea de Ştiinţe Politice, Filosofie şi Ştiinţe ale Comunicării;Universitatea de Vest din Timişoara (UVT);Timisoara, Timis;100;N/A;N/A;3.000 lei;Relaţii Internaţionale şi Studii Europene;Public;Acreditat;Relaţii internaţionale şi studii europene;Relații internaționale și studii europene;Științe Politice și Comunicare;Examen;45;55
Facultatea de Fizică;Universitatea de Vest din Timişoara (UVT);Timisoara, Timis;44;N/A;N/A;3.000 lei;Fizică Informatică;Public;Acreditat;Fizică informatică;Fizică;Științe Exacte;Examen;20;24
Facultatea de Litere, Istorie şi Teologie;Universitatea de Vest din Timişoara (UVT);Timisoara, Timis;375;N/A;N/A;3.000 lei;Limba şi literatura engleză – Limbi şi literaturi moderne (franceză, germană, spaniolă, italiană) / Limbă şi literatură latină / Limbă şi literatură română;Public;Acreditat;Limba şi literatura modernă;Limbă şi literatură;Științe Umaniste;Examen;194;181
Facultatea de Litere, Istorie şi Teologie;Universitatea de Vest din Timişoara (UVT);Timisoara, Timis;100;N/A;N/A;3.000 lei;Limbi Moderne Aplicate;Public;Acreditat;Limbi moderne aplicate;Limbi moderne aplicate;Științe Umaniste;Examen;64;36
Facultatea de Arte şi Design;Universitatea de Vest din Timişoara (UVT);Timisoara, Timis;109;N/A;N/A;3.300 lei;Istoria și Teoria Artei;Public;Acreditat;Arhitectură de interior;Arhitectură;Arte, Arhitectură și Urbanism ;Examen;109;0
Facultatea de Litere, Istorie şi Teologie;Universitatea de Vest din Timişoara (UVT);Timisoara, Timis;20;N/A;N/A;3.000 lei;Teologie Ortodoxă Didactică;Public;Acreditat;Teologie didactică;Teologie;Teologie;Dosar;10;10
Facultatea de Economie şi de Administrare a Afacerilor;Universitatea de Vest din Timişoara (UVT);Timisoara, Timis;125;N/A;N/A;3.000 lei;Economia Comerțului, Turismului și Serviciilor;Public;Acreditat;Economia comerţului, turismului şi serviciilor;Administrarea afacerilor;Științe Economice;Examen;40;85
Facultatea de Educaţie Fizică şi Sport;Universitatea de Vest din Timişoara (UVT);Timisoara, Timis;N/A;N/A;N/A;3.000 lei;Kinetoterapie şi motricitate specială;Public;Acreditat;Kinetoterapie şi motricitate specială;Kinetoterapie;Ştiinţa Sportului şi Educaţiei Fizice;Examen;0;0
Facultatea de Economie şi de Administrare a Afacerilor;Universitatea de Vest din Timişoara (UVT);Timisoara, Timis;50;N/A;N/A;3.000 lei;Finanțe și Bănci (în limba engleză);Public;Acreditat;Finanţe şi bănci;Finanţe;Științe Economice;Examen;25;25
Facultatea de Economie şi de Administrare a Afacerilor;Universitatea de Vest din Timişoara (UVT);Timisoara, Timis;200;N/A;N/A;3.000 lei;Rechnungswesen Und Wirtschaftsinformatik;Public;Acreditat;Contabilitate şi informatică de gestiune;Contabilitate;Științe Economice;Examen;90;110
Facultatea de Economie şi de Administrare a Afacerilor;Universitatea de Vest din Timişoara (UVT);Timisoara, Timis;150;N/A;N/A;3.000 lei;Informatică Economică;Public;Acreditat;Informatică economică;Informatică economică;Științe Economice;Examen;40;110
Facultatea de Chimie, Biologie, Geografie;Universitatea de Vest din Timişoara (UVT);Timisoara, Timis;63;N/A;N/A;3.000 lei;Geografia turismului;Public;Acreditat;Geografia turismului;Geografie;Științe ale Naturii;Examen;23;40
Facultatea de Arte şi Design;Universitatea de Vest din Timişoara (UVT);Timisoara, Timis;40;N/A;N/A;3.300 lei;Modă-Design Vestimentar;Public;Acreditat;Modă - design vestimentar;Arte vizuale;Arte, Arhitectură și Urbanism ;Examen;14;26
Facultatea de Matematică şi Informatică;Universitatea de Vest din Timişoara (UVT);Timisoara, Timis;75;N/A;N/A;3.000 lei;Informatică;Public;Acreditat;Informatică;Informatică;Științe Exacte;Examen;20;55
Facultatea de Matematică şi Informatică;Universitatea de Vest din Timişoara (UVT);Timisoara, Timis;143;N/A;N/A;3.000 lei;Informatică (în limba engleză);Public;Acreditat;Informatică;Informatică;Științe Exacte;Examen;63;80
Facultatea de Sociologie și Psihologie;Universitatea de Vest din Timişoara (UVT);Timisoara, Timis;100;N/A;N/A;3.000 lei;Asistenţă Socială;Public;Acreditat;Asistenţă socială;Asistenţă socială;Științe Sociale și Psihologie;Examen;40;60
Facultatea de Sociologie și Psihologie;Universitatea de Vest din Timişoara (UVT);Timisoara, Timis;250;N/A;N/A;3.000 lei;Psihologie;Public;Acreditat;Psihologie;Psihologie;Științe Sociale și Psihologie;Examen;59;191
Facultatea de Sociologie și Psihologie;Universitatea de Vest din Timişoara (UVT);Timisoara, Timis;50;N/A;N/A;3.000 lei;Științe ale Educației - Pedagogie;Public;Acreditat;Pedagogie;Științe ale educației;Științe Politice și Comunicare;Examen;20;30
Facultatea de Ştiinţe Politice, Filosofie şi Ştiinţe ale Comunicării;Universitatea de Vest din Timişoara (UVT);Timisoara, Timis;110;N/A;N/A;3.000 lei;Comunicare și Relații Publice;Public;Acreditat;Comunicare şi relaţii publice;Ştiinţe ale comunicării;Științe Politice și Comunicare;Examen;21;89
Facultatea de Ştiinţe Politice, Filosofie şi Ştiinţe ale Comunicării;Universitatea de Vest din Timişoara (UVT);Timisoara, Timis;70;N/A;N/A;3.000 lei;Relații Internaționale și Studii Europene (în limba germană);Public;Acreditat;Relaţii internaţionale şi studii europene;Relații internaționale și studii europene;Științe Politice și Comunicare;Examen;15;55
Facultatea de Drept;Universitatea de Vest din Timişoara (UVT);Timisoara, Timis;N/A;N/A;N/A;3.000 lei;Drept;Public;Acreditat;Drept;Drept;Științe Juridice;Examen;0;0
Facultatea de Drept;Universitatea de Vest din Timişoara (UVT);Timisoara, Timis;N/A;N/A;N/A;3.000 lei;Drept (IFR);Public;Acreditat;Drept;Drept;Științe Juridice;Examen;0;0
Facultatea de Litere, Istorie şi Teologie;Universitatea de Vest din Timişoara (UVT);Timisoara, Timis;375;N/A;N/A;3.000 lei;Limba şi literatura rusă – Limbi şi literaturi moderne (engleză, franceză, germană, spaniolă, italiană) / Limbă şi literatură latină / Limbă şi literatură română;Public;Acreditat;Limbă şi literatură;Limbă şi literatură;Științe Umaniste;Examen;194;181
Facultatea de Litere, Istorie şi Teologie;Universitatea de Vest din Timişoara (UVT);Timisoara, Timis;375;N/A;N/A;3.000 lei;Limba şi literatura germană – Limbi şi literaturi moderne (engleză, franceză, spaniolă, italiană) / Limbă şi literatură latină / Limbă şi literatură română;Public;Acreditat;Limba şi literatura modernă;Limbă şi literatură;Științe Umaniste;Examen;194;181
Facultatea de Agricultură;Universitatea de Ştiinţe Agricole şi Medicină Veterinară "Ion Ionescu de la Brad" din Iaşi;Iasi, Iasi;30;N/A;N/A;2.800 lei;Exploatarea maşinilor şi instalaţiilor pentru agricultură şi industrie alimentară;Public;Autorizat;Exploatarea maşinilor şi instalaţiilor pentru agricultură şi industria alimentară;Agronomie;Științe Agricole;Dosar;20;10
Facultatea de Agricultură;Universitatea de Ştiinţe Agricole şi Medicină Veterinară "Ion Ionescu de la Brad" din Iaşi;Iasi, Iasi;17;N/A;N/A;2.800 lei;Tehnologia prelucrării produselor agricole;Public;Acreditat;Tehnologia prelucrării produselor agricole;Ingineria produselor alimentare;Științe Agricole;Dosar;7;10
Facultatea de Agricultură;Universitatea de Ştiinţe Agricole şi Medicină Veterinară "Ion Ionescu de la Brad" din Iaşi;Iasi, Iasi;75;N/A;N/A;3.000 lei;Inginerie Economică în Agricultură (ID);Public;Acreditat;Inginerie economică în agricultură;Inginerie şi management în agricultură și dezvoltare rurală;Științe Agricole;Dosar;0;75
Facultatea de Agricultură;Universitatea de Ştiinţe Agricole şi Medicină Veterinară "Ion Ionescu de la Brad" din Iaşi;Iasi, Iasi;67;6.20;N/A;2.800 lei;Inginerie economică în agricultură;Public;Acreditat;Inginerie economică în agricultură;Inginerie şi management în agricultură și dezvoltare rurală;Științe Agricole;Dosar;52;15
Facultatea de Zootehnie;Universitatea de Ştiinţe Agricole şi Medicină Veterinară "Ion Ionescu de la Brad" din Iaşi;Iasi, Iasi;18;N/A;N/A;2.800 lei;Piscicultură şi acvacultură;Public;Acreditat;Piscicultură şi acvacultură;Zootehnie;Științe Agricole;Dosar;8;10
Facultatea de Horticultură;Universitatea de Ştiinţe Agricole şi Medicină Veterinară "Ion Ionescu de la Brad" din Iaşi;Iasi, Iasi;30;N/A;N/A;2.800 lei;Horticultură (ID);Public;Acreditat;Horticultură;Horticultură;Științe Agricole;Dosar;25;5
Facultatea de Horticultură;Universitatea de Ştiinţe Agricole şi Medicină Veterinară "Ion Ionescu de la Brad" din Iaşi;Iasi, Iasi;20;5.66;N/A;4.500 lei;Horticultură;Public;Acreditat;Horticultură;Horticultură;Științe Agricole;Dosar;20;0
Facultatea de Agricultură;Universitatea de Ştiinţe Agricole şi Medicină Veterinară "Ion Ionescu de la Brad" din Iaşi;Iasi, Iasi;30;N/A;N/A;2.800 lei;Agricultură;Public;Acreditat;Agricultură;Agronomie;Științe Agricole;Dosar;20;10
Facultatea de Zootehnie;Universitatea de Ştiinţe Agricole şi Medicină Veterinară "Ion Ionescu de la Brad" din Iaşi;Iasi, Iasi;18;N/A;N/A;2.800 lei;Zootehnie;Public;Acreditat;Zootehnie;Zootehnie;Științe Agricole;Dosar;8;10
Facultatea de Agricultură;Universitatea de Ştiinţe Agricole şi Medicină Veterinară "Ion Ionescu de la Brad" din Iaşi;Iasi, Iasi;17;N/A;N/A;2.800 lei;Protecţia consumatorului şi a mediului;Public;Autorizat;Protecția consumatorului și a mediului;Ingineria produselor alimentare;Științe Agricole;Dosar;7;10
Facultatea de Zootehnie;Universitatea de Ştiinţe Agricole şi Medicină Veterinară "Ion Ionescu de la Brad" din Iaşi;Iasi, Iasi;10;N/A;N/A;3.000 lei;Inginerie şi management în alimentaţie publică şi agroturism;Public;Acreditat;Inginerie şi management în alimentaţia publică şi agroturism;Inginerie şi management în agricultură și dezvoltare rurală;Științe Agricole;Dosar;5;5
Facultatea de Medicină Veterinară;Universitatea de Ştiinţe Agricole şi Medicină Veterinară "Ion Ionescu de la Brad" din Iaşi;Iasi, Iasi;37;N/A;N/A;500.000 lei;Medicină veterinară;Public;Acreditat;Medicină veterinară;Medicină veterinară;Medicină;Examen;0;37
Facultatea de Agricultură;Universitatea de Ştiinţe Agricole şi Medicină Veterinară "Ion Ionescu de la Brad" din Iaşi;Iasi, Iasi;15;N/A;N/A;2.800 lei;Biologie;Public;Acreditat;Biologie;Biologie;Științe ale Naturii;Dosar;5;10
Facultatea de Medicină Veterinară;Universitatea de Ştiinţe Agricole şi Medicină Veterinară "Ion Ionescu de la Brad" din Iaşi;Iasi, Iasi;N/A;N/A;N/A;3.500 lei;Medicină veterinară (în limba engleză);Public;Autorizat;Medicină veterinară;Medicină veterinară;Medicină;Examen;0;0
Facultatea de Agricultură;Universitatea de Ştiinţe Agricole şi Medicină Veterinară "Ion Ionescu de la Brad" din Iaşi;Iasi, Iasi;30;N/A;N/A;2.800 lei;Montanologie;Public;Acreditat;Montanologie;Agronomie;Științe Agricole;Dosar;20;10
Facultatea de Agricultură;Universitatea de Ştiinţe Agricole şi Medicină Veterinară "Ion Ionescu de la Brad" din Iaşi;Iasi, Iasi;30;N/A;N/A;2.800 lei;Agricultură (ID);Public;Acreditat;Agricultură;Agronomie;Științe Agricole;Dosar;20;10
Facultatea de Zootehnie;Universitatea de Ştiinţe Agricole şi Medicină Veterinară "Ion Ionescu de la Brad" din Iaşi;Iasi, Iasi;10;N/A;N/A;3.550 lei;Controlul şi expertiza produselor alimentare;Public;Acreditat;Controlul şi expertiza produselor alimentare;Ingineria produselor alimentare;Științe Agricole;Dosar;5;5
Facultatea de Zootehnie;Universitatea de Ştiinţe Agricole şi Medicină Veterinară "Ion Ionescu de la Brad" din Iaşi;Iasi, Iasi;18;N/A;N/A;2.800 lei;Zootehnie (ID);Public;Acreditat;Zootehnie;Zootehnie;Științe Agricole;Dosar;8;10
Facultatea de Horticultură;Universitatea de Ştiinţe Agricole şi Medicină Veterinară "Ion Ionescu de la Brad" din Iaşi;Iasi, Iasi;23;N/A;N/A;2.800 lei;Ingineria mediului;Public;Acreditat;Ingineria mediului;Ingineria mediului;Științe Inginerești;Dosar;20;3
Facultatea de Horticultură;Universitatea de Ştiinţe Agricole şi Medicină Veterinară "Ion Ionescu de la Brad" din Iaşi;Iasi, Iasi;30;N/A;N/A;2.800 lei;Peisagistică;Public;Acreditat;Peisagistică;Horticultură;Științe Agricole;Dosar;25;5
Facultatea de Agricultură;Universitatea de Ştiinţe Agricole şi Medicină Veterinară a Banatului „Regele Mihai I Al României” din Timişoara;Timisoara, Timis;100;6.96;N/A;2.500 lei;Agricultură;Public;Autorizat;Agricultură;Agronomie;Științe Agricole;Dosar;60;40
Bioingineria Resurselor Animaliere;Universitatea de Ştiinţe Agricole şi Medicină Veterinară a Banatului „Regele Mihai I Al României” din Timişoara;Timisoara, Timis;80;7.76;N/A;2.500 lei;Zootehnie;Public;Autorizat;Zootehnie;Zootehnie;Științe Agricole;Dosar;54;26
Facultatea de Horticultură şi Silvicultură;Universitatea de Ştiinţe Agricole şi Medicină Veterinară a Banatului „Regele Mihai I Al României” din Timişoara;Timisoara, Timis;39;6.18;N/A;2.500 lei;Silvicultura;Public;Acreditat;Silvicultură;Silvicultură;Științe Agricole;Dosar;39;0
Facultatea de Agricultură;Universitatea de Ştiinţe Agricole şi Medicină Veterinară a Banatului „Regele Mihai I Al României” din Timişoara;Timisoara, Timis;40;7.21;N/A;2.500 lei;Măsurători terestre şi cadastru;Public;Acreditat;Măsurători terestre şi cadastru;Inginerie geodezică;Științe Inginerești;Dosar;26;14
Facultatea de Medicină Veterinară;Universitatea de Ştiinţe Agricole şi Medicină Veterinară a Banatului „Regele Mihai I Al României” din Timişoara;Timisoara, Timis;150;N/A;N/A;5.000 lei;Medicina Veterinara;Public;Acreditat;Medicină veterinară;Medicină veterinară;Medicină;Dosar;102;48
Facultatea de Medicină Veterinară;Universitatea de Ştiinţe Agricole şi Medicină Veterinară a Banatului „Regele Mihai I Al României” din Timişoara;Timisoara, Timis;30;N/A;N/A;14.720 lei;Veterinary Medicine;Public;Acreditat;Medicină veterinară;Medicină veterinară;Medicină;Dosar;0;30
Facultatea de Tehnologia Produselor Agroalimentare;Universitatea de Ştiinţe Agricole şi Medicină Veterinară a Banatului „Regele Mihai I Al României” din Timişoara;Timisoara, Timis;50;N/A;N/A;2.500 lei;Extracte şi aditivi naturali alimentari;Public;Acreditat;Extracte şi aditivi naturali alimentari;Ingineria produselor alimentare;Științe Agricole;Dosar;20;30
Facultatea de Horticultură şi Silvicultură;Universitatea de Ştiinţe Agricole şi Medicină Veterinară a Banatului „Regele Mihai I Al României” din Timişoara;Timisoara, Timis;50;N/A;N/A;2.600 lei;Horticultura - IFR;Public;Acreditat;Horticultură;Horticultură;Științe Agricole;Dosar;50;0
Facultatea de Agricultură;Universitatea de Ştiinţe Agricole şi Medicină Veterinară a Banatului „Regele Mihai I Al României” din Timişoara;Timisoara, Timis;75;N/A;N/A;2.600 lei;Agricultură IFR;Public;Acreditat;Agricultură;Agronomie;Științe Agricole;Dosar;0;75
Facultatea de Agricultură;Universitatea de Ştiinţe Agricole şi Medicină Veterinară a Banatului „Regele Mihai I Al României” din Timişoara;Timisoara, Timis;100;6.57;N/A;2.500 lei;Ingineria şi protecţia mediului în agricultură;Public;Autorizat;Ingineria şi protecţia mediului în agricultură;Ingineria mediului;Științe Inginerești;Dosar;26;74
Facultatea de Agricultură;Universitatea de Ştiinţe Agricole şi Medicină Veterinară a Banatului „Regele Mihai I Al României” din Timişoara;Timisoara, Timis;60;6.61;N/A;2.500 lei;Biologie;Public;Acreditat;Biologie;Biologie;Științe ale Naturii;Dosar;27;33
Facultatea de Horticultură şi Silvicultură;Universitatea de Ştiinţe Agricole şi Medicină Veterinară a Banatului „Regele Mihai I Al României” din Timişoara;Timisoara, Timis;83;6.06;N/A;2.500 lei;Horticultura;Public;Autorizat;Horticultură;Horticultură;Științe Agricole;Dosar;33;50
Facultatea de Tehnologia Produselor Agroalimentare;Universitatea de Ştiinţe Agricole şi Medicină Veterinară a Banatului „Regele Mihai I Al României” din Timişoara;Timisoara, Timis;50;7.68;N/A;2.500 lei;Ingineria produselor alimentare;Public;Autorizat;Ingineria produselor alimentare;Ingineria produselor alimentare;Științe Agricole;Dosar;25;25
Bioingineria Resurselor Animaliere;Universitatea de Ştiinţe Agricole şi Medicină Veterinară a Banatului „Regele Mihai I Al României” din Timişoara;Timisoara, Timis;60;7.00;N/A;2.500 lei;Biotehnologii agricole;Public;Acreditat;Biotehnologii;Biotehnologii;Științe Agricole;Dosar;21;39
Facultatea de Agricultură;Universitatea de Ştiinţe Agricole şi Medicină Veterinară a Banatului „Regele Mihai I Al României” din Timişoara;Timisoara, Timis;50;N/A;N/A;12.420 lei;Agricultură (în limba engleză);Public;Autorizat;Agricultură;Agronomie;Științe Agricole;Dosar;0;50
Facultatea de Agricultură;Universitatea de Ştiinţe Agricole şi Medicină Veterinară a Banatului „Regele Mihai I Al României” din Timişoara;Timisoara, Timis;75;N/A;N/A;2.000 lei;Ingineria și protecția mediului în agricultură IFR;Public;Acreditat;Ingineria şi protecţia mediului în industrie;Ingineria mediului;Științe Inginerești;Dosar;0;75
Facultatea de Agricultură;Universitatea de Ştiinţe Agricole şi Medicină Veterinară a Banatului „Regele Mihai I Al României” din Timişoara;Timisoara, Timis;30;6.30;N/A;2.500 lei;Protecţia plantelor;Public;Acreditat;Protecţia plantelor;Agronomie;Științe Agricole;Dosar;15;15
Facultatea de Management Agricol;Universitatea de Ştiinţe Agricole şi Medicină Veterinară a Banatului „Regele Mihai I Al României” din Timişoara;Timisoara, Timis;60;6.58;N/A;2.500 lei;Inginerie şi management în alimentaţia publică şi agroturism;Public;Acreditat;Inginerie şi management în alimentaţia publică şi agroturism;Inginerie şi management în agricultură și dezvoltare rurală;Științe Agricole;Dosar;29;31
Facultatea de Tehnologia Produselor Agroalimentare;Universitatea de Ştiinţe Agricole şi Medicină Veterinară a Banatului „Regele Mihai I Al României” din Timişoara;Timisoara, Timis;75;N/A;N/A;2.500 lei;Protecția consumatorului și a mediului;Public;Autorizat;Protecția consumatorului și a mediului;Ingineria produselor alimentare;Științe Agricole;Dosar;22;53
Facultatea de Agricultură;Universitatea de Ştiinţe Agricole şi Medicină Veterinară a Banatului „Regele Mihai I Al României” din Timişoara;Timisoara, Timis;50;6.91;N/A;2.500 lei;Exploatarea mașinilor și instalațiilor pentru agricultură și industria alimentară;Public;Autorizat;Exploatarea maşinilor şi instalaţiilor pentru agricultură şi industria alimentară;Agronomie;Științe Agricole;Dosar;8;42
Facultatea de Management Agricol;Universitatea de Ştiinţe Agricole şi Medicină Veterinară a Banatului „Regele Mihai I Al României” din Timişoara;Timisoara, Timis;150;N/A;N/A;2.600 lei;Inginerie și management în alimentația publică și agroturism IFR;Public;Acreditat;Inginerie şi management în alimentaţia publică şi agroturism;Inginerie şi management în agricultură și dezvoltare rurală;Științe Agricole;Dosar;0;150
Facultatea de Agricultură;Universitatea de Ştiinţe Agricole şi Medicină Veterinară a Banatului „Regele Mihai I Al României” din Timişoara;Timisoara, Timis;50;6.30;N/A;2.500 lei;Maşini şi instalaţii pentru agricultură şi industrie alimentară;Public;Acreditat;Maşini şi instalaţii pentru agricultură şi industrie alimentară;Ingineria sistemelor și inginerie mecanică;Științe Inginerești;Dosar;26;24
Facultatea de Horticultură şi Silvicultură;Universitatea de Ştiinţe Agricole şi Medicină Veterinară a Banatului „Regele Mihai I Al României” din Timişoara;Timisoara, Timis;74;6.85;N/A;2.500 lei;Peisagistica;Public;Acreditat;Peisagistică;Horticultură;Științe Agricole;Dosar;24;50
Facultatea de Horticultură şi Silvicultură;Universitatea de Ştiinţe Agricole şi Medicină Veterinară a Banatului „Regele Mihai I Al României” din Timişoara;Timisoara, Timis;74;6.35;N/A;2.500 lei;Inginerie genetică;Public;Acreditat;Inginerie genetică;Biotehnologii;Științe Agricole;Dosar;24;50
Facultatea de Management Agricol;Universitatea de Ştiinţe Agricole şi Medicină Veterinară a Banatului „Regele Mihai I Al României” din Timişoara;Timisoara, Timis;50;6.84;N/A;2.500 lei;Inginerie şi management în industria turismului;Public;Autorizat;Inginerie şi management în industria turismului;Inginerie și management;Științe Inginerești;Dosar;28;22
Facultatea de Management Agricol;Universitatea de Ştiinţe Agricole şi Medicină Veterinară a Banatului „Regele Mihai I Al României” din Timişoara;Timisoara, Timis;60;6.84;N/A;2.500 lei;Inginerie economică în agricultură;Public;Acreditat;Inginerie economică în agricultură;Inginerie şi management în agricultură și dezvoltare rurală;Științe Agricole;Dosar;29;31
Facultatea de Tehnologia Produselor Agroalimentare;Universitatea de Ştiinţe Agricole şi Medicină Veterinară a Banatului „Regele Mihai I Al României” din Timişoara;Timisoara, Timis;75;N/A;N/A;2.500 lei;Controlul şi expertiza produselor alimentare;Public;Autorizat;Controlul şi expertiza produselor alimentare;Ingineria produselor alimentare;Științe Agricole;Dosar;22;53
Facultatea de Zootehnie şi Biotehnologii;Universitatea de Ştiinţe Agricole şi Medicină Veterinară din Cluj-Napoca;Cluj-Napoca, Cluj;32;6.00;0.84;4.500 lei;Biotehnologii agricole;Public;Acreditat;Biotehnologii agricole;Biotehnologii;Științe Agricole;Dosar;22;10
Facultatea de Zootehnie şi Biotehnologii;Universitatea de Ştiinţe Agricole şi Medicină Veterinară din Cluj-Napoca;Cluj-Napoca, Cluj;20;N/A;0.30;3.000 lei;Zootehnie (ID);Public;Acreditat;Zootehnie;Zootehnie;Științe Agricole;Dosar;0;20
Facultatea de Știința și Tehnologia Alimentelor;Universitatea de Ştiinţe Agricole şi Medicină Veterinară din Cluj-Napoca;Cluj-Napoca, Cluj;279;N/A;N/A;4.500 lei;Controlul şi expertiza produselor alimentare;Public;Acreditat;Controlul şi expertiza produselor alimentare;Ingineria produselor alimentare;Științe Agricole;Dosar;89;190
Facultatea de Horticultură;Universitatea de Ştiinţe Agricole şi Medicină Veterinară din Cluj-Napoca;Cluj-Napoca, Cluj;50;6.00;N/A;4.500 lei;Silvicultură;Public;Acreditat;Silvicultură;Silvicultură;Științe Agricole;Dosar;50;0
Facultatea de Horticultură;Universitatea de Ştiinţe Agricole şi Medicină Veterinară din Cluj-Napoca;Cluj-Napoca, Cluj;60;6.52;1.25;4.500 lei;Măsurători terestre şi cadastru;Public;Acreditat;Măsurători terestre şi cadastru;Inginerie geodezică;Științe Inginerești;Dosar;60;0
Facultatea de Medicină Veterinară;Universitatea de Ştiinţe Agricole şi Medicină Veterinară din Cluj-Napoca;Cluj-Napoca, Cluj;150;7.68;0.99;5.500 lei;Medicină veterinară;Public;Acreditat;Medicină veterinară;Medicină veterinară;Medicină;Examen;135;15
Facultatea de Zootehnie şi Biotehnologii;Universitatea de Ştiinţe Agricole şi Medicină Veterinară din Cluj-Napoca;Cluj-Napoca, Cluj;32;6.00;0.38;4.500 lei;Biotehnologii pentru industria alimentară;Public;Acreditat;Biotehnologii pentru industria alimentară;Biotehnologii;Științe Agricole;Dosar;22;10
Facultatea de Agricultură;Universitatea de Ştiinţe Agricole şi Medicină Veterinară din Cluj-Napoca;Cluj-Napoca, Cluj;50;6.00;N/A;4.500 lei;Montanologie;Public;Acreditat;Montanologie;Agronomie;Științe Agricole;Dosar;10;40
Facultatea de Zootehnie şi Biotehnologii;Universitatea de Ştiinţe Agricole şi Medicină Veterinară din Cluj-Napoca;Cluj-Napoca, Cluj;32;6.00;0.38;4.500 lei;Biotehnologii medical-veterinare;Public;Acreditat;Biotehnologii medical-veterinare;Biotehnologii;Științe Agricole;Dosar;22;10
Facultatea de Zootehnie şi Biotehnologii;Universitatea de Ştiinţe Agricole şi Medicină Veterinară din Cluj-Napoca;Cluj-Napoca, Cluj;92;6.00;0.46;4.500 lei;Zootehnie;Public;Acreditat;Zootehnie;Zootehnie;Științe Agricole;Dosar;72;20
Facultatea de Agricultură;Universitatea de Ştiinţe Agricole şi Medicină Veterinară din Cluj-Napoca;Cluj-Napoca, Cluj;50;N/A;N/A;4.500 lei;Agricultură ID;Public;Acreditat;Agricultură;Agronomie;Științe Agricole;Dosar;0;50
Facultatea de Horticultură;Universitatea de Ştiinţe Agricole şi Medicină Veterinară din Cluj-Napoca;Cluj-Napoca, Cluj;60;6.60;0.67;4.500 lei;Horticultură;Public;Acreditat;Horticultură;Horticultură;Științe Agricole;Dosar;40;20
Facultatea de Agricultură;Universitatea de Ştiinţe Agricole şi Medicină Veterinară din Cluj-Napoca;Cluj-Napoca, Cluj;20;6.01;N/A;4.500 lei;Exploatarea mașinilor și instalațiilor pentru agricultură și industria alimentară;Public;Autorizat;Exploatarea maşinilor şi instalaţiilor pentru agricultură şi industria alimentară;Agronomie;Științe Agricole;Dosar;20;0
Facultatea de Știința și Tehnologia Alimentelor;Universitatea de Ştiinţe Agricole şi Medicină Veterinară din Cluj-Napoca;Cluj-Napoca, Cluj;30;N/A;0.30;3.000 lei;Tehnologia prelucrării produselor agricole - ID;Public;Acreditat;Ingineria produselor alimentare;Ingineria produselor alimentare;Științe Agricole;Dosar;0;30
Facultatea de Horticultură;Universitatea de Ştiinţe Agricole şi Medicină Veterinară din Cluj-Napoca;Cluj-Napoca, Cluj;10;6.88;N/A;4.500 lei;Inginerie şi management în industria turismului;Public;Autorizat;Inginerie şi management în industria turismului;Inginerie și management;Științe Inginerești;Dosar;10;0
Facultatea de Agricultură;Universitatea de Ştiinţe Agricole şi Medicină Veterinară din Cluj-Napoca;Cluj-Napoca, Cluj;30;N/A;N/A;4.500 lei;Ingineria Mediului ID;Public;Acreditat;Ingineria mediului;Ingineria mediului;Științe Inginerești;Dosar;0;30
Facultatea de Agricultură;Universitatea de Ştiinţe Agricole şi Medicină Veterinară din Cluj-Napoca;Cluj-Napoca, Cluj;21;6.00;N/A;4.500 lei;Biologie;Public;Acreditat;Biologie;Biologie;Științe ale Naturii;Dosar;21;0
Facultatea de Horticultură;Universitatea de Ştiinţe Agricole şi Medicină Veterinară din Cluj-Napoca;Cluj-Napoca, Cluj;20;6.08;N/A;4.500 lei;Ingineria și managementul afacerilor agricole;Public;Acreditat;Inginerie economică în agricultură;Inginerie şi management în agricultură și dezvoltare rurală;Științe Inginerești;Dosar;20;0
Facultatea de Medicină Veterinară;Universitatea de Ştiinţe Agricole şi Medicină Veterinară din Cluj-Napoca;Cluj-Napoca, Cluj;45;N/A;1.00;6.000 lei;Medicină veterinară (în limba engleză);Public;Acreditat;Medicină veterinară;Medicină veterinară;Medicină;Dosar;0;45
Facultatea de Zootehnie şi Biotehnologii;Universitatea de Ştiinţe Agricole şi Medicină Veterinară din Cluj-Napoca;Cluj-Napoca, Cluj;70;6.90;0.93;4.500 lei;Biotehnologii;Public;Acreditat;Biotehnologii;Biotehnologii;Științe Agricole;Dosar;70;0
Facultatea de Zootehnie şi Biotehnologii;Universitatea de Ştiinţe Agricole şi Medicină Veterinară din Cluj-Napoca;Cluj-Napoca, Cluj;31;6.00;0.39;4.500 lei;Piscicultură și acvacultură;Public;Acreditat;Piscicultură şi acvacultură;Zootehnie;Științe Agricole;Dosar;21;10
Facultatea de Știința și Tehnologia Alimentelor;Universitatea de Ştiinţe Agricole şi Medicină Veterinară din Cluj-Napoca;Cluj-Napoca, Cluj;279;6.03;0.32;4.500 lei;Ingineria produselor alimentare;Public;Acreditat;Ingineria produselor alimentare;Ingineria produselor alimentare;Științe Agricole;Dosar;89;190
Facultatea de Știința și Tehnologia Alimentelor;Universitatea de Ştiinţe Agricole şi Medicină Veterinară din Cluj-Napoca;Cluj-Napoca, Cluj;279;N/A;N/A;4.500 lei;Tehnologia prelucrării produselor agricole;Public;Acreditat;Tehnologia prelucrării produselor agricole;Ingineria produselor alimentare;Științe Agricole;Dosar;89;190
Facultatea de Agricultură;Universitatea de Ştiinţe Agricole şi Medicină Veterinară din Cluj-Napoca;Cluj-Napoca, Cluj;100;6.01;N/A;4.500 lei;Agricultură;Public;Acreditat;Agricultură;Agronomie;Științe Agricole;Dosar;50;50
Facultatea de Agricultură;Universitatea de Ştiinţe Agricole şi Medicină Veterinară din Cluj-Napoca;Cluj-Napoca, Cluj;25;6.02;N/A;4.500 lei;Ingineria mediului;Public;Acreditat;Ingineria mediului;Ingineria mediului;Științe Inginerești;Dosar;25;0
Facultatea de Horticultură;Universitatea de Ştiinţe Agricole şi Medicină Veterinară din Cluj-Napoca;Cluj-Napoca, Cluj;35;6.06;N/A;4.500 lei;Peisagistică;Public;Acreditat;Peisagistică;Horticultură;Științe Agricole;Dosar;35;0
Facultatea de Medicină Veterinară;Universitatea de Ştiinţe Agricole şi Medicină Veterinară din Cluj-Napoca;Cluj-Napoca, Cluj;45;N/A;1.00;6.000 lei;Medicină veterinară (în limba franceză);Public;Autorizat;Medicină veterinară;Medicină veterinară;Medicină;Dosar;0;45
Facultatea de Îmbunătăţiri Funciare şi Ingineria Mediului;Universitatea de Ştiinţe Agronomice şi Medicină Veterinară din Bucureşti;Bucuresti, Bucuresti;150;N/A;N/A;2.800 lei;Ingineria şi protecţia mediului în agricultură;Public;Acreditat;Ingineria şi protecţia mediului în agricultură;Ingineria mediului;Științe Inginerești;Examen;30;120
Facultatea de Biotehnologii;Universitatea de Ştiinţe Agronomice şi Medicină Veterinară din Bucureşti;Bucuresti, Bucuresti;150;N/A;N/A;2.800 lei;Biotehnologii agricole;Public;Acreditat;Biotehnologii agricole;Biotehnologii;Științe Agricole;Dosar;104;46
Facultatea de Management, Inginerie Economică în Agricultură și Dezvoltare Rurală;Universitatea de Ştiinţe Agronomice şi Medicină Veterinară din Bucureşti;Bucuresti, Bucuresti;400;7.09;N/A;2.800 lei;Inginerie și management în alimentația publică și agroturism;Public;Acreditat;Inginerie și management în alimentația publică și agroturism;Inginerie şi management în agricultură și dezvoltare rurală;Științe Inginerești;Dosar;92;308
Facultatea de Medicină Veterinară;Universitatea de Ştiinţe Agronomice şi Medicină Veterinară din Bucureşti;Bucuresti, Bucuresti;300;N/A;N/A;6.900 lei;Medicină Veterinară (limba franceză);Public;Acreditat;Medicină veterinară;Medicină veterinară;Medicină;Examen;198;102
Facultatea de Agricultură;Universitatea de Ştiinţe Agronomice şi Medicină Veterinară din Bucureşti;Bucuresti, Bucuresti;75;N/A;N/A;3.000 lei;Biologie (IFR);Public;Acreditat;Biologie;Biologie;Științe ale Naturii;Dosar;0;75
Facultatea de Agricultură;Universitatea de Ştiinţe Agronomice şi Medicină Veterinară din Bucureşti;Bucuresti, Bucuresti;100;N/A;N/A;3.000 lei;Agricultură (IFR);Public;Acreditat;Agricultură;Agronomie;Științe Agricole;Dosar;0;100
Facultatea de Agricultură;Universitatea de Ştiinţe Agronomice şi Medicină Veterinară din Bucureşti;Bucuresti, Bucuresti;100;6.30;0.34;3.500 lei;Biologie;Public;Acreditat;Biologie;Biologie;Științe ale Naturii;Dosar;33;67
Facultatea de Ingineria și Gestiunea Producțiilor Animaliere;Universitatea de Ştiinţe Agronomice şi Medicină Veterinară din Bucureşti;Bucuresti, Bucuresti;N/A;5.78;N/A;3.500 lei;Zootehnie;Public;Acreditat;Zootehnie;Zootehnie;Științe Agricole;Examen;0;0
Facultatea de Medicină Veterinară;Universitatea de Ştiinţe Agronomice şi Medicină Veterinară din Bucureşti;Bucuresti, Bucuresti;300;N/A;N/A;6.900 lei;Medicină veterinară;Public;Acreditat;Medicină veterinară;Medicină veterinară;Medicină;Examen;198;102
Facultatea de Îmbunătăţiri Funciare şi Ingineria Mediului;Universitatea de Ştiinţe Agronomice şi Medicină Veterinară din Bucureşti;Bucuresti, Bucuresti;90;N/A;N/A;2.800 lei;Îmbunătăţiri funciare şi dezvoltare rurală;Public;Acreditat;Îmbunătăţiri funciare şi dezvoltare rurală;Inginerie civilă;Științe Inginerești;Examen;25;65
Facultatea de Îmbunătăţiri Funciare şi Ingineria Mediului;Universitatea de Ştiinţe Agronomice şi Medicină Veterinară din Bucureşti;Bucuresti, Bucuresti;150;N/A;N/A;3.000 lei;Măsurători terestre şi cadastru (IFR);Public;Autorizat;Măsurători terestre şi cadastru;Inginerie geodezică;Științe Inginerești;Examen;0;150
Facultatea de Agricultură;Universitatea de Ştiinţe Agronomice şi Medicină Veterinară din Bucureşti;Bucuresti, Bucuresti;246;6.55;0.76;3.500 lei;Agricultură;Public;Autorizat;Agricultură;Agronomie;Științe Agricole;Dosar;142;104
Facultatea de Ingineria și Gestiunea Producțiilor Animaliere;Universitatea de Ştiinţe Agronomice şi Medicină Veterinară din Bucureşti;Bucuresti, Bucuresti;57;6.49;1.12;3.500 lei;Protecția consumatorului și a mediului;Public;Acreditat;Protecția consumatorului și a mediului;Ingineria produselor alimentare;Științe Agricole;Examen;57;0
Facultatea de Horticultură;Universitatea de Ştiinţe Agronomice şi Medicină Veterinară din Bucureşti;Bucuresti, Bucuresti;147;6.03;0.37;3.500 lei;Horticultură;Public;Acreditat;Horticultură;Horticultură;Științe Agricole;Dosar;84;63
Facultatea de Horticultură;Universitatea de Ştiinţe Agronomice şi Medicină Veterinară din Bucureşti;Bucuresti, Bucuresti;100;N/A;N/A;3.000 lei;Horticultură (ID);Public;Acreditat;Horticultură;Horticultură;Științe Agricole;Dosar;0;100
Facultatea de Medicină Veterinară;Universitatea de Ştiinţe Agronomice şi Medicină Veterinară din Bucureşti;Bucuresti, Bucuresti;300;N/A;N/A;6.900 lei;Medicină veterinară (în limba engleză);Public;Autorizat;Medicină veterinară;Medicină veterinară;Medicină;Examen;198;102
Facultatea de Îmbunătăţiri Funciare şi Ingineria Mediului;Universitatea de Ştiinţe Agronomice şi Medicină Veterinară din Bucureşti;Bucuresti, Bucuresti;150;N/A;N/A;3.000 lei;Măsurători terestre şi cadastru;Public;Acreditat;Măsurători terestre şi cadastru;Inginerie geodezică;Științe Inginerești;Examen;89;61
Facultatea de Management, Inginerie Economică în Agricultură şi Dezvoltare Rurală - Filiala Slatina;Universitatea de Ştiinţe Agronomice şi Medicină Veterinară din Bucureşti;Slatina, Olt;100;7.41;N/A;2.600 lei;Ingineria și managementul afacerilor agricole;Public;Acreditat;Inginerie economică în agricultură;Inginerie şi management în agricultură și dezvoltare rurală;Științe Agricole;Examen;35;65
Facultatea de Îmbunătăţiri Funciare şi Ingineria Mediului;Universitatea de Ştiinţe Agronomice şi Medicină Veterinară din Bucureşti;Bucuresti, Bucuresti;150;N/A;N/A;2.800 lei;Ingineria și protecția mediului în agricultură (IFR);Public;Acreditat;Ecologie şi protecţia mediului;Ştiinţa mediului;Științe ale Naturii;Examen;0;150
Facultatea de Management, Inginerie Economică în Agricultură și Dezvoltare Rurală;Universitatea de Ştiinţe Agronomice şi Medicină Veterinară din Bucureşti;Bucuresti, Bucuresti;225;N/A;N/A;2.600 lei;Ingineria și managementul afacerilor agricole (ID);Public;Acreditat;Inginerie economică în agricultură;Inginerie şi management în agricultură și dezvoltare rurală;Științe Agricole;Dosar;0;225
Facultatea de Medicină Veterinară;Universitatea de Ştiinţe Agronomice şi Medicină Veterinară din Bucureşti;Bucuresti, Bucuresti;120;N/A;N/A;3.200 lei;Controlul și expertiza produselor alimentare;Public;Acreditat;Controlul şi expertiza produselor alimentare;Ingineria produselor alimentare;Științe Agricole;Dosar;50;70
Facultatea de Îmbunătăţiri Funciare şi Ingineria Mediului;Universitatea de Ştiinţe Agronomice şi Medicină Veterinară din Bucureşti;Bucuresti, Bucuresti;60;N/A;N/A;2.800 lei;Inginerie și management în construcţii;Public;Acreditat;Inginerie economică în construcţii;Inginerie și management;Științe Inginerești;Examen;25;35
Facultatea de Biotehnologii;Universitatea de Ştiinţe Agronomice şi Medicină Veterinară din Bucureşti;Bucuresti, Bucuresti;150;N/A;N/A;2.800 lei;Biotehnologii pentru industria alimentară;Public;Acreditat;Biotehnologii pentru industria alimentară;Biotehnologii;Științe Agricole;Dosar;104;46
Facultatea de Management, Inginerie Economică în Agricultură și Dezvoltare Rurală;Universitatea de Ştiinţe Agronomice şi Medicină Veterinară din Bucureşti;Bucuresti, Bucuresti;200;6.33;N/A;2.800 lei;Ingineria și managementul afacerilor agricole;Public;Acreditat;Inginerie economică în agricultură;Inginerie şi management în agricultură și dezvoltare rurală;Științe Inginerești;Examen;90;110
Facultatea de Management, Inginerie Economică în Agricultură şi Dezvoltare Rurală - Filiala Călăraşi;Universitatea de Ştiinţe Agronomice şi Medicină Veterinară din Bucureşti;Calarasi, Calarasi;35;N/A;N/A;2.600 lei;Ingineria și managementul afacerilor agricole;Public;Acreditat;Inginerie economică în agricultură;Inginerie şi management în agricultură și dezvoltare rurală;Științe Agricole;Examen;35;0
Facultatea de Management, Inginerie Economică în Agricultură și Dezvoltare Rurală;Universitatea de Ştiinţe Agronomice şi Medicină Veterinară din Bucureşti;Bucuresti, Bucuresti;250;N/A;N/A;2.600 lei;Inginerie și management în alimentația publică și agroturism ID;Public;Acreditat;Inginerie şi management în alimentaţia publică şi agroturism;Inginerie şi management în agricultură și dezvoltare rurală;Științe Agricole;Dosar;0;250
Facultatea de Agricultură;Universitatea de Ştiinţe Agronomice şi Medicină Veterinară din Bucureşti;Bucuresti, Bucuresti;58;6.30;0.47;3.500 lei;Silvicultură;Public;Acreditat;Silvicultură;Silvicultură;Științe Agricole;Dosar;25;33
Facultatea de Horticultură;Universitatea de Ştiinţe Agronomice şi Medicină Veterinară din Bucureşti;Bucuresti, Bucuresti;74;5.97;0.43;N/A;Peisagistică;Public;Acreditat;Peisagistică;Horticultură;Științe Agricole;Dosar;25;49
Facultatea de Biotehnologii;Universitatea de Ştiinţe Agronomice şi Medicină Veterinară din Bucureşti;Bucuresti, Bucuresti;150;N/A;N/A;2.800 lei;Biotehnologii medical- veterinare;Public;Acreditat;Biotehnologii medical-veterinare;Biotehnologii;Științe Agricole;Dosar;104;46
Facultatea de Ingineria și Gestiunea Producțiilor Animaliere;Universitatea de Ştiinţe Agronomice şi Medicină Veterinară din Bucureşti;Bucuresti, Bucuresti;74;5.90;1.08;3.500 lei;Tehnologia prelucrării produselor agricole;Public;Acreditat;Tehnologia prelucrării produselor agricole;Ingineria produselor alimentare;Științe Agricole;Examen;74;0
Facultatea de Biologie;Universitatea din Bucureşti (UNIBUC);Bucuresti, Bucuresti;N/A;N/A;N/A;3.000 lei;Biologie;Public;Acreditat;Biologie;Biologie;Științe ale Naturii;Examen;0;0
Facultatea de Fizică;Universitatea din Bucureşti (UNIBUC);Magurele, Ilfov;35;N/A;N/A;3.000 lei;Fizică tehnologică;Public;Acreditat;Fizică tehnologică;Științe inginerești aplicate;Științe Inginerești;Examen;20;15
Facultatea de Fizică;Universitatea din Bucureşti (UNIBUC);Magurele, Ilfov;25;N/A;N/A;3.000 lei;Fizică;Public;Acreditat;Fizică;Fizică;Științe Exacte;Examen;15;10
Facultatea de Filosofie;Universitatea din Bucureşti (UNIBUC);Bucuresti, Bucuresti;180;7.50;N/A;3.500 lei;Filosofie;Public;Acreditat;Filosofie;Filosofie;Științe Umaniste;Dosar;130;50
Facultatea de Geografie;Universitatea din Bucureşti (UNIBUC);Bucuresti, Bucuresti;120;6.42;N/A;3.100 lei;Geografia mediului;Public;Acreditat;Geografia mediului;Ştiinţa mediului;Științe ale Naturii;Examen;100;20
Facultatea de Jurnalism şi Ştiinţele Comunicării;Universitatea din Bucureşti (UNIBUC);Bucuresti, Bucuresti;126;N/A;N/A;3.100 lei;Jurnalism;Public;Acreditat;Jurnalism;Ştiinţe ale comunicării;Științe Politice și Comunicare;Examen;46;80
Facultatea de Istorie;Universitatea din Bucureşti (UNIBUC);Bucuresti, Bucuresti;71;N/A;N/A;3.100 lei;Istoria artei;Public;Acreditat;Istoria artei;Istorie;Științe Umaniste;Dosar;24;47
Facultatea de Istorie;Universitatea din Bucureşti (UNIBUC);Bucuresti, Bucuresti;50;N/A;N/A;3.100 lei;Istorie - Învățământ la distanță;Public;Acreditat;Istorie;Istorie;Științe Umaniste;Dosar;0;50
Facultatea de Psihologie şi Ştiinţele Educaţiei;Universitatea din Bucureşti (UNIBUC);Bucuresti, Bucuresti;200;N/A;N/A;3.100 lei;Psihologie;Public;Acreditat;Psihologie;Psihologie;Științe Sociale și Psihologie;Examen;101;99
Facultatea de Matematică şi Informatică;Universitatea din Bucureşti (UNIBUC);Bucuresti, Bucuresti;N/A;N/A;N/A;4.000 lei;Informatică;Public;Acreditat;Informatică;Informatică;Științe Exacte;Examen;0;0
Facultatea de Teologie Ortodoxă;Universitatea din Bucureşti (UNIBUC);Bucuresti, Bucuresti;37;N/A;N/A;3.100 lei;Teologie ortodoxă didactică;Public;Acreditat;Teologie didactică;Teologie;Teologie;Examen;23;14
Facultatea de Teologie Romano-Catolică;Universitatea din Bucureşti (UNIBUC);Bucuresti, Bucuresti;35;N/A;N/A;2.500 lei;Teologie romano-catolică asistenţă socială;Public;Acreditat;Teologie asistenţă socială;Teologie;Teologie;Examen;25;10
Facultatea de Chimie;Universitatea din Bucureşti (UNIBUC);Bucuresti, Bucuresti;35;9.47;1.29;3.200 lei;Chimie medicală;Public;Autorizat;Chimie medicală;Chimie;Științe Exacte;Examen;25;10
Facultatea de Jurnalism şi Ştiinţele Comunicării;Universitatea din Bucureşti (UNIBUC);Bucuresti, Bucuresti;50;N/A;N/A;3.100 lei;Publicitate - Învățământ la distanță;Public;Autorizat;Publicitate;Ştiinţe ale comunicării;Științe Politice și Comunicare;Examen;0;50
Facultatea de Litere;Universitatea din Bucureşti (UNIBUC);Bucuresti, Bucuresti;129;7.90;N/A;3.100 lei;Comunicare şi relaţii publice;Public;Acreditat;Comunicare şi relaţii publice;Ştiinţe ale comunicării;Științe Politice și Comunicare;Examen;72;57
Facultatea de Litere;Universitatea din Bucureşti (UNIBUC);Bucuresti, Bucuresti;75;N/A;N/A;3.100 lei;Comunicare şi relaţii publice (IFR);Public;Acreditat;Comunicare şi relaţii publice;Ştiinţe ale comunicării;Științe Politice și Comunicare;Dosar;0;75
Facultatea de Limbi şi Literaturi Străine;Universitatea din Bucureşti (UNIBUC);Bucuresti, Bucuresti;48;8.95;N/A;3.200 lei;Studii americane;Public;Acreditat;Studii americane;Studii culturale;Științe Umaniste;Examen;16;32
Facultatea de Chimie;Universitatea din Bucureşti (UNIBUC);Bucuresti, Bucuresti;35;8.62;1.43;3.200 lei;Biochimie tehnologică;Public;Acreditat;Biochimie tehnologică;Chimie;Științe Exacte;Examen;20;15
Facultatea de Administraţie şi Afaceri;Universitatea din Bucureşti (UNIBUC);Bucuresti, Bucuresti;200;N/A;N/A;3.000 lei;Administrarea afacerilor;Public;Acreditat;Administrarea afacerilor;Administrarea afacerilor;Științe Economice;Dosar;60;140
Facultatea de Administraţie şi Afaceri;Universitatea din Bucureşti (UNIBUC);Bucuresti, Bucuresti;N/A;N/A;N/A;3.000 lei;Marketing;Public;Acreditat;Marketing;Marketing;Științe Economice;Examen;0;0
Facultatea de Fizică;Universitatea din Bucureşti (UNIBUC);Magurele, Ilfov;25;N/A;N/A;3.000 lei;Fizică (în limba engleză);Public;Acreditat;Fizică;Fizică;Științe Exacte;Examen;15;10
Facultatea de Geografie;Universitatea din Bucureşti (UNIBUC);Bucuresti, Bucuresti;149;6.70;N/A;3.100 lei;Geografie;Public;Acreditat;Geografie;Geografie;Științe ale Naturii;Examen;80;69
Facultatea de Geografie;Universitatea din Bucureşti (UNIBUC);Bucuresti, Bucuresti;100;6.06;N/A;3.100 lei;Planificare teritorială;Public;Acreditat;Planificare teritorială;Geografie;Științe ale Naturii;Examen;70;30
Facultatea de Geologie şi Geofizică;Universitatea din Bucureşti (UNIBUC);Bucuresti, Bucuresti;120;N/A;N/A;3.100 lei;Inginerie geologică;Public;Acreditat;Inginerie geologică;Inginerie geologică;Științe Inginerești;Dosar;48;72
Facultatea de Geografie;Universitatea din Bucureşti (UNIBUC);Bucuresti, Bucuresti;50;6.40;N/A;3.100 lei;Geografia turismului (la Drobeta-Turnu Severin);Public;Acreditat;Geografia turismului;Geografie;Științe ale Naturii;Examen;20;30
Facultatea de Geografie;Universitatea din Bucureşti (UNIBUC);Bucuresti, Bucuresti;50;6.29;N/A;3.100 lei;Planificare teritorială (la Drobeta-Turnu Severin);Public;Acreditat;Planificare teritorială;Geografie;Științe ale Naturii;Examen;20;30
Facultatea de Jurnalism şi Ştiinţele Comunicării;Universitatea din Bucureşti (UNIBUC);Bucuresti, Bucuresti;75;N/A;N/A;3.100 lei;Publicitate;Public;Autorizat;Publicitate;Ştiinţe ale comunicării;Științe Politice și Comunicare;Examen;25;50
Facultatea de Istorie;Universitatea din Bucureşti (UNIBUC);Bucuresti, Bucuresti;116;N/A;N/A;3.100 lei;Relații internaționale și studii europene;Public;Acreditat;Relaţii internaţionale şi studii europene;Relații internaționale și studii europene;Științe Politice și Comunicare;Dosar;54;62
Facultatea de Limbi şi Literaturi Străine;Universitatea din Bucureşti (UNIBUC);Bucuresti, Bucuresti;30;N/A;N/A;3.200 lei;Limba şi literatura neogreacă A - Limba şi literatura modernă B/Limba şi literatura română B;Public;Acreditat;Limbă şi literatură;Limbă şi literatură;Științe Umaniste;Dosar;14;16
Facultatea de Ştiinţe Politice;Universitatea din Bucureşti (UNIBUC);Bucuresti, Bucuresti;93;N/A;N/A;3.000 lei;Studii de securitate (cu module opţionale în limbile română, engleză, franceză);Public;Autorizat;Studii de securitate;Ştiinţe politice;Științe Politice și Comunicare;Examen;39;54
Facultatea de Sociologie şi Asistenţă Socială;Universitatea din Bucureşti (UNIBUC);Bucuresti, Bucuresti;300;9.17;N/A;3.100 lei;Asistenţă Socială;Public;Acreditat;Asistenţă socială;Asistenţă socială;Științe Sociale și Psihologie;Examen;110;190
Facultatea de Matematică şi Informatică;Universitatea din Bucureşti (UNIBUC);Bucuresti, Bucuresti;N/A;N/A;N/A;4.000 lei;Matematică;Public;Acreditat;Matematică;Matematică;Științe Exacte;Examen;0;0
Facultatea de Drept;Universitatea din Bucureşti (UNIBUC);Bucuresti, Bucuresti;400;N/A;N/A;3.500 lei;Drept - Învățământ la distanță;Public;Acreditat;Drept;Drept;Științe Juridice;Examen;0;400
Facultatea de Limbi şi Literaturi Străine;Universitatea din Bucureşti (UNIBUC);Bucuresti, Bucuresti;N/A;N/A;N/A;3.000 lei;O limbă şi literatură modernă (A) - O limbă şi literatură modernă (B)/ Limba şi literatura română;Public;Acreditat;Limbă şi literatură;Limbă şi literatură;Științe Umaniste;Dosar;0;0
Facultatea de Chimie;Universitatea din Bucureşti (UNIBUC);Bucuresti, Bucuresti;35;9.28;1.14;3.200 lei;Chimie farmaceutică;Public;Autorizat;Chimie;Chimie;Științe Exacte;Examen;25;10
Facultatea de Limbi şi Literaturi Străine;Universitatea din Bucureşti (UNIBUC);Bucuresti, Bucuresti;35;N/A;N/A;3.000 lei;Limba si literatura suedeza - Limba si literatura moderna (engleza/germana/ neerlandeza/franceza/ spaniola/italiana/ portugheza/catalana/ rusa/persana/hindi/ coreeana)/Limba si literatura latina/ Limba si literatura româna;Public;Acreditat;Limbă şi literatură;Limbă şi literatură;Științe Umaniste;Dosar;12;23
Facultatea de Litere;Universitatea din Bucureşti (UNIBUC);Bucuresti, Bucuresti;117;N/A;N/A;3.100 lei;Studii europene;Public;Acreditat;Studii europene;Studii culturale;Științe Umaniste;Dosar;73;44
Facultatea de Limbi şi Literaturi Străine;Universitatea din Bucureşti (UNIBUC);Bucuresti, Bucuresti;727;6.10;N/A;3.200 lei;Limbă şi literatură;Public;Acreditat;Limbă şi literatură;Limbă şi literatură;Științe Umaniste;Examen;348;379
Facultatea de Biologie;Universitatea din Bucureşti (UNIBUC);Bucuresti, Bucuresti;N/A;N/A;N/A;3.000 lei;Biochimie;Public;Acreditat;Biochimie;Biologie;Științe ale Naturii;Examen;0;0
Facultatea de Fizică;Universitatea din Bucureşti (UNIBUC);Magurele, Ilfov;35;N/A;N/A;3.000 lei;Fizică medicală;Public;Acreditat;Fizică medicală;Fizică;Științe Exacte;Examen;25;10
Facultatea de Fizică;Universitatea din Bucureşti (UNIBUC);Magurele, Ilfov;20;N/A;N/A;3.000 lei;Biofizică;Public;Acreditat;Biofizică;Fizică;Științe Exacte;Examen;0;20
Facultatea de Geografie;Universitatea din Bucureşti (UNIBUC);Bucuresti, Bucuresti;198;6.80;N/A;3.100 lei;Geografia turismului;Public;Acreditat;Geografia turismului;Geografie;Științe ale Naturii;Examen;100;98
Facultatea de Geografie;Universitatea din Bucureşti (UNIBUC);Bucuresti, Bucuresti;50;N/A;N/A;3.100 lei;Geografie - Învățământ la distanță;Public;Acreditat;Geografie;Geografie;Științe ale Naturii;Dosar;0;50
Facultatea de Geologie şi Geofizică;Universitatea din Bucureşti (UNIBUC);Bucuresti, Bucuresti;60;N/A;N/A;3.100 lei;Geofizică;Public;Acreditat;Geofizică;Inginerie geologică;Științe Inginerești;Dosar;21;39
Facultatea de Jurnalism şi Ştiinţele Comunicării;Universitatea din Bucureşti (UNIBUC);Bucuresti, Bucuresti;50;N/A;N/A;3.100 lei;Jurnalism - Învățământ la distanță;Public;Acreditat;Jurnalism;Ştiinţe ale comunicării;Științe Politice și Comunicare;Examen;50;0
Facultatea de Psihologie şi Ştiinţele Educaţiei;Universitatea din Bucureşti (UNIBUC);Bucuresti, Bucuresti;70;N/A;N/A;3.100 lei;Pedagogie;Public;Acreditat;Pedagogie;Științe ale educației;Științe Politice și Comunicare;Examen;60;10
Facultatea de Psihologie şi Ştiinţele Educaţiei;Universitatea din Bucureşti (UNIBUC);Bucuresti, Bucuresti;90;N/A;N/A;3.100 lei;Psihopedagogie specială;Public;Acreditat;Psihopedagogie specială;Științe ale educației;Științe Politice și Comunicare;Examen;60;30
Facultatea de Psihologie şi Ştiinţele Educaţiei;Universitatea din Bucureşti (UNIBUC);Bucuresti, Bucuresti;50;N/A;N/A;3.100 lei;Pedagogia învăţământului primar şi preşcolar (la Buzău);Public;Acreditat;Pedagogia învăţământului primar şi preşcolar;Științe ale educației;Științe Politice și Comunicare;Examen;40;10
Facultatea de Matematică şi Informatică;Universitatea din Bucureşti (UNIBUC);Bucuresti, Bucuresti;100;N/A;N/A;4.400 lei;Tehnologia informaţiei;Public;Acreditat;Tehnologia informaţiei;Calculatoare și tehnologia informației;Științe Inginerești;Examen;80;20
Facultatea de Matematică şi Informatică;Universitatea din Bucureşti (UNIBUC);Bucuresti, Bucuresti;N/A;N/A;N/A;4.000 lei;Matematici aplicate;Public;Acreditat;Matematici aplicate;Matematică;Științe Exacte;Examen;0;0
Facultatea de Ştiinţe Politice;Universitatea din Bucureşti (UNIBUC);Bucuresti, Bucuresti;183;N/A;N/A;N/A;Ştiinţe Politice;Public;Acreditat;Ştiinţe politice;Ştiinţe politice;Științe Politice și Comunicare;Examen;60;123
Facultatea de Ştiinţe Politice;Universitatea din Bucureşti (UNIBUC);Bucuresti, Bucuresti;133;N/A;N/A;3.000 lei;Ştiinţe Politice (în limba engleză);Public;Acreditat;Ştiinţe politice;Ştiinţe politice;Științe Politice și Comunicare;Examen;38;95
Facultatea de Sociologie şi Asistenţă Socială;Universitatea din Bucureşti (UNIBUC);Bucuresti, Bucuresti;400;9.15;N/A;3.100 lei;Sociologie;Public;Acreditat;Sociologie;Sociologie;Științe Sociale și Psihologie;Examen;120;280
Facultatea de Teologie Baptistă;Universitatea din Bucureşti (UNIBUC);Bucuresti, Bucuresti;35;N/A;N/A;3.100 lei;Teologie baptistă asistenţă socială;Public;Acreditat;Teologie asistenţă socială;Teologie;Teologie;Examen;25;10
Facultatea de Teologie Ortodoxă;Universitatea din Bucureşti (UNIBUC);Bucuresti, Bucuresti;32;N/A;N/A;3.100 lei;Teologie ortodoxă asistenţă socială;Public;Acreditat;Teologie asistenţă socială;Teologie;Teologie;Examen;15;17
Facultatea de Litere;Universitatea din Bucureşti (UNIBUC);Bucuresti, Bucuresti;58;5.85;N/A;3.100 lei;Ştiinţe ale informării şi documentării;Public;Acreditat;Științe ale informării și documentării;Ştiinţe ale comunicării;Științe Politice și Comunicare;Dosar;50;8
Facultatea de Litere;Universitatea din Bucureşti (UNIBUC);Bucuresti, Bucuresti;397;8.48;N/A;3.100 lei;Limba şi literatura română - O limbă şi literatură modernă;Public;Acreditat;Limba şi literatura română;Limbă şi literatură;Științe Umaniste;Dosar;195;202
Facultatea de Litere;Universitatea din Bucureşti (UNIBUC);Bucuresti, Bucuresti;72;7.68;N/A;3.100 lei;Literatură universală şi comparată - O limbă şi literatură modernă (engleză, franceză, germană, italiană, spaniolă, portugheză, rusă)/ Limba și literatura latină;Public;Acreditat;Literatură universală şi comparată;Limbă şi literatură;Științe Umaniste;Dosar;50;22
Facultatea de Limbi şi Literaturi Străine;Universitatea din Bucureşti (UNIBUC);Bucuresti, Bucuresti;13;7.48;N/A;4.000 lei;Filologie clasică (Limba şi literatura latină A - Limba şi literatura greacă veche B);Public;Acreditat;Filologie clasică;Limbă şi literatură;Științe Umaniste;Dosar;9;4
Facultatea de Limbi şi Literaturi Străine;Universitatea din Bucureşti (UNIBUC);Bucuresti, Bucuresti;25;7.98;N/A;3.200 lei;Studii iudaice;Public;Acreditat;Studii iudaice;Studii culturale;Științe Umaniste;Dosar;15;10
Facultatea de Biologie;Universitatea din Bucureşti (UNIBUC);Bucuresti, Bucuresti;N/A;N/A;N/A;3.000 lei;Ecologie şi protecţia mediului;Public;Acreditat;Ecologie şi protecţia mediului;Ştiinţa mediului;Științe ale Naturii;Examen;0;0
Facultatea de Administraţie şi Afaceri;Universitatea din Bucureşti (UNIBUC);Bucuresti, Bucuresti;N/A;N/A;N/A;3.000 lei;Administraţie publică;Public;Acreditat;Administraţie publică;Ştiinţe administrative;Științe Politice și Comunicare;Examen;0;0
Facultatea de Geografie;Universitatea din Bucureşti (UNIBUC);Bucuresti, Bucuresti;100;6.90;N/A;3.100 lei;Cartografie;Public;Acreditat;Cartografie;Geografie;Științe ale Naturii;Examen;70;30
Facultatea de Geografie;Universitatea din Bucureşti (UNIBUC);Bucuresti, Bucuresti;80;N/A;N/A;3.100 lei;Hidrologie și meteorologie;Public;Acreditat;Hidrologie şi meteorologie;Geografie;Științe ale Naturii;Examen;70;10
Facultatea de Limbi şi Literaturi Străine;Universitatea din Bucureşti (UNIBUC);Bucuresti, Bucuresti;40;N/A;N/A;3.200 lei;Limbă şi literatură modernă - Limba şi literatura coreeană (B);Public;Acreditat;Limbă şi literatură;Limbă şi literatură;Științe Umaniste;Dosar;13;27
Facultatea de Jurnalism şi Ştiinţele Comunicării;Universitatea din Bucureşti (UNIBUC);Bucuresti, Bucuresti;126;N/A;N/A;3.100 lei;Comunicare şi relaţii publice;Public;Acreditat;Comunicare şi relaţii publice;Ştiinţe ale comunicării;Științe Politice și Comunicare;Examen;46;80
Facultatea de Istorie;Universitatea din Bucureşti (UNIBUC);Bucuresti, Bucuresti;229;N/A;N/A;3.100 lei;Istorie;Public;Acreditat;Istorie;Istorie;Științe Umaniste;Dosar;108;121
Facultatea de Limbi şi Literaturi Străine;Universitatea din Bucureşti (UNIBUC);Bucuresti, Bucuresti;21;N/A;N/A;3.200 lei;Limba şi literatura rromani - Limba şi literatura română/O limbă şi literatură modernă;Public;Acreditat;Limbă şi literatură;Limbă şi literatură;Științe Umaniste;Dosar;15;6
Facultatea de Matematică şi Informatică;Universitatea din Bucureşti (UNIBUC);Bucuresti, Bucuresti;N/A;N/A;N/A;3.600 lei;Informatică - Învățământ la distanță;Public;Acreditat;Informatică;Informatică;Științe Exacte;Examen;0;0
Facultatea de Ştiinţe Politice;Universitatea din Bucureşti (UNIBUC);Bucuresti, Bucuresti;85;N/A;N/A;3.000 lei;Relaţii internaţionale şi studii europene (în limba engleză);Public;Autorizat;Relaţii internaţionale şi studii europene;Relații internaționale și studii europene;Științe Politice și Comunicare;Examen;32;53
Facultatea de Sociologie şi Asistenţă Socială;Universitatea din Bucureşti (UNIBUC);Bucuresti, Bucuresti;N/A;7.80;N/A;3.100 lei;Asistenţă Socială - Învățământ la distanță;Public;Acreditat;Asistenţă socială;Asistenţă socială;Științe Sociale și Psihologie;Examen;0;0
Facultatea de Teologie Romano-Catolică;Universitatea din Bucureşti (UNIBUC);Bucuresti, Bucuresti;17;N/A;N/A;2.500 lei;Studii Religioase;Public;Autorizat;Studii religioase;Teologie;Teologie;Examen;7;10
Facultatea de Filosofie;Universitatea din Bucureşti (UNIBUC);Bucuresti, Bucuresti;188;7.66;N/A;3.500 lei;Filosofie și Studii Europene;Public;Acreditat;Filosofie;Filosofie;Științe Umaniste;Dosar;106;82
Facultatea de Sociologie şi Asistenţă Socială;Universitatea din Bucureşti (UNIBUC);Bucuresti, Bucuresti;100;N/A;N/A;3.100 lei;Sociologie (în limba engleză);Public;Acreditat;Sociologie;Sociologie;Științe Sociale și Psihologie;Examen;25;75
Facultatea de Limbi şi Literaturi Străine;Universitatea din Bucureşti (UNIBUC);Bucuresti, Bucuresti;270;9.85;N/A;3.200 lei;Limbi moderne aplicate;Public;Acreditat;Limbi moderne aplicate;Limbi moderne aplicate;Științe Umaniste;Dosar;10;260
Facultatea de Jurnalism şi Ştiinţele Comunicării;Universitatea din Bucureşti (UNIBUC);Bucuresti, Bucuresti;75;N/A;N/A;3.100 lei;Comunicare și relatii publice - Învățământ la distanță;Public;Acreditat;Comunicare şi relaţii publice;Ştiinţe ale comunicării;Științe Politice și Comunicare;Examen;0;75
Facultatea de Psihologie şi Ştiinţele Educaţiei;Universitatea din Bucureşti (UNIBUC);Bucuresti, Bucuresti;120;N/A;N/A;3.100 lei;Pedagogia învăţământului primar şi preşcolar;Public;Acreditat;Pedagogia învăţământului primar şi preşcolar;Științe ale educației;Științe Politice și Comunicare;Examen;70;50
Facultatea de Matematică şi Informatică;Universitatea din Bucureşti (UNIBUC);Bucuresti, Bucuresti;N/A;N/A;N/A;4.000 lei;Matematică informatică;Public;Acreditat;Matematică informatică;Matematică;Științe Exacte;Examen;0;0
Facultatea de Psihologie şi Ştiinţele Educaţiei;Universitatea din Bucureşti (UNIBUC);Bucuresti, Bucuresti;N/A;N/A;N/A;3.100 lei;Pedagogia Învățământului Primar și Preșcolar - Învățământ la distanță;Public;Acreditat;Pedagogia învăţământului primar şi preşcolar;Științe ale educației;Științe Politice și Comunicare;Examen;0;0
Facultatea de Psihologie şi Ştiinţele Educaţiei;Universitatea din Bucureşti (UNIBUC);Bucuresti, Bucuresti;50;N/A;N/A;3.100 lei;Pedagogia învăţământului primar şi preşcolar (la Focşani);Public;Acreditat;Pedagogia învăţământului primar şi preşcolar;Științe ale educației;Științe Politice și Comunicare;Examen;40;10
Facultatea de Sociologie şi Asistenţă Socială;Universitatea din Bucureşti (UNIBUC);Bucuresti, Bucuresti;100;9.06;N/A;3.100 lei;Antropologie;Public;Autorizat;Antropologie;Sociologie;Științe Sociale și Psihologie;Examen;25;75
Facultatea de Sociologie şi Asistenţă Socială;Universitatea din Bucureşti (UNIBUC);Bucuresti, Bucuresti;200;8.60;N/A;3.100 lei;Resurse Umane;Public;Autorizat;Resurse umane;Sociologie;Științe Sociale și Psihologie;Examen;45;155
Facultatea de Ştiinţe Politice;Universitatea din Bucureşti (UNIBUC);Bucuresti, Bucuresti;55;N/A;N/A;3.000 lei;Ştiinţe Politice (în limba franceză);Public;Acreditat;Ştiinţe politice;Ştiinţe politice;Științe Politice și Comunicare;Examen;20;35
Facultatea de Teologie Ortodoxă;Universitatea din Bucureşti (UNIBUC);Bucuresti, Bucuresti;13;N/A;N/A;3.100 lei;Artă sacră;Public;Acreditat;Artă sacră;Arte vizuale;Arte, Arhitectură și Urbanism ;Examen;9;4
Facultatea de Limbi şi Literaturi Străine;Universitatea din Bucureşti (UNIBUC);Bucuresti, Bucuresti;88;N/A;N/A;3.000 lei;Limbă şi literatură modernă - Limba şi literatura catalană (B);Public;Acreditat;Limbă şi literatură;Limbă şi literatură;Științe Umaniste;Dosar;27;61
Facultatea de Administraţie şi Afaceri;Universitatea din Bucureşti (UNIBUC);Bucuresti, Bucuresti;N/A;N/A;N/A;3.000 lei;Administrarea afacerilor (în limba engleză - Business administration);Public;Autorizat;Administrarea afacerilor;Administrarea afacerilor;Științe Economice;Examen;0;0
Facultatea de Chimie;Universitatea din Bucureşti (UNIBUC);Bucuresti, Bucuresti;155;8.72;0.71;3.200 lei;Chimie;Public;Acreditat;Chimie;Chimie;Științe Exacte;Examen;40;115
Facultatea de Drept;Universitatea din Bucureşti (UNIBUC);Bucuresti, Bucuresti;598;7.10;1.14;3.500 lei;Drept;Public;Acreditat;Drept;Drept;Științe Juridice;Examen;301;297
Facultatea de Fizică;Universitatea din Bucureşti (UNIBUC);Magurele, Ilfov;25;N/A;N/A;3.000 lei;Fizică informatică;Public;Acreditat;Fizică informatică;Fizică;Științe Exacte;Examen;15;10
Facultatea de Geografie;Universitatea din Bucureşti (UNIBUC);Bucuresti, Bucuresti;100;N/A;N/A;3.100 lei;Geografia turismului - Învățământ la distanță;Public;Acreditat;Geografia turismului;Geografie;Științe ale Naturii;Examen;0;100
Facultatea de Geografie;Universitatea din Bucureşti (UNIBUC);Bucuresti, Bucuresti;30;7.50;N/A;3.100 lei;Geografia turismului (la Călimăneşti);Public;Acreditat;Geografia turismului;Geografie;Științe ale Naturii;Examen;25;5
Facultatea de Geologie şi Geofizică;Universitatea din Bucureşti (UNIBUC);Bucuresti, Bucuresti;60;N/A;N/A;3.100 lei;Geologie;Public;Acreditat;Geologie;Geologie;Științe ale Naturii;Dosar;21;39
Facultatea de Administraţie şi Afaceri;Universitatea din Bucureşti (UNIBUC);Bucuresti, Bucuresti;N/A;N/A;N/A;3.000 lei;Cibernetică economică;Public;Autorizat;Cibernetică economică ;Cibernetică, statistică și informatică economică ;Științe Economice;Examen;0;0
Facultatea de Litere;Universitatea din Bucureşti (UNIBUC);Bucuresti, Bucuresti;72;N/A;N/A;3.100 lei;Asistenţă managerială şi administrativă;Public;Acreditat;Asistenţă managerială şi secretariat;Ştiinţe administrative;Științe Politice și Comunicare;Dosar;55;17
Facultatea de Limbi şi Literaturi Străine;Universitatea din Bucureşti (UNIBUC);Bucuresti, Bucuresti;180;6.70;N/A;3.200 lei;Traducere şi interpretare;Public;Acreditat;Traducere și interpretare;Limbi moderne aplicate;Științe Umaniste;Examen;46;134
Facultatea de Psihologie şi Ştiinţele Educaţiei;Universitatea din București (UNIBUC) - Extensia Buzău;Buzau, Buzau;50;N/A;N/A;3.100 lei;Pedagogia învăţământului primar şi preşcolar;Public;Acreditat;Pedagogia învăţământului primar şi preşcolar;Științe ale educației;Științe Politice și Comunicare;Examen;33;17
Facultatea de Geografie;Universitatea din București (UNIBUC) - Extensia Călimănești;Calimanesti, Valcea;30;N/A;N/A;3.100 lei;Geografia turismului;Public;Acreditat;Geografia turismului;Geografie;Științe ale Naturii;Examen;10;20
Facultatea de Geografie;Universitatea din București (UNIBUC) - Extensia Drobeta Turnu Severin;Drobeta Turnu Severin, Mehedinti;50;N/A;N/A;3.100 lei;Geografia turismului;Public;Acreditat;Geografia turismului;Geografie;Științe ale Naturii;Examen;12;38
Facultatea de Psihologie si Stiintele Educatiei;Universitatea din București (UNIBUC) - Extensia Focșani;Focsani, Vrancea;50;N/A;N/A;3.100 lei;Pedagogia învatamântului primar si prescolar;Public;Acreditat;Pedagogia învăţământului primar şi preşcolar;Științe ale educației;Științe Politice și Comunicare;Examen;33;17
Facultatea de Ştiinţe;Universitatea din Craiova;Craiova, Dolj;43;6.13;0.70;3.000 lei;Fizică medicală;Public;Acreditat;Fizică medicală;Fizică;Științe Exacte;Dosar;40;3
Facultatea de Ştiinţe;Universitatea din Craiova;Craiova, Dolj;80;6.09;0.39;3.000 lei;Geografia turismului;Public;Autorizat;Geografia turismului;Geografie;Științe ale Naturii;Dosar;30;50
Facultatea de Ştiinţe;Universitatea din Craiova;Craiova, Dolj;90;6.45;0.39;3.000 lei;Geografie;Public;Acreditat;Geografie;Geografie;Științe ale Naturii;Dosar;30;60
Facultatea de Litere;Universitatea din Craiova;Craiova, Dolj;60;8.90;0.75;3.000 lei;Pedagogia învăţământului primar şi preşcolar;Public;Acreditat;Pedagogia învăţământului primar şi preşcolar;Științe ale educației;Științe Politice și Comunicare;Examen;20;40
Facultatea de Litere;Universitatea din Craiova;Craiova, Dolj;40;6.05;0.62;3.000 lei;Jurnalism;Public;Acreditat;Jurnalism;Ştiinţe ale comunicării;Științe Politice și Comunicare;Dosar;22;18
Facultatea de Litere;Universitatea din Craiova;Craiova, Dolj;30;6.13;0.60;3.000 lei;Traducere şi interpretare (engleză, franceză);Public;Acreditat;Traducere și interpretare;Limbi moderne aplicate;Științe Umaniste;Dosar;19;11
Facultatea de Litere;Universitatea din Craiova;Craiova, Dolj;120;N/A;N/A;3.000 lei;Limba şi literatura română – O limbă şi literatură modernă (engleză, franceză, italiană, germană, spaniolă);Public;Acreditat;Limba şi literatura română;Limbă şi literatură;Științe Umaniste;Dosar;69;51
Facultatea de Litere;Universitatea din Craiova;Craiova, Dolj;15;6.00;N/A;3.000 lei;Artele spectacolului (actorie);Public;Acreditat;Artele spectacolului;Teatru şi artele spectacolului;Arte, Arhitectură și Urbanism ;Examen;9;6
Facultatea de Inginerie Electrică;Universitatea din Craiova;Craiova, Dolj;68;N/A;N/A;3.000 lei;Electromecanică;Public;Acreditat;Electromecanică;Inginerie electrică;Științe Inginerești;Dosar;65;3
Facultatea de Teologie Ortodoxă;Universitatea din Craiova;Craiova, Dolj;100;N/A;N/A;3.000 lei;Teologie ortodoxă pastorală;Public;Acreditat;Teologie pastorală;Teologie;Teologie;Examen;50;50
Facultatea de Automatică, Calculatoare şi Electronică;Universitatea din Craiova;Craiova, Dolj;80;N/A;N/A;3.000 lei;Calculatoare (în limba engleză);Public;Acreditat;Calculatoare;Calculatoare și tehnologia informației;Științe Inginerești;Examen;66;14
Facultatea de Agronomie;Universitatea din Craiova;Craiova, Dolj;100;N/A;N/A;3.000 lei;Agricultură;Public;Acreditat;Agricultură;Agronomie;Științe Agricole;Dosar;55;45
Facultatea de Automatică, Calculatoare şi Electronică;Universitatea din Craiova;Craiova, Dolj;100;N/A;N/A;3.000 lei;Automatică şi informatică aplicată;Public;Acreditat;Automatică şi informatică aplicată;Ingineria sistemelor și inginerie mecanică;Științe Inginerești;Dosar;80;20
Facultatea de Automatică, Calculatoare şi Electronică;Universitatea din Craiova;Craiova, Dolj;55;N/A;N/A;3.000 lei;Ingineria sistemelor multimedia;Public;Acreditat;Ingineria sistemelor multimedia;Ingineria sistemelor și inginerie mecanică;Științe Inginerești;Dosar;40;15
Facultatea de Automatică, Calculatoare şi Electronică;Universitatea din Craiova;Craiova, Dolj;50;N/A;N/A;3.000 lei;Mecatronică;Public;Acreditat;Mecatronică;Mecatronică și robotică;Științe Inginerești;Dosar;35;15
Facultatea de Ştiinţe Sociale;Universitatea din Craiova;Craiova, Dolj;74;7.03;0.45;3.000 lei;Relaţii internaţionale şi studii europene;Public;Acreditat;Relaţii internaţionale şi studii europene;Relații internaționale și studii europene;Științe Politice și Comunicare;Dosar;19;55
Facultatea de Agronomie;Universitatea din Craiova;Craiova, Dolj;50;N/A;N/A;3.000 lei;Măsurători terestre şi cadastru;Public;Acreditat;Măsurători terestre şi cadastru;Inginerie geodezică;Științe Inginerești;Dosar;29;21
Facultatea de Ştiinţe Sociale;Universitatea din Craiova;Craiova, Dolj;99;7.33;0.48;3.000 lei;Sociologie;Public;Acreditat;Sociologie;Sociologie;Științe Sociale și Psihologie;Dosar;24;75
Facultatea de Ştiinţe Sociale;Universitatea din Craiova;Craiova, Dolj;99;8.80;1.11;3.000 lei;Asistenţă Socială;Public;Acreditat;Asistenţă socială;Asistenţă socială;Științe Sociale și Psihologie;Dosar;16;83
Facultatea de Economie şi Administrarea Afacerilor;Universitatea din Craiova;Craiova, Dolj;40;N/A;N/A;3.000 lei;Economie şi afaceri internaţionale;Public;Acreditat;Economie şi afaceri internaţionale;Economie şi afaceri internaţionale;Științe Economice;Dosar;33;7
Facultatea de Horticultură;Universitatea din Craiova;Craiova, Dolj;40;N/A;N/A;3.000 lei;Peisagistică;Public;Acreditat;Peisagistică;Horticultură;Științe Agricole;Dosar;24;16
Facultatea de Economie şi Administrarea Afacerilor;Universitatea din Craiova;Craiova, Dolj;30;N/A;N/A;3.000 lei;Statistică şi previziune economică;Public;Acreditat;Statistică și previziune economică ;Cibernetică, statistică și informatică economică ;Științe Economice;Dosar;20;10
Facultatea de Litere;Universitatea din Craiova;Craiova, Dolj;8;8.12;1.00;3.000 lei;Interpretare muzicală - instrumente;Public;Acreditat;Interpretare muzicală - instrumente;Muzică;Arte, Arhitectură și Urbanism ;Examen;4;4
Facultatea de Litere;Universitatea din Craiova;Craiova, Dolj;90;6.98;0.61;3.000 lei;Limba şi literatură modernă A (engleză) – Limba şi literatură modernă B (franceză/ engleză/ germană/ italiană/ spaniolă)/ Limba și literatura latină;Public;Acreditat;Limbă şi literatură;Limbă şi literatură;Științe Umaniste;Dosar;52;38
Facultatea de Litere;Universitatea din Craiova;Craiova, Dolj;90;N/A;N/A;3.000 lei;O limbă şi literatură modernă A (engleză) - O limbă și literatură modernă B (franceză, italiană, germană, spaniolă)/ Limba şi literatura latină);Public;Acreditat;Limba şi literatura modernă;Limbă şi literatură;Științe Umaniste;Dosar;52;38
Facultatea de Mecanică;Universitatea din Craiova;Craiova, Dolj;60;N/A;N/A;3.000 lei;Construcţii civile, industriale şi agricole;Public;Autorizat;Construcţii civile, industriale şi agricole;Inginerie civilă;Științe Inginerești;Dosar;36;24
Facultatea de Teologie Ortodoxă;Universitatea din Craiova;Craiova, Dolj;30;N/A;N/A;3.000 lei;Artă sacră;Public;Autorizat;Artă sacră;Arte vizuale;Arte, Arhitectură și Urbanism ;Examen;10;20
Facultatea de Mecanică;Universitatea din Craiova;Craiova, Dolj;50;N/A;N/A;3.000 lei;Inginerie economică în domeniul mecanic;Public;Acreditat;Inginerie economică în domeniul mecanic;Inginerie și management;Științe Inginerești;Dosar;25;25
Facultatea de Drept;Universitatea din Craiova;Craiova, Dolj;100;N/A;1.28;3.200 lei;Drept (IFR);Public;Acreditat;Drept;Drept;Științe Juridice;Dosar;0;100
Facultatea de Automatică, Calculatoare şi Electronică;Universitatea din Craiova;Craiova, Dolj;50;N/A;N/A;3.000 lei;Robotică;Public;Acreditat;Robotică;Mecatronică și robotică;Științe Inginerești;Dosar;35;15
Facultatea de Horticultură;Universitatea din Craiova;Craiova, Dolj;60;N/A;N/A;3.000 lei;Biologie;Public;Acreditat;Biologie;Biologie;Științe ale Naturii;Dosar;40;20
Facultatea de Economie şi Administrarea Afacerilor;Universitatea din Craiova;Craiova, Dolj;50;N/A;N/A;2.500 lei;Contabilitate şi informatică de gestiune (ID);Public;Acreditat;Contabilitate şi informatică de gestiune;Contabilitate;Științe Economice;Dosar;0;50
Facultatea de Economie şi Administrarea Afacerilor;Universitatea din Craiova;Craiova, Dolj;40;N/A;N/A;3.000 lei;Economia comerţului, turismului şi serviciilor;Public;Acreditat;Economia comerţului, turismului şi serviciilor;Administrarea afacerilor;Științe Economice;Dosar;30;10
Facultatea de Educaţie Fizică şi Sport;Universitatea din Craiova;Craiova, Dolj;149;N/A;N/A;N/A;Educaţie fizică şi sportivă;Public;Acreditat;Educaţie fizică şi sportivă;Educaţie fizică şi sport;Ştiinţa Sportului şi Educaţiei Fizice;Examen;46;103
Facultatea de Ştiinţe;Universitatea din Craiova;Craiova, Dolj;36;6.55;0.44;3.000 lei;Matematică;Public;Acreditat;Matematică;Matematică;Științe Exacte;Dosar;26;10
Facultatea de Litere;Universitatea din Craiova;Craiova, Dolj;8;8.12;0.62;4.500 lei;Interpretare muzicală - canto;Public;Acreditat;Interpretare muzicală - canto;Muzică;Arte, Arhitectură și Urbanism ;Examen;5;3
Facultatea de Litere;Universitatea din Craiova;Craiova, Dolj;15;6.65;1.00;4.500 lei;Muzică;Public;Acreditat;Pedagogie muzicală;Muzică;Arte, Arhitectură și Urbanism ;Examen;6;9
Facultatea de Litere;Universitatea din Craiova;Craiova, Dolj;15;6.23;0.73;3.000 lei;Limba şi literatura română – Limba şi literatura latină;Public;Acreditat;Limba şi literatura română;Limbă şi literatură;Științe Umaniste;Dosar;10;5
Facultatea de Mecanică;Universitatea din Craiova;Craiova, Dolj;120;N/A;N/A;3.000 lei;Autovehicule rutiere;Public;Acreditat;Autovehicule rutiere;Ingineria autovehiculelor;Științe Inginerești;Dosar;87;33
Facultatea de Inginerie Electrică;Universitatea din Craiova;Craiova, Dolj;140;N/A;N/A;3.000 lei;Inginerie electrică şi calculatoare;Public;Acreditat;Inginerie electrică şi calculatoare;Inginerie electrică;Științe Inginerești;Dosar;65;75
Facultatea de Inginerie Electrică;Universitatea din Craiova;Craiova, Dolj;100;N/A;N/A;3.000 lei;Ingineria sistemelor electroenergetice;Public;Acreditat;Ingineria sistemelor electroenergetice;Inginerie energetică;Științe Inginerești;Dosar;40;60
Facultatea de Automatică, Calculatoare şi Electronică;Universitatea din Craiova;Craiova, Dolj;80;N/A;N/A;3.000 lei;Calculatoare;Public;Acreditat;Calculatoare;Calculatoare și tehnologia informației;Științe Inginerești;Examen;65;15
Facultatea de Educaţie Fizică şi Sport;Universitatea din Craiova;Craiova, Dolj;149;N/A;N/A;N/A;Kinetoterapie şi motricitate specială;Public;Acreditat;Kinetoterapie şi motricitate specială;Kinetoterapie;Ştiinţa Sportului şi Educaţiei Fizice;Examen;35;114
Facultatea de Drept;Universitatea din Craiova;Craiova, Dolj;80;6.16;0.76;3.200 lei;Administraţie publică;Public;Acreditat;Administraţie publică;Ştiinţe administrative;Științe Politice și Comunicare;Dosar;40;40
Facultatea de Ştiinţe Sociale;Universitatea din Craiova;Craiova, Dolj;74;6.35;0.50;3.000 lei;Ştiinţe politice;Public;Acreditat;Ştiinţe politice;Ştiinţe politice;Științe Politice și Comunicare;Dosar;24;50
Facultatea de Agronomie;Universitatea din Craiova;Craiova, Dolj;50;N/A;N/A;3.000 lei;Silvicultura;Public;Acreditat;Silvicultură;Silvicultură;Științe Agricole;Dosar;28;22
Facultatea de Economie şi Administrarea Afacerilor;Universitatea din Craiova;Craiova, Dolj;60;N/A;N/A;3.000 lei;Informatică economică;Public;Acreditat;Informatică economică;Informatică economică;Științe Economice;Dosar;53;7
Facultatea de Economie şi Administrarea Afacerilor;Universitatea din Craiova;Craiova, Dolj;65;N/A;N/A;3.000 lei;Management;Public;Acreditat;Management;Management;Științe Economice;Dosar;54;11
Facultatea de Economie şi Administrarea Afacerilor;Universitatea din Craiova;Craiova, Dolj;30;N/A;N/A;3.000 lei;Economie şi afaceri internaţionale (în limba engleză);Public;Autorizat;Economie şi afaceri internaţionale;Economie şi afaceri internaţionale;Științe Economice;Dosar;24;6
Facultatea de Economie şi Administrarea Afacerilor;Universitatea din Craiova;Craiova, Dolj;50;N/A;N/A;2.500 lei;Finanţe şi Bănci (ID);Public;Acreditat;Finanţe şi bănci;Finanţe;Științe Economice;Dosar;0;50
Facultatea de Horticultură;Universitatea din Craiova;Craiova, Dolj;60;N/A;N/A;3.000 lei;Ingineria şi protecţia mediului în agricultură;Public;Acreditat;Ingineria şi protecţia mediului în agricultură;Ingineria mediului;Științe Inginerești;Dosar;34;26
Facultatea de Horticultură;Universitatea din Craiova;Craiova, Dolj;60;N/A;N/A;3.000 lei;Horticultură;Public;Acreditat;Horticultură;Horticultură;Științe Agricole;Dosar;29;31
Facultatea de Litere;Universitatea din Craiova;Craiova, Dolj;30;6.03;0.50;3.000 lei;O limbă şi literatură modernă A (franceză) - O limbă și literatură modernă B (engleză, italiană, germană, spaniolă)/ Limbă şi literatură latină);Public;Acreditat;Limba şi literatura modernă;Limbă şi literatură;Științe Umaniste;Dosar;19;11
Facultatea de Litere;Universitatea din Craiova;Craiova, Dolj;12;N/A;N/A;3.000 lei;Cinematografie, fotografie, media (Comunicare audiovizuală: scenaristică, publicitate media, filmologie);Public;Acreditat;Cinematografie, fotografie, media;Cinematografie şi media;Arte, Arhitectură și Urbanism ;Examen;11;1
Facultatea de Litere;Universitatea din Craiova;Craiova, Dolj;30;N/A;N/A;3.000 lei;Limba şi literatură modernă A (franceză) – Limba şi literatură modernă B (franceză/ engleză/ germană/ italiană/ spaniolă)/ Limba și literatura latină;Public;Acreditat;Limbă şi literatură;Limbă şi literatură;Științe Umaniste;Dosar;19;11
Facultatea de Ştiinţe;Universitatea din Craiova;Craiova, Dolj;30;6.21;0.37;3.000 lei;Biochimie tehnologică;Public;Acreditat;Biochimie tehnologică;Chimie;Științe Exacte;Dosar;25;5
Facultatea de Ştiinţe;Universitatea din Craiova;Craiova, Dolj;27;6.35;0.30;3.000 lei;Chimie farmaceutica;Public;Autorizat;Chimie medicală;Chimie;Științe Exacte;Dosar;20;7
Facultatea de Litere;Universitatea din Craiova;Craiova, Dolj;40;N/A;N/A;3.000 lei;Limba şi literatura română – O limbă şi literatură modernă (engleză, franceză, italiană, germană, spaniolă) (ID);Public;Acreditat;Limba şi literatura română;Limbă şi literatură;Științe Umaniste;Dosar;0;40
Facultatea de Ştiinţe;Universitatea din Craiova;Craiova, Dolj;35;6.25;0.40;3.000 lei;Matematică Informatică;Public;Acreditat;Matematică informatică;Matematică;Științe Exacte;Dosar;20;15
Facultatea de Ştiinţe;Universitatea din Craiova;Craiova, Dolj;145;6.00;1.02;3.000 lei;Informatică;Public;Acreditat;Informatică;Informatică;Științe Exacte;Dosar;125;20
Facultatea de Litere;Universitatea din Craiova;Craiova, Dolj;75;7.00;0.57;3.000 lei;Comunicare şi relaţii publice;Public;Acreditat;Comunicare şi relaţii publice;Ştiinţe ale comunicării;Științe Politice și Comunicare;Dosar;40;35
Facultatea de Agronomie;Universitatea din Craiova;Craiova, Dolj;50;N/A;N/A;3.000 lei;Controlul şi expertiza produselor alimentare;Public;Acreditat;Controlul şi expertiza produselor alimentare;Ingineria produselor alimentare;Științe Agricole;Dosar;32;18
Facultatea de Agronomie;Universitatea din Craiova;Craiova, Dolj;60;N/A;N/A;3.000 lei;Montanologie;Public;Acreditat;Montanologie;Agronomie;Științe Agricole;Dosar;27;33
Facultatea de Economie şi Administrarea Afacerilor;Universitatea din Craiova;Craiova, Dolj;90;N/A;N/A;3.000 lei;Contabilitate şi informatică de gestiune;Public;Acreditat;Contabilitate şi informatică de gestiune;Contabilitate;Științe Economice;Dosar;67;23
Facultatea de Economie şi Administrarea Afacerilor;Universitatea din Craiova;Craiova, Dolj;125;N/A;N/A;2.500 lei;Management (ID);Public;Acreditat;Management;Management;Științe Economice;Dosar;0;125
Facultatea de Economie şi Administrarea Afacerilor;Universitatea din Craiova;Craiova, Dolj;90;N/A;N/A;3.000 lei;Finanţe şi bănci;Public;Acreditat;Finanţe şi bănci;Finanţe;Științe Economice;Dosar;75;15
Facultatea de Horticultură;Universitatea din Craiova;Craiova, Dolj;60;N/A;N/A;3.000 lei;Tehnologia prelucrării produselor agricole;Public;Acreditat;Tehnologia prelucrării produselor agricole;Ingineria produselor alimentare;Științe Agricole;Dosar;27;33
Facultatea de Ştiinţe;Universitatea din Craiova;Craiova, Dolj;25;5.75;0.48;3.000 lei;Chimia mediului;Public;Acreditat;Chimia mediului;Ştiinţa mediului;Științe ale Naturii;Dosar;20;5
Facultatea de Ştiinţe;Universitatea din Craiova;Craiova, Dolj;27;6.08;0.33;3.000 lei;Fizică informatică;Public;Acreditat;Fizică informatică;Fizică;Științe Exacte;Dosar;20;7
Facultatea de Mecanică;Universitatea din Craiova;Craiova, Dolj;90;N/A;N/A;3.000 lei;Tehnologia construcţiilor de maşini;Public;Acreditat;Tehnologia construcţiilor de maşini;Inginerie industrială;Științe Inginerești;Dosar;50;40
Facultatea de Mecanică;Universitatea din Craiova;Craiova, Dolj;60;N/A;N/A;3.000 lei;Ingineria transporturilor şi a traficului;Public;Acreditat;Ingineria transporturilor şi a traficului;Ingineria transporturilor;Științe Inginerești;Dosar;40;20
Facultatea de Inginerie Electrică;Universitatea din Craiova;Craiova, Dolj;85;N/A;N/A;3.000 lei;Informatică aplicată în inginerie electrică;Public;Acreditat;Informatică aplicată în inginerie electrică;Științe inginerești aplicate;Științe Inginerești;Dosar;35;50
Facultatea de Inginerie Electrică;Universitatea din Craiova;Craiova, Dolj;50;N/A;N/A;3.000 lei;Electromecanică (IFR);Public;Acreditat;Electromecanică;Inginerie electrică;Științe Inginerești;Dosar;0;50
Facultatea de Inginerie Electrică;Universitatea din Craiova;Craiova, Dolj;33;N/A;N/A;3.000 lei;Echipamente şi instalaţii de aviaţie;Public;Acreditat;Echipamente şi instalaţii de aviaţie;Inginerie aerospațială;Științe Inginerești;Dosar;30;3
Facultatea de Teologie Ortodoxă;Universitatea din Craiova;Craiova, Dolj;30;N/A;0.50;3.000 lei;Arte plastice (pictura si sculptura);Public;Autorizat;Arte plastice;Arte vizuale;Arte, Arhitectură și Urbanism ;Examen;10;20
Facultatea de Drept;Universitatea din Craiova;Craiova, Dolj;336;7.51;1.15;3.200 lei;Drept;Public;Acreditat;Drept;Drept;Științe Juridice;Dosar;168;168
Facultatea de Automatică, Calculatoare şi Electronică;Universitatea din Craiova;Craiova, Dolj;50;N/A;N/A;3.000 lei;Electronică aplicată;Public;Acreditat;Electronică aplicată;Inginerie electronică, telecomunicații și tehnologii informaționale;Științe Inginerești;Dosar;34;16
Facultatea de Agronomie;Universitatea din Craiova;Craiova, Dolj;75;N/A;N/A;3.000 lei;Agricultură (IFR);Public;Autorizat;Agricultură;Agronomie;Științe Agricole;Dosar;0;75
Facultatea de Ştiinţe Sociale;Universitatea din Craiova;Craiova, Dolj;50;6.03;0.44;3.000 lei;Filosofie;Public;Acreditat;Filosofie;Filosofie;Științe Umaniste;Dosar;20;30
Facultatea de Ştiinţe Sociale;Universitatea din Craiova;Craiova, Dolj;50;6.70;0.56;3.000 lei;Istorie;Public;Acreditat;Istorie;Istorie;Științe Umaniste;Dosar;22;28
Facultatea de Economie şi Administrarea Afacerilor;Universitatea din Craiova;Craiova, Dolj;40;N/A;N/A;3.000 lei;Marketing;Public;Acreditat;Marketing;Marketing;Științe Economice;Dosar;30;10
Facultatea de Economie şi Administrarea Afacerilor;Universitatea din Craiova - extensia Drobeta Turnu Severin;Drobeta Turnu Severin, Mehedinti;40;N/A;N/A;3.000 lei;Contabilitate şi informatică de gestiune (la Drobeta-Turnu Severin);Public;Acreditat;Contabilitate şi informatică de gestiune;Contabilitate;Științe Economice;Dosar;24;16
Facultatea de Educaţie Fizică şi Sport;Universitatea din Craiova - extensia Drobeta Turnu Severin;Drobeta Turnu Severin, Mehedinti;60;N/A;N/A;3.000 lei;Educaţie fizică şi sportivă (la Drobeta-Turnu Severin);Public;Acreditat;Educaţie fizică şi sportivă;Educaţie fizică şi sport;Ştiinţa Sportului şi Educaţiei Fizice;Examen;15;45
Facultatea de Mecanica;Universitatea din Craiova - extensia Drobeta Turnu Severin;Drobeta Turnu Severin, Mehedinti;50;6.03;N/A;3.000 lei;Navigatie si transport maritim si fluvial;Public;Acreditat;Ştiinţa materialelor;Ingineria materialelor;Științe Inginerești;Dosar;28;22
Facultatea de Litere;Universitatea din Craiova - extensia Drobeta Turnu Severin;Drobeta Turnu Severin, Mehedinti;60;7.73;0.92;3.000 lei;Pedagogia învăţământului primar şi preşcolar (la Drobeta Turnu Severin);Public;Acreditat;Pedagogia învăţământului primar şi preşcolar;Științe ale educației;Științe Politice și Comunicare;Examen;20;40
Facultatea de Mecanica;Universitatea din Craiova - extensia Drobeta Turnu Severin;Drobeta Turnu Severin, Mehedinti;50;6.01;N/A;3.000 lei;Inginerie economica industriala;Public;Acreditat;Inginerie economică industrială;Inginerie și management;Științe Inginerești;Dosar;40;10
Facultatea de Economie şi Administrarea Afacerilor;Universitatea din Craiova - extensia Drobeta Turnu Severin;Drobeta Turnu Severin, Mehedinti;40;N/A;N/A;3.000 lei;Finanţe şi bănci (la Drobeta-Turnu Severin);Public;Acreditat;Finanţe şi bănci;Finanţe;Științe Economice;Dosar;23;17
Facultatea de Economie şi Administrarea Afacerilor;Universitatea din Craiova - extensia Drobeta Turnu Severin;Drobeta Turnu Severin, Mehedinti;40;N/A;N/A;3.000 lei;Management (la Drobeta-Turnu Severin);Public;Acreditat;Management;Management;Științe Economice;Dosar;18;22
Facultatea de Educaţie Fizică şi Sport;Universitatea din Craiova - extensia Drobeta Turnu Severin;Drobeta Turnu Severin, Mehedinti;60;N/A;N/A;3.000 lei;Kinetoterapie şi motricitate specială (la Drobeta-Turnu Severin);Public;Acreditat;Kinetoterapie şi motricitate specială;Kinetoterapie;Ştiinţa Sportului şi Educaţiei Fizice;Examen;8;52
Facultatea de Drept;Universitatea din Craiova - extensia Drobeta Turnu Severin;Drobeta Turnu Severin, Mehedinti;80;8.00;1.25;3.200 lei;Administraţie publică (la Drobeta-Turnu Severin);Public;Acreditat;Administraţie publică;Ştiinţe administrative;Științe Politice și Comunicare;Dosar;27;53
Facultatea de Economie şi Administrarea Afacerilor;Universitatea din Craiova - extensia Drobeta Turnu Severin;Drobeta Turnu Severin, Mehedinti;40;N/A;N/A;3.000 lei;Administrarea afacerilor (la Drobeta-Turnu Severin);Public;Acreditat;Administrarea afacerilor;Administrarea afacerilor;Științe Economice;Dosar;19;21
Facultatea de Litere;Universitatea din Craiova - extensia Drobeta Turnu Severin;Drobeta Turnu Severin, Mehedinti;40;N/A;N/A;3.000 lei;Limba şi literatura română - O limbă şi literatură modernă (franceză, engleză) (la Drobeta-Turnu Severin);Public;Acreditat;Limba şi literatura română;Limbă şi literatură;Științe Umaniste;Dosar;25;15
Facultatea de Inginerie Electrică şi Tehnologia Informaţiei;Universitatea din Oradea;Oradea, Bihor;50;N/A;N/A;3.000 lei;Electromecanică;Public;Acreditat;Electromecanică;Inginerie electrică;Științe Inginerești;Dosar;18;32
Facultatea de Inginerie Electrică şi Tehnologia Informaţiei;Universitatea din Oradea;Oradea, Bihor;50;N/A;N/A;3.000 lei;Sisteme electrice;Public;Acreditat;Sisteme electrice;Inginerie electrică;Științe Inginerești;Dosar;20;30
Facultatea de Inginerie Electrică şi Tehnologia Informaţiei;Universitatea din Oradea;Oradea, Bihor;45;N/A;N/A;3.000 lei;Automatică şi informatică aplicată;Public;Acreditat;Automatică şi informatică aplicată;Ingineria sistemelor și inginerie mecanică;Științe Inginerești;Dosar;21;24
Facultatea de Inginerie Electrică şi Tehnologia Informaţiei;Universitatea din Oradea;Oradea, Bihor;60;N/A;N/A;3.000 lei;Electronică aplicată;Public;Acreditat;Electronică aplicată;Inginerie electronică, telecomunicații și tehnologii informaționale;Științe Inginerești;Dosar;20;40
Facultatea de Inginerie Electrică şi Tehnologia Informaţiei;Universitatea din Oradea;Oradea, Bihor;50;N/A;N/A;3.000 lei;Inginerie economică în domeniul electric, electronic şi energetic;Public;Acreditat;Inginerie economică în domeniul electric, electronic şi energetic;Inginerie și management;Științe Inginerești;Dosar;20;30
Facultatea de Inginerie Energetică și Management Industrial;Universitatea din Oradea;Oradea, Bihor;75;N/A;N/A;3.000 lei;Ingineria sistemelor electroenergetice;Public;Acreditat;Ingineria sistemelor electroenergetice;Inginerie energetică;Științe Inginerești;Dosar;30;45
Facultatea de Inginerie Managerială şi Tehnologică;Universitatea din Oradea;Oradea, Bihor;80;N/A;N/A;3.150 lei;Tehnologia construcţiilor de maşini;Public;Acreditat;Tehnologia construcţiilor de maşini;Inginerie industrială;Științe Inginerești;Dosar;31;49
Facultatea de Istorie, Relaţii Internaţionale, Științe Politice și Științele Comunicării;Universitatea din Oradea;Oradea, Bihor;60;N/A;N/A;2.900 lei;Istorie;Public;Acreditat;Istorie;Istorie;Științe Umaniste;Dosar;20;40
Facultatea de Istorie, Relaţii Internaţionale, Științe Politice și Științele Comunicării;Universitatea din Oradea;Oradea, Bihor;100;N/A;N/A;2.900 lei;Studii de securitate;Public;Autorizat;Studii de securitate;Ştiinţe politice;Științe Politice și Comunicare;Dosar;10;90
Facultatea de Litere;Universitatea din Oradea;Oradea, Bihor;N/A;N/A;N/A;2.900 lei;Limba şi literatura română - O limbă şi literatură modernă (engleză, franceză, germană);Public;Acreditat;Limbă şi literatură;Limbă şi literatură;Științe Umaniste;Examen;0;0
Facultatea de Istorie, Relaţii Internaţionale, Științe Politice și Științele Comunicării;Universitatea din Oradea;Oradea, Bihor;50;N/A;N/A;2.900 lei;Jurnalism;Public;Acreditat;Jurnalism;Ştiinţe ale comunicării;Științe Politice și Comunicare;Dosar;12;38
Facultatea de Medicină şi Farmacie;Universitatea din Oradea;Oradea, Bihor;100;N/A;N/A;22.500 lei;Medicină (în limba engleză);Public;Acreditat;Medicină ;Sănătate;Medicină;Examen;0;100
Facultatea de Litere;Universitatea din Oradea;Oradea, Bihor;N/A;N/A;N/A;2.900 lei;Limba şi literatura germană - O limbă şi literatură modernă (engleză, franceză)/Limba şi literatura română;Public;Acreditat;Limbă şi literatură;Limbă şi literatură;Științe Umaniste;Examen;0;0
Facultatea de Medicină şi Farmacie;Universitatea din Oradea;Oradea, Bihor;78;N/A;N/A;6.800 lei;Farmacie;Public;Acreditat;Farmacie ;Sănătate;Medicină;Examen;20;58
Facultatea de Protecţia Mediului;Universitatea din Oradea;Oradea, Bihor;50;N/A;N/A;3.000 lei;Tehnologia prelucrării produselor agricole;Public;Acreditat;Tehnologia prelucrării produselor agricole;Ingineria produselor alimentare;Științe Agricole;Dosar;13;37
Facultatea de Protecţia Mediului;Universitatea din Oradea;Oradea, Bihor;75;N/A;N/A;3.000 lei;Silvicultură;Public;Acreditat;Silvicultură;Silvicultură;Științe Agricole;Dosar;12;63
Facultatea de Ştiinţe Socio - Umane;Universitatea din Oradea;Oradea, Bihor;N/A;N/A;N/A;3.000 lei;Asistență socială;Public;Acreditat;Asistenţă socială;Asistenţă socială;Științe Sociale și Psihologie;Dosar;0;0
Facultatea de Ştiinţe Socio - Umane;Universitatea din Oradea;Oradea, Bihor;N/A;N/A;N/A;3.000 lei;Resurse umane;Public;Autorizat;Resurse umane;Sociologie;Științe Sociale și Psihologie;Dosar;0;0
Facultatea de Geografie, Turism şi sport;Universitatea din Oradea;Oradea, Bihor;150;N/A;N/A;3.000 lei;Geografia turismului;Public;Acreditat;Geografie;Geografie;Științe ale Naturii;Dosar;12;138
Facultatea de Ştiinţe Economice;Universitatea din Oradea;Oradea, Bihor;75;7.26;0.77;2.900 lei;Contabilitate şi informatică de gestiune;Public;Acreditat;Contabilitate şi informatică de gestiune;Contabilitate;Științe Economice;Dosar;16;59
Facultatea de Ştiinţe Economice;Universitatea din Oradea;Oradea, Bihor;50;6.71;0.30;3.500 lei;Afaceri internaţionale (în limba engleză);Public;Autorizat;Afaceri internaţionale;Economie şi afaceri internaţionale;Științe Economice;Examen;15;35
Facultatea de Ştiinţe Economice;Universitatea din Oradea;Oradea, Bihor;60;8.15;0.47;2.900 lei;Marketing;Public;Acreditat;Marketing;Marketing;Științe Economice;Dosar;15;45
Facultatea de Inginerie Electrică şi Tehnologia Informaţiei;Universitatea din Oradea;Oradea, Bihor;50;N/A;N/A;3.000 lei;Inginerie electrică și calculatoare;Public;Acreditat;Inginerie electrică şi calculatoare;Inginerie electrică;Științe Inginerești;Dosar;7;43
Facultatea de Inginerie Managerială şi Tehnologică;Universitatea din Oradea;Oradea, Bihor;75;N/A;N/A;3.150 lei;Autovehicule rutiere;Public;Acreditat;Autovehicule rutiere;Ingineria autovehiculelor;Științe Inginerești;Dosar;31;44
Facultatea de Istorie, Relaţii Internaţionale, Științe Politice și Științele Comunicării;Universitatea din Oradea;Oradea, Bihor;100;N/A;N/A;2.900 lei;Relaţii internaţionale şi studii europene;Public;Acreditat;Relaţii internaţionale şi studii europene;Relații internaționale și studii europene;Științe Politice și Comunicare;Dosar;10;90
Facultatea de Medicină şi Farmacie;Universitatea din Oradea;Oradea, Bihor;88;N/A;N/A;3.000 lei;Asistenţă Medicală Generală;Public;Acreditat;Asistență medicală generală;Sănătate;Medicină;Examen;13;75
Facultatea de Medicină şi Farmacie;Universitatea din Oradea;Oradea, Bihor;46;N/A;N/A;3.000 lei;Tehnică Dentară;Public;Acreditat;Tehnică dentară;Sănătate;Medicină;Examen;11;35
Facultatea de Protecţia Mediului;Universitatea din Oradea;Oradea, Bihor;N/A;N/A;N/A;3.000 lei;Controlul și expertiza produselor alimentare;Public;Acreditat;Controlul şi expertiza produselor alimentare;Ingineria produselor alimentare;Științe Agricole;Dosar;0;0
Facultatea de Protecţia Mediului;Universitatea din Oradea;Oradea, Bihor;75;N/A;N/A;3.000 lei;Ingineria sistemelor biotehnice și ecologice;Public;Acreditat;Ingineria sistemelor biotehnice şi ecologice;Ingineria mediului;Științe Inginerești;Dosar;18;57
Facultatea de Teologie Ortodoxă „Episcop Dr. Vasile Coman”;Universitatea din Oradea;Oradea, Bihor;50;N/A;N/A;3.000 lei;Teologie ortodoxă pastorală;Public;Acreditat;Teologie pastorală;Teologie;Teologie;Examen;40;10
Facultatea de Ştiinţe Socio - Umane;Universitatea din Oradea;Oradea, Bihor;N/A;N/A;N/A;3.200 lei;Pedagogia învăţământului primar şi preşcolar (în limba maghiară);Public;Acreditat;Pedagogia învăţământului primar şi preşcolar;Științe ale educației;Științe Politice și Comunicare;Dosar;0;0
Facultatea de Ştiinţe Socio - Umane;Universitatea din Oradea;Oradea, Bihor;N/A;N/A;N/A;3.500 lei;Pedagogia învăţământului primar şi preşcolar - IFR;Public;Acreditat;Pedagogia învăţământului primar şi preşcolar;Științe ale educației;Științe Politice și Comunicare;Dosar;0;0
Facultatea de Geografie, Turism şi sport;Universitatea din Oradea;Oradea, Bihor;50;N/A;N/A;3.000 lei;Educaţie fizică şi sportivă;Public;Acreditat;Educaţie fizică şi sportivă;Educaţie fizică şi sport;Ştiinţa Sportului şi Educaţiei Fizice;Examen;23;27
Facultatea de Geografie, Turism şi sport;Universitatea din Oradea;Oradea, Bihor;N/A;N/A;N/A;3.000 lei;Știința mediului;Public;Autorizat;Ştiinţa mediului;Ştiinţa mediului;Științe ale Naturii;Dosar;0;0
Facultatea de Geografie, Turism şi sport;Universitatea din Oradea;Oradea, Bihor;N/A;N/A;N/A;3.000 lei;Sport şi performanţă motrică;Public;Autorizat;Sport şi performanţă motrică;Educaţie fizică şi sport;Ştiinţa Sportului şi Educaţiei Fizice;Examen;0;0
Facultatea de Ştiinţe;Universitatea din Oradea;Oradea, Bihor;50;7.80;N/A;2.700 lei;Fizică medicală;Public;Acreditat;Fizică medicală;Fizică;Științe Exacte;Dosar;27;23
Facultatea de Ştiinţe Economice;Universitatea din Oradea;Oradea, Bihor;60;7.68;0.42;2.900 lei;Economia comerțului, turismului și serviciilor;Public;Acreditat;Economia comerţului, turismului şi serviciilor;Administrarea afacerilor;Științe Economice;Dosar;15;45
Facultatea de Ştiinţe Economice;Universitatea din Oradea;Oradea, Bihor;60;8.68;0.78;2.900 lei;Management;Public;Acreditat;Management;Management;Științe Economice;Dosar;15;45
Facultatea de Arte;Universitatea din Oradea;Oradea, Bihor;20;8.66;0.55;3.700 lei;Design;Public;Acreditat;Design;Arte vizuale;Arte, Arhitectură și Urbanism ;Examen;7;13
Facultatea de Arte;Universitatea din Oradea;Oradea, Bihor;12;8.17;0.42;4.500 lei;Interpretare muzicală - canto;Public;Acreditat;Interpretare muzicală - canto;Muzică;Arte, Arhitectură și Urbanism ;Examen;8;4
Facultatea de Arte;Universitatea din Oradea;Oradea, Bihor;20;9.00;0.50;3.700 lei;Arte plastice (grafică);Public;Autorizat;Arte plastice;Arte vizuale;Arte, Arhitectură și Urbanism ;Examen;7;13
Facultatea de Construcţii, Cadastru și Arhitectură;Universitatea din Oradea;Oradea, Bihor;25;5.53;1.00;4.000 lei;Arhitectură;Public;Autorizat;Arhitectură ;Arhitectură;Arte, Arhitectură și Urbanism ;Examen;21;4
Facultatea de Drept;Universitatea din Oradea;Oradea, Bihor;150;9.31;1.03;2.900 lei;Drept;Public;Acreditat;Drept;Drept;Științe Juridice;Dosar;35;115
Facultatea de Ştiinţe;Universitatea din Oradea;Oradea, Bihor;N/A;N/A;N/A;2.700 lei;Ecologie şi protecţia mediului;Public;Acreditat;Ecologie şi protecţia mediului;Ştiinţa mediului;Științe ale Naturii;Dosar;0;0
Facultatea de Inginerie Electrică şi Tehnologia Informaţiei;Universitatea din Oradea;Oradea, Bihor;75;N/A;N/A;3.000 lei;Calculatoare;Public;Acreditat;Calculatoare;Calculatoare și tehnologia informației;Științe Inginerești;Dosar;23;52
Facultatea de Inginerie Electrică şi Tehnologia Informaţiei;Universitatea din Oradea;Oradea, Bihor;45;N/A;N/A;3.000 lei;Tehnologia informaţiei;Public;Acreditat;Tehnologia informaţiei;Calculatoare și tehnologia informației;Științe Inginerești;Dosar;21;24
Facultatea de Inginerie Energetică și Management Industrial;Universitatea din Oradea;Oradea, Bihor;50;N/A;N/A;3.000 lei;Inginerie economică industrială;Public;Acreditat;Inginerie economică industrială;Inginerie și management;Științe Inginerești;Dosar;18;32
Facultatea de Inginerie Energetică și Management Industrial;Universitatea din Oradea;Oradea, Bihor;50;N/A;N/A;3.000 lei;Inginerie economică în domeniul electric, electronic şi energetic;Public;Acreditat;Inginerie economică în domeniul electric, electronic şi energetic;Inginerie și management;Științe Inginerești;Dosar;0;50
Facultatea de Inginerie Managerială şi Tehnologică;Universitatea din Oradea;Oradea, Bihor;75;N/A;N/A;3.150 lei;Inginerie economică în domeniul mecanic;Public;Acreditat;Inginerie economică în domeniul mecanic;Inginerie și management;Științe Inginerești;Dosar;29;46
Facultatea de Inginerie Managerială şi Tehnologică;Universitatea din Oradea;Oradea, Bihor;30;N/A;N/A;3.150 lei;Mecatronică;Public;Autorizat;Mecatronică;Mecatronică și robotică;Științe Inginerești;Dosar;16;14
Facultatea de Inginerie Energetică și Management Industrial;Universitatea din Oradea;Oradea, Bihor;40;N/A;N/A;3.000 lei;Tehnologia tricotajelor și confecțiilor;Public;Acreditat;Tehnologia tricotajelor şi confecţiilor;Inginerie industrială;Științe Inginerești;Dosar;18;22
Facultatea de Istorie, Relaţii Internaţionale, Științe Politice și Științele Comunicării;Universitatea din Oradea;Oradea, Bihor;75;N/A;N/A;2.900 lei;Comunicare şi relaţii publice;Public;Autorizat;Comunicare şi relaţii publice;Ştiinţe ale comunicării;Științe Politice și Comunicare;Dosar;5;70
Facultatea de Litere;Universitatea din Oradea;Oradea, Bihor;N/A;N/A;N/A;2.900 lei;Limba şi literatura engleză - O limbă şi literatură modernă (franceză, germană, rusă)/Limba şi literatura română;Public;Acreditat;Limbă şi literatură;Limbă şi literatură;Științe Umaniste;Examen;0;0
Facultatea de Medicină şi Farmacie;Universitatea din Oradea;Oradea, Bihor;64;N/A;N/A;3.000 lei;Balneofiziokinetoterapie şi Recuperare;Public;Acreditat;Balneofiziokinetoterapie şi recuperare;Sănătate;Medicină;Examen;14;50
Facultatea de Protecţia Mediului;Universitatea din Oradea;Oradea, Bihor;40;N/A;N/A;3.000 lei;Exploatări forestiere;Public;Acreditat;Exploatări forestiere;Silvicultură;Științe Agricole;Dosar;13;27
Facultatea de Protecţia Mediului;Universitatea din Oradea;Oradea, Bihor;50;N/A;N/A;3.000 lei;Zootehnie;Public;Acreditat;Zootehnie;Zootehnie;Științe Agricole;Dosar;14;36
Facultatea de Protecţia Mediului;Universitatea din Oradea;Oradea, Bihor;30;N/A;N/A;3.000 lei;Peisagistică;Public;Acreditat;Peisagistică;Horticultură;Științe Agricole;Dosar;12;18
Facultatea de Protecţia Mediului;Universitatea din Oradea;Oradea, Bihor;50;N/A;N/A;3.000 lei;Horticultură;Public;Acreditat;Horticultură;Horticultură;Științe Agricole;Dosar;12;38
Facultatea de Ştiinţe Socio - Umane;Universitatea din Oradea;Oradea, Bihor;N/A;N/A;N/A;3.000 lei;Sociologie;Public;Acreditat;Sociologie;Sociologie;Științe Sociale și Psihologie;Dosar;0;0
Facultatea de Geografie, Turism şi sport;Universitatea din Oradea;Oradea, Bihor;N/A;N/A;N/A;3.000 lei;Kinetoterapie şi motricitate specială;Public;Acreditat;Kinetoterapie şi motricitate specială;Kinetoterapie;Ştiinţa Sportului şi Educaţiei Fizice;Examen;0;0
Facultatea de Geografie, Turism şi sport;Universitatea din Oradea;Oradea, Bihor;N/A;N/A;N/A;3.000 lei;Kinetoterapie şi motricitate specială (în limba engleză);Public;Autorizat;Kinetoterapie şi motricitate specială;Kinetoterapie;Ştiinţa Sportului şi Educaţiei Fizice;Examen;0;0
Facultatea de Ştiinţe;Universitatea din Oradea;Oradea, Bihor;80;8.90;N/A;2.700 lei;Biologie;Public;Acreditat;Biologie;Biologie;Științe ale Naturii;Dosar;27;53
Facultatea de Ştiinţe Economice;Universitatea din Oradea;Oradea, Bihor;65;7.16;0.25;3.500 lei;Administrarea Afacerilor (în limba engleză);Public;Autorizat;Administrarea afacerilor;Administrarea afacerilor;Științe Economice;Examen;15;50
Facultatea de Ştiinţe Economice;Universitatea din Oradea;Oradea, Bihor;50;N/A;N/A;2.900 lei;Contabilitate și informatică de gestiune ID;Public;Acreditat;Contabilitate şi informatică de gestiune;Contabilitate;Științe Economice;Dosar;0;50
Facultatea de Arte;Universitatea din Oradea;Oradea, Bihor;15;6.45;0.33;4.500 lei;Interpretare muzicală - instrumente;Public;Acreditat;Interpretare muzicală - instrumente;Muzică;Arte, Arhitectură și Urbanism ;Examen;14;1
Facultatea de Arte;Universitatea din Oradea;Oradea, Bihor;15;7.33;0.60;3.700 lei;Modă - design vestimentar;Public;Autorizat;Modă - design vestimentar;Arte vizuale;Arte, Arhitectură și Urbanism ;Examen;7;8
Facultatea de Construcţii, Cadastru și Arhitectură;Universitatea din Oradea;Oradea, Bihor;20;6.03;1.00;3.000 lei;Măsurători terestre şi cadastru;Public;Acreditat;Măsurători terestre şi cadastru;Inginerie geodezică;Științe Inginerești;Dosar;18;2
Facultatea de Inginerie Electrică şi Tehnologia Informaţiei;Universitatea din Oradea;Oradea, Bihor;60;N/A;N/A;3.000 lei;Reţele şi software de telecomunicaţii;Public;Acreditat;Reţele şi software de telecomunicaţii;Inginerie electronică, telecomunicații și tehnologii informaționale;Științe Inginerești;Dosar;24;36
Facultatea de Inginerie Managerială şi Tehnologică;Universitatea din Oradea;Oradea, Bihor;60;N/A;N/A;3.150 lei;Inginerie economică în domeniul mecanic (ID);Public;Acreditat;Inginerie economică industrială;Inginerie și management;Științe Inginerești;Dosar;0;60
Facultatea de Istorie, Relaţii Internaţionale, Științe Politice și Științele Comunicării;Universitatea din Oradea;Oradea, Bihor;75;N/A;N/A;2.900 lei;Ştiinţe politice;Public;Acreditat;Ştiinţe politice;Ştiinţe politice;Științe Politice și Comunicare;Dosar;17;58
Facultatea de Istorie, Relaţii Internaţionale, Științe Politice și Științele Comunicării;Universitatea din Oradea;Oradea, Bihor;50;N/A;N/A;3.000 lei;Relaţii internaţionale şi studii europene (în limba engleză);Public;Acreditat;Relaţii internaţionale şi studii europene;Relații internaționale și studii europene;Științe Politice și Comunicare;Dosar;12;38
Facultatea de Medicină şi Farmacie;Universitatea din Oradea;Oradea, Bihor;56;N/A;N/A;4.000 lei;Nutriție și Dietetică;Public;Acreditat;Nutriţie şi dietetică;Sănătate;Medicină;Examen;6;50
Facultatea de Protecţia Mediului;Universitatea din Oradea;Oradea, Bihor;35;N/A;N/A;3.000 lei;Ingineria prelucrării lemnului;Public;Acreditat;Ingineria prelucrării lemnului;Inginerie forestieră;Științe Agricole;Dosar;12;23
Facultatea de Ştiinţe Socio - Umane;Universitatea din Oradea;Oradea, Bihor;N/A;N/A;N/A;3.000 lei;Psihopedagogie specială;Public;Acreditat;Psihopedagogie specială;Științe ale educației;Științe Politice și Comunicare;Dosar;0;0
Facultatea de Ştiinţe Socio - Umane;Universitatea din Oradea;Oradea, Bihor;N/A;N/A;N/A;3.000 lei;Psihologie;Public;Acreditat;Psihologie;Psihologie;Științe Sociale și Psihologie;Dosar;0;0
Facultatea de Ştiinţe;Universitatea din Oradea;Oradea, Bihor;40;N/A;N/A;2.700 lei;Chimie;Public;Acreditat;Chimie;Chimie;Științe Exacte;Dosar;23;17
Facultatea de Ştiinţe;Universitatea din Oradea;Oradea, Bihor;75;9.73;N/A;2.700 lei;Informatică;Public;Acreditat;Informatică;Informatică;Științe Exacte;Dosar;24;51
Facultatea de Ştiinţe;Universitatea din Oradea;Oradea, Bihor;50;8.95;N/A;2.700 lei;Matematică;Public;Acreditat;Matematică;Matematică;Științe Exacte;Dosar;23;27
Facultatea de Ştiinţe Economice;Universitatea din Oradea;Oradea, Bihor;60;8.21;0.57;2.900 lei;Finanțe și bănci;Public;Acreditat;Finanţe şi bănci;Finanţe;Științe Economice;Dosar;15;45
Facultatea de Ştiinţe Economice;Universitatea din Oradea;Oradea, Bihor;50;N/A;N/A;2.900 lei;Management ID;Public;Acreditat;Management;Management;Științe Economice;Dosar;0;50
Facultatea de Construcţii, Cadastru și Arhitectură;Universitatea din Oradea;Oradea, Bihor;29;6.15;1.24;3.000 lei;Construcţii civile, industriale şi agricole;Public;Acreditat;Construcţii civile, industriale şi agricole;Inginerie civilă;Științe Inginerești;Dosar;26;3
Facultatea de Drept;Universitatea din Oradea;Oradea, Bihor;40;6.20;0.62;2.900 lei;Administraţie publică;Public;Acreditat;Administraţie publică;Ştiinţe administrative;Științe Politice și Comunicare;Dosar;20;20
Facultatea de Construcţii, Cadastru și Arhitectură;Universitatea din Oradea;Oradea, Bihor;6;7.63;1.00;3.000 lei;Inginerie sanitară şi protecţia mediului;Public;Acreditat;Inginerie sanitară şi protecţia mediului;Inginerie civilă;Științe Inginerești;Dosar;5;1
Facultatea de Inginerie Energetică și Management Industrial;Universitatea din Oradea;Oradea, Bihor;30;N/A;N/A;3.000 lei;Ingineria sistemelor de energii regenerabile;Public;Autorizat;Ingineria sistemelor de energii regenerabile;Inginerie industrială;Științe Inginerești;Dosar;22;8
Facultatea de Inginerie Energetică și Management Industrial;Universitatea din Oradea;Oradea, Bihor;30;N/A;N/A;3.000 lei;Energetică industrială;Public;Acreditat;Energetică industrială;Inginerie energetică;Științe Inginerești;Dosar;25;5
Facultatea de Inginerie Managerială şi Tehnologică;Universitatea din Oradea;Oradea, Bihor;50;N/A;N/A;3.150 lei;Robotică;Public;Acreditat;Robotică;Mecatronică și robotică;Științe Inginerești;Dosar;15;35
Facultatea de Medicină şi Farmacie;Universitatea din Oradea;Oradea, Bihor;225;N/A;N/A;6.800 lei;Medicină;Public;Acreditat;Medicină ;Sănătate;Medicină;Examen;81;144
Facultatea de Medicină şi Farmacie;Universitatea din Oradea;Oradea, Bihor;128;N/A;N/A;6.800 lei;Medicină Dentară;Public;Acreditat;Medicină dentară ;Sănătate;Medicină;Examen;40;88
Facultatea de Litere;Universitatea din Oradea;Oradea, Bihor;N/A;N/A;N/A;2.900 lei;Limba şi literatura franceză - O limbă şi literatură modernă (engleză, germană)/Limba şi literatura română;Public;Acreditat;Limbă şi literatură;Limbă şi literatură;Științe Umaniste;Examen;0;0
Facultatea de Medicină şi Farmacie;Universitatea din Oradea;Oradea, Bihor;38;N/A;N/A;3.000 lei;Radiologie şi Imagistică;Public;Acreditat;Radiologie şi imagistică;Sănătate;Medicină;Examen;8;30
Facultatea de Protecţia Mediului;Universitatea din Oradea;Oradea, Bihor;90;N/A;N/A;3.000 lei;Inginerie şi management în alimentaţia publică şi agroturism;Public;Acreditat;Inginerie şi management în alimentaţia publică şi agroturism;Inginerie şi management în agricultură și dezvoltare rurală;Științe Agricole;Dosar;20;70
Facultatea de Protecţia Mediului;Universitatea din Oradea;Oradea, Bihor;50;N/A;N/A;3.000 lei;Agricultură;Public;Acreditat;Agricultură;Agronomie;Științe Agricole;Dosar;12;38
Facultatea de Ştiinţe Socio - Umane;Universitatea din Oradea;Oradea, Bihor;N/A;N/A;N/A;3.000 lei;Pedagogia învăţământului primar şi preşcolar;Public;Acreditat;Pedagogia învăţământului primar şi preşcolar;Științe ale educației;Științe Politice și Comunicare;Dosar;0;0
Facultatea de Geografie, Turism şi sport;Universitatea din Oradea;Oradea, Bihor;50;N/A;N/A;3.000 lei;Geografia turismului (în limba engleză);Public;Autorizat;Geografia turismului;Geografie;Științe ale Naturii;Examen;15;35
Facultatea de Geografie, Turism şi sport;Universitatea din Oradea;Oradea, Bihor;50;N/A;N/A;3.000 lei;Planificare teritorială;Public;Acreditat;Planificare teritorială;Geografie;Științe ale Naturii;Dosar;20;30
Facultatea de Ştiinţe;Universitatea din Oradea;Oradea, Bihor;40;N/A;N/A;2.700 lei;Fizică medicală (în limba engleză);Public;Autorizat;Fizică medicală;Fizică;Științe Exacte;Examen;0;40
Facultatea de Ştiinţe;Universitatea din Oradea;Oradea, Bihor;25;N/A;N/A;2.700 lei;Fizică;Public;Acreditat;Fizică;Fizică;Științe Exacte;Dosar;0;25
Facultatea de Ştiinţe Economice;Universitatea din Oradea;Oradea, Bihor;60;8.09;0.37;2.900 lei;Afaceri internaţionale;Public;Acreditat;Afaceri internaţionale;Economie şi afaceri internaţionale;Științe Economice;Dosar;15;45
Facultatea de Arte;Universitatea din Oradea;Oradea, Bihor;20;8.33;0.50;3.700 lei;Arte decorative;Public;Acreditat;Arte decorative;Arte vizuale;Arte, Arhitectură și Urbanism ;Examen;7;13
Facultatea de Arte;Universitatea din Oradea;Oradea, Bihor;20;7.66;0.35;3.700 lei;Arte plastice (pictură);Public;Acreditat;Arte plastice;Arte vizuale;Arte, Arhitectură și Urbanism ;Examen;7;13
Facultatea de Arte;Universitatea din Oradea;Oradea, Bihor;20;6.33;0.25;3.900 lei;Muzică;Public;Acreditat;Pedagogie muzicală;Muzică;Arte, Arhitectură și Urbanism ;Examen;13;7
Facultatea de Ştiinţe Socio - Umane;Universitatea din Oradea - Extensia Beiuș;Beius, Bihor;N/A;N/A;N/A;3.200 lei;Pedagogia învăţământului primar şi preşcolar;Public;Acreditat;Pedagogia învăţământului primar şi preşcolar;Științe ale educației;Științe Politice și Comunicare;Dosar;0;0
Facultatea de Inginerie Electrică şi Tehnologia Informaţiei;Universitatea din Oradea - Extensia Beiuș;Beius, Bihor;30;N/A;N/A;3.000 lei;Electromecanică;Public;Acreditat;Inginerie electrică şi calculatoare;Inginerie electrică;Științe Inginerești;Dosar;0;30
Facultatea de Inginerie Mecanică şi Electrică;Universitatea din Petroşani;Petrosani, Hunedoara;18;N/A;N/A;1.800 lei;Tehnologia construcţiilor de maşini;Public;Acreditat;Tehnologia construcţiilor de maşini;Inginerie industrială;Științe Inginerești;Dosar;5;13
Facultatea de Inginerie Mecanică şi Electrică;Universitatea din Petroşani;Petrosani, Hunedoara;50;N/A;N/A;1.800 lei;Maşini şi echipamente miniere;Public;Acreditat;Maşini şi echipamente miniere;Ingineria sistemelor și inginerie mecanică;Științe Inginerești;Dosar;21;29
Facultatea de Inginerie Mecanică şi Electrică;Universitatea din Petroşani;Petrosani, Hunedoara;36;N/A;N/A;1.800 lei;Energetică industrială;Public;Acreditat;Energetică industrială;Inginerie energetică;Științe Inginerești;Dosar;7;29
Facultatea de Ştiinţe;Universitatea din Petroşani;Petrosani, Hunedoara;56;N/A;N/A;1.800 lei;Asistenţă socială;Public;Acreditat;Asistenţă socială;Asistenţă socială;Științe Sociale și Psihologie;Dosar;10;46
Facultatea de Ştiinţe;Universitatea din Petroşani;Petrosani, Hunedoara;80;N/A;N/A;1.800 lei;Finanţe şi bănci;Public;Acreditat;Finanţe şi bănci;Finanţe;Științe Economice;Dosar;17;63
Facultatea de Inginerie Mecanică şi Electrică;Universitatea din Petroşani;Petrosani, Hunedoara;26;N/A;N/A;1.800 lei;Ingineria transporturilor şi a traficului;Public;Acreditat;Ingineria transporturilor şi a traficului;Ingineria transporturilor;Științe Inginerești;Dosar;10;16
Facultatea de Mine;Universitatea din Petroşani;Petrosani, Hunedoara;50;N/A;N/A;1.800 lei;Ingineria securității în industrie;Public;Autorizat;Ingineria securităţii în industrie;Inginerie industrială;Științe Inginerești;Dosar;15;35
Facultatea de Mine;Universitatea din Petroşani;Petrosani, Hunedoara;60;N/A;N/A;1.800 lei;Ingineria şi protecţia mediului în industrie;Public;Acreditat;Ingineria şi protecţia mediului în industrie;Ingineria mediului;Științe Inginerești;Dosar;19;41
Facultatea de Inginerie Mecanică şi Electrică;Universitatea din Petroşani;Petrosani, Hunedoara;40;N/A;N/A;1.800 lei;Automatică şi informatică aplicată;Public;Acreditat;Automatică şi informatică aplicată;Ingineria sistemelor și inginerie mecanică;Științe Inginerești;Dosar;13;27
Facultatea de Ştiinţe;Universitatea din Petroşani;Petrosani, Hunedoara;73;N/A;N/A;1.800 lei;Contabilitate şi informatică de gestiune;Public;Acreditat;Contabilitate şi informatică de gestiune;Contabilitate;Științe Economice;Dosar;17;56
Facultatea de Inginerie Mecanică şi Electrică;Universitatea din Petroşani;Petrosani, Hunedoara;15;N/A;N/A;1.800 lei;Electromecanică;Public;Acreditat;Electromecanică;Inginerie electrică;Științe Inginerești;Dosar;4;11
Facultatea de Inginerie Mecanică şi Electrică;Universitatea din Petroşani;Petrosani, Hunedoara;57;N/A;N/A;1.800 lei;Echipamente pentru procese industriale;Public;Acreditat;Echipamente pentru procese industriale;Ingineria sistemelor și inginerie mecanică;Științe Inginerești;Dosar;21;36
Facultatea de Mine;Universitatea din Petroşani;Petrosani, Hunedoara;30;N/A;N/A;1.800 lei;Inginerie economică în construcţii;Public;Autorizat;Inginerie economică în construcţii;Inginerie și management;Științe Inginerești;Dosar;15;15
Facultatea de Ştiinţe;Universitatea din Petroşani;Petrosani, Hunedoara;50;N/A;N/A;1.800 lei;Sociologie;Public;Acreditat;Sociologie;Sociologie;Științe Sociale și Psihologie;Dosar;18;32
Facultatea de Ştiinţe;Universitatea din Petroşani;Petrosani, Hunedoara;75;N/A;N/A;1.800 lei;Management;Public;Acreditat;Management;Management;Științe Economice;Dosar;5;70
Facultatea de Mine;Universitatea din Petroşani;Petrosani, Hunedoara;60;N/A;N/A;1.800 lei;Inginerie minieră;Public;Acreditat;Inginerie minieră;Mine, petrol şi gaze;Științe Inginerești;Dosar;22;38
Facultatea de Ştiinţe;Universitatea din Petroşani;Petrosani, Hunedoara;50;N/A;N/A;1.800 lei;Administraţie publică;Public;Acreditat;Administraţie publică;Ştiinţe administrative;Științe Politice și Comunicare;Dosar;5;45
Facultatea de Ştiinţe;Universitatea din Petroşani;Petrosani, Hunedoara;60;N/A;N/A;1.800 lei;Economia comerţului, turismului şi serviciilor;Public;Acreditat;Economia comerţului, turismului şi serviciilor;Administrarea afacerilor;Științe Economice;Dosar;3;57
Facultatea de Inginerie Mecanică şi Electrică;Universitatea din Petroşani;Petrosani, Hunedoara;34;5.97;0.47;1.800 lei;Calculatoare;Public;Acreditat;Calculatoare;Calculatoare și tehnologia informației;Științe Inginerești;Dosar;15;19
Facultatea de Mine;Universitatea din Petroşani;Petrosani, Hunedoara;50;N/A;N/A;1.800 lei;Construcţii miniere;Public;Acreditat;Construcţii miniere;Inginerie civilă;Științe Inginerești;Dosar;7;43
Facultatea de Mine;Universitatea din Petroşani;Petrosani, Hunedoara;30;N/A;N/A;1.800 lei;Ingineria şi managementul calităţii;Public;Autorizat;Ingineria şi managementul calităţii;Inginerie industrială;Științe Inginerești;Dosar;12;18
Facultatea de Mine;Universitatea din Petroşani;Petrosani, Hunedoara;45;N/A;N/A;1.800 lei;Topografie minieră;Public;Acreditat;Topografie minieră;Mine, petrol şi gaze;Științe Inginerești;Dosar;20;25
Facultatea de Electronica, Comunicatii si Calculatoare;Universitatea din Pitesti - Extensie Ramnicu Valcea;Ramnicu Valcea, Valcea;60;N/A;N/A;3.700 lei;Inginerie electrica si calculatoare;Public;Acreditat;Inginerie electrică şi calculatoare;Inginerie electrică;Științe Inginerești;Examen;0;60
Facultatea de Stiinte ale Educatiei, Stiinte Sociale si Psihologie;Universitatea din Pitesti - Extensie Ramnicu Valcea;Ramnicu Valcea, Valcea;57;8.97;N/A;3.200 lei;Pedagogia învatamântului primar si prescolar (la Râmnicu Vâlcea);Public;Acreditat;Pedagogia învăţământului primar şi preşcolar;Științe ale educației;Științe Politice și Comunicare;Examen;14;43
Facultatea de Teologie, Litere, Istorie si Arte;Universitatea din Pitesti - Extensie Ramnicu Valcea;Ramnicu Valcea, Valcea;25;N/A;N/A;3.400 lei;Limba si literatura româna - Limba si literatura engleza (la Râmnicu Vâlcea);Public;Acreditat;Limbă şi literatură;Limbă şi literatură;Științe Umaniste;Examen;17;8
Facultatea de Stiinte, Educatie Fizica si Informatica;Universitatea din Pitești;Pitesti, Arges;60;N/A;N/A;3.500 lei;Terapie ocupationala;Public;Acreditat;Terapie ocupaţională;Psihologie;Științe Sociale și Psihologie;Examen;12;48
Facultatea de Stiinte, Educatie Fizica si Informatica;Universitatea din Pitești;Pitesti, Arges;50;N/A;N/A;3.500 lei;Chimie;Public;Acreditat;Chimie;Chimie;Științe Exacte;Examen;13;37
Facultatea de Stiinte, Educatie Fizica si Informatica;Universitatea din Pitești;Pitesti, Arges;100;N/A;N/A;3.500 lei;Informatica;Public;Acreditat;Informatică;Informatică;Științe Exacte;Examen;16;84
Facultatea de Electronica, Comunicatii si Calculatoare;Universitatea din Pitești;Pitesti, Arges;60;N/A;N/A;3.900 lei;Electronică aplicată;Public;Acreditat;Electronică aplicată;Inginerie electronică, telecomunicații și tehnologii informaționale;Științe Inginerești;Examen;21;39
Facultatea de Stiinte Economice si Drept;Universitatea din Pitești;Pitesti, Arges;N/A;N/A;N/A;3.400 lei;Contabilitate si informatica de gestiune (IFR);Public;Acreditat;Contabilitate şi informatică de gestiune;Contabilitate;Științe Economice;Examen;0;0
Facultatea de Stiinte Economice si Drept;Universitatea din Pitești;Pitesti, Arges;70;N/A;N/A;3.400 lei;Management;Public;Acreditat;Management;Management;Științe Economice;Examen;14;56
Facultatea de Stiinte Economice si Drept;Universitatea din Pitești;Pitesti, Arges;75;N/A;N/A;3.400 lei;Administrație publică;Public;Acreditat;Administraţie publică;Ştiinţe administrative;Științe Politice și Comunicare;Examen;9;66
Facultatea de Stiinte ale Educatiei, Stiinte Sociale si Psihologie - extensie Slatina;Universitatea din Pitești;Pitesti, Arges;50;N/A;N/A;3.400 lei;Pedagogia învatamântului primar si prescolar (la Slatina);Public;Acreditat;Pedagogia învăţământului primar şi preşcolar;Științe ale educației;Științe Politice și Comunicare;Examen;14;36
Facultatea de Stiinte ale Educatiei, Stiinte Sociale si Psihologie;Universitatea din Pitești;Pitesti, Arges;70;N/A;N/A;3.400 lei;Pedagogia învatamântului primar si prescolar;Public;Acreditat;Pedagogia învăţământului primar şi preşcolar;Științe ale educației;Științe Politice și Comunicare;Examen;14;56
Facultatea de Teologie, Litere, Istorie si Arte;Universitatea din Pitești;Pitesti, Arges;20;N/A;N/A;3.400 lei;Muzica;Public;Acreditat;Pedagogie muzicală;Muzică;Arte, Arhitectură și Urbanism ;Examen;10;10
Facultatea de Stiinte, Educatie Fizica si Informatica;Universitatea din Pitești;Pitesti, Arges;50;N/A;N/A;3.500 lei;Asistenta medicala generala;Public;Acreditat;Asistenţă medicală generală;Medicină;Medicină;Examen;8;42
Facultatea de Stiinte, Educatie Fizica si Informatica;Universitatea din Pitești;Pitesti, Arges;25;N/A;N/A;3.500 lei;Chimie medicală;Public;Autorizat;Chimie medicală;Chimie;Științe Exacte;Examen;2;23
Facultatea de Stiinte, Educatie Fizica si Informatica;Universitatea din Pitești;Pitesti, Arges;40;N/A;N/A;3.500 lei;Ecologie si protectia mediului;Public;Acreditat;Ecologie şi protecţia mediului;Ştiinţa mediului;Științe ale Naturii;Examen;14;26
Facultatea de Stiinte, Educatie Fizica si Informatica;Universitatea din Pitești;Pitesti, Arges;30;N/A;N/A;3.500 lei;Matematică;Public;Acreditat;Matematică;Matematică;Științe Exacte;Examen;20;10
Facultatea de Stiinte Economice si Drept;Universitatea din Pitești;Pitesti, Arges;60;N/A;N/A;3.400 lei;Administrarea afacerilor;Public;Acreditat;Administrarea afacerilor;Administrarea afacerilor;Științe Economice;Examen;17;43
Facultatea de Mecanică și Tehnologie;Universitatea din Pitești;Pitesti, Arges;90;N/A;N/A;3.500 lei;Autovehicule rutiere;Public;Acreditat;Autovehicule rutiere;Ingineria autovehiculelor;Științe Inginerești;Examen;28;62
Facultatea de Stiinte Economice si Drept;Universitatea din Pitești;Pitesti, Arges;74;N/A;N/A;3.400 lei;Finante si banci;Public;Acreditat;Finanţe şi bănci;Finanţe;Științe Economice;Examen;15;59
Facultatea de Stiinte Economice si Drept;Universitatea din Pitești;Pitesti, Arges;N/A;N/A;N/A;3.400 lei;Management (IFR);Public;Acreditat;Management;Management;Științe Economice;Examen;0;0
Facultatea de Teologie, Litere, Istorie si Arte;Universitatea din Pitești;Pitesti, Arges;50;N/A;N/A;3.400 lei;Teologie ortodoxa asistenta sociala;Public;Acreditat;Teologie asistenţă socială;Teologie;Teologie;Examen;13;37
Facultatea de Stiinte ale Educatiei, Stiinte Sociale si Psihologie;Universitatea din Pitești;Pitesti, Arges;14;61.00;N/A;3.400 lei;Asistenta sociala;Public;Acreditat;Asistenţă socială;Asistenţă socială;Științe Sociale și Psihologie;Examen;0;14
Facultatea de Teologie, Litere, Istorie si Arte;Universitatea din Pitești;Pitesti, Arges;20;N/A;N/A;3.400 lei;Arta sacra;Public;Acreditat;Artă sacră;Arte vizuale;Arte, Arhitectură și Urbanism ;Examen;10;10
Facultatea de Stiinte, Educatie Fizica si Informatica;Universitatea din Pitești;Pitesti, Arges;50;N/A;N/A;3.500 lei;Horticultura;Public;Acreditat;Horticultură;Horticultură;Științe Agricole;Examen;14;36
Facultatea de Stiinte, Educatie Fizica si Informatica;Universitatea din Pitești;Pitesti, Arges;45;N/A;N/A;3.900 lei;Energetica si tehnologii nucleare;Public;Autorizat;Energetică şi tehnologii nucleare;Inginerie energetică;Științe Inginerești;Examen;21;24
Facultatea de Stiinte Economice si Drept;Universitatea din Pitești;Pitesti, Arges;60;N/A;N/A;3.400 lei;Economia comertului, turismului si serviciilor;Public;Acreditat;Economie şi comunicare economică în afaceri;Economie;Științe Economice;Examen;17;43
Facultatea de Mecanică și Tehnologie;Universitatea din Pitești;Pitesti, Arges;60;N/A;N/A;3.900 lei;Ingineria transporturilor și a traficului;Public;Acreditat;Ingineria transporturilor şi a traficului;Ingineria transporturilor;Științe Inginerești;Examen;19;41
Facultatea de Stiinte Economice si Drept;Universitatea din Pitești;Pitesti, Arges;4;46.00;N/A;3.400 lei;Marketing;Public;Acreditat;Marketing;Marketing;Științe Economice;Examen;0;4
Facultatea de Stiinte ale Educatiei, Stiinte Sociale si Psihologie;Universitatea din Pitești;Pitesti, Arges;100;N/A;N/A;3.400 lei;Psihologie;Public;Acreditat;Psihologie;Psihologie;Științe Sociale și Psihologie;Examen;19;81
Facultatea de Teologie, Litere, Istorie si Arte;Universitatea din Pitești;Pitesti, Arges;10;N/A;N/A;3.400 lei;Artele spectacolului (actorie);Public;Autorizat;Artele spectacolului;Teatru şi artele spectacolului;Arte, Arhitectură și Urbanism ;Examen;5;5
Facultatea de Teologie, Litere, Istorie si Arte;Universitatea din Pitești;Pitesti, Arges;50;N/A;N/A;3.400 lei;Limba si literatura franceza - Limba si literatura engleza;Public;Acreditat;Limbă şi literatură;Limbă şi literatură;Științe Umaniste;Examen;17;33
Facultatea de Stiinte, Educatie Fizica si Informatica;Universitatea din Pitești;Pitesti, Arges;50;N/A;N/A;3.500 lei;Ingineria mediului;Public;Acreditat;Ingineria mediului;Ingineria mediului;Științe Inginerești;Examen;15;35
Facultatea de Stiinte, Educatie Fizica si Informatica;Universitatea din Pitești;Pitesti, Arges;75;N/A;N/A;3.500 lei;Educatie fizica si sportiva;Public;Acreditat;Educaţie fizică şi sportivă;Educaţie fizică şi sport;Ştiinţa Sportului şi Educaţiei Fizice;Examen;20;55
Facultatea de Stiinte Economice si Drept;Universitatea din Pitești;Pitesti, Arges;60;N/A;N/A;3.400 lei;Economia comertului, turismului si serviciilor (IFR);Public;Acreditat;Economia comerţului, turismului şi serviciilor;Administrarea afacerilor;Științe Economice;Examen;17;43
Facultatea de Mecanică și Tehnologie;Universitatea din Pitești;Pitesti, Arges;75;N/A;N/A;3.900 lei;Tehnologia construcțiilor de mașini;Public;Acreditat;Tehnologia construcţiilor de maşini;Inginerie industrială;Științe Inginerești;Examen;24;51
Facultatea de Electronica, Comunicatii si Calculatoare;Universitatea din Pitești;Pitesti, Arges;100;N/A;N/A;3.900 lei;Calculatoare;Public;Acreditat;Calculatoare;Calculatoare și tehnologia informației;Științe Inginerești;Examen;22;78
Facultatea de Stiinte Economice si Drept;Universitatea din Pitești;Pitesti, Arges;200;N/A;N/A;3.400 lei;Drept;Public;Acreditat;Drept;Drept;Științe Juridice;Examen;33;167
Facultatea de Stiinte ale Educatiei, Stiinte Sociale si Psihologie - extensie Alexandria;Universitatea din Pitești;Pitesti, Arges;60;N/A;N/A;3.400 lei;Pedagogia învatamântului primar si prescolar (la Alexandria);Public;Acreditat;Pedagogia învăţământului primar şi preşcolar;Științe ale educației;Științe Politice și Comunicare;Examen;13;47
Facultatea de Stiinte ale Educatiei, Stiinte Sociale si Psihologie;Universitatea din Pitești;Pitesti, Arges;50;N/A;N/A;3.400 lei;Jurnalism;Public;Acreditat;Jurnalism;Ştiinţe ale comunicării;Științe Politice și Comunicare;Examen;18;32
Facultatea de Teologie, Litere, Istorie si Arte;Universitatea din Pitești;Pitesti, Arges;50;N/A;N/A;3.400 lei;Limba si literatura (franceza, engleza);Public;Acreditat;Limbă şi literatură;Limbă şi literatură;Științe Umaniste;Examen;14;36
Facultatea de Teologie, Litere, Istorie si Arte;Universitatea din Pitești;Pitesti, Arges;50;N/A;N/A;3.400 lei;Limbi moderne aplicate;Public;Acreditat;Limbi moderne aplicate;Limbi moderne aplicate;Științe Umaniste;Examen;10;40
Facultatea de Teologie, Litere, Istorie si Arte;Universitatea din Pitești;Pitesti, Arges;106;8.33;N/A;3.200 lei;Limba si literatura engleza - O limba si literatura moderna (franceza, spaniola, germana);Public;Autorizat;Limba şi literatura modernă;Limbă şi literatură;Științe Umaniste;Examen;35;71
Facultatea de Stiinte, Educatie Fizica si Informatica;Universitatea din Pitești;Pitesti, Arges;48;N/A;N/A;3.500 lei;Biologie;Public;Acreditat;Biologie;Biologie;Științe ale Naturii;Examen;1;47
Facultatea de Stiinte, Educatie Fizica si Informatica;Universitatea din Pitești;Pitesti, Arges;50;N/A;N/A;3.500 lei;Kinetoterapie si motricitate speciala;Public;Acreditat;Kinetoterapie şi motricitate specială;Kinetoterapie;Ştiinţa Sportului şi Educaţiei Fizice;Examen;14;36
Facultatea de Stiinte, Educatie Fizica si Informatica;Universitatea din Pitești;Pitesti, Arges;75;N/A;N/A;3.500 lei;Sport si performanta motrica;Public;Acreditat;Sport şi performanţă motrică;Educaţie fizică şi sport;Ştiinţa Sportului şi Educaţiei Fizice;Examen;19;56
Facultatea de Mecanică și Tehnologie;Universitatea din Pitești;Pitesti, Arges;75;N/A;N/A;3.900 lei;Inginerie economică industrială;Public;Acreditat;Inginerie economică industrială;Inginerie și management;Științe Inginerești;Examen;24;51
Facultatea de Electronica, Comunicatii si Calculatoare;Universitatea din Pitești;Pitesti, Arges;90;N/A;N/A;3.900 lei;Electromecanică;Public;Acreditat;Electromecanică;Inginerie electrică;Științe Inginerești;Examen;20;70
Facultatea de Electronica, Comunicatii si Calculatoare;Universitatea din Pitești;Pitesti, Arges;45;N/A;N/A;3.900 lei;Retele si software de telecomunicatii;Public;Acreditat;Reţele şi software de telecomunicaţii;Inginerie electronică, telecomunicații și tehnologii informaționale;Științe Inginerești;Examen;20;25
Facultatea de Stiinte Economice si Drept;Universitatea din Pitești;Pitesti, Arges;125;N/A;N/A;3.400 lei;Contabilitate si informatica de gestiune;Public;Acreditat;Contabilitate şi informatică de gestiune;Contabilitate;Științe Economice;Examen;20;105
Facultatea de Stiinte Economice si Drept;Universitatea din Pitești;Pitesti, Arges;N/A;N/A;N/A;3.400 lei;Drept (IFR);Public;Acreditat;Drept;Drept;Științe Juridice;Examen;0;0
Facultatea de Stiinte ale Educatiei, Stiinte Sociale si Psihologie - extensie Campulung;Universitatea din Pitești;Pitesti, Arges;60;N/A;N/A;3.400 lei;Pedagogia învatamântului primar si prescolar (la Câmpulung);Public;Acreditat;Pedagogia învăţământului primar şi preşcolar;Științe ale educației;Științe Politice și Comunicare;Examen;13;47
Facultatea de Teologie, Litere, Istorie si Arte;Universitatea din Pitești;Pitesti, Arges;30;N/A;N/A;3.400 lei;Istorie;Public;Acreditat;Istorie;Istorie;Științe Umaniste;Examen;18;12
Facultatea de Economie și Administrarea Afacerilor (FEAA) - Centru Piatra Neamț;Universitatea ”Alexandru Ioan Cuza” Iași (UAIC) - Centru Piatra Neamț;Piatra-Neamt, Neamt;25;N/A;N/A;3.000 lei;Management;Public;Acreditat;Management;Management;Științe Economice;Dosar;0;25
Facultatea de Economie și Administrarea Afacerilor (FEAA) - Centru Piatra Neamț;Universitatea ”Alexandru Ioan Cuza” Iași (UAIC) - Centru Piatra Neamț;Piatra-Neamt, Neamt;25;N/A;N/A;3.000 lei;Economia comerţului, turismului şi serviciilor;Public;Acreditat;Economia comerţului, turismului şi serviciilor;Administrarea afacerilor;Științe Economice;Dosar;0;25
Facultatea de Economie și Administrarea Afacerilor (FEAA) - Centru Piatra Neamț;Universitatea ”Alexandru Ioan Cuza” Iași (UAIC) - Centru Piatra Neamț;Piatra-Neamt, Neamt;25;N/A;N/A;3.000 lei;Contabilitate și informatică de gestiune;Public;Acreditat;Contabilitate şi informatică de gestiune;Contabilitate;Științe Economice;Dosar;0;25
Facultatea de Economie și Administrarea Afacerilor (FEAA) - Centru Piatra Neamț;Universitatea ”Alexandru Ioan Cuza” Iași (UAIC) - Centru Piatra Neamț;Piatra-Neamt, Neamt;25;N/A;N/A;3.000 lei;Finanțe si bănci;Public;Acreditat;Finanţe şi bănci;Finanţe;Științe Economice;Dosar;0;25
Facultatea de Geografie;Universitatea ”Babes Bolyai” Cluj Napoca (UBB) - Centru Năsăud;Nasaud, Bistrita-Nasaud;N/A;N/A;N/A;2.900 lei;Geografia turismului;Public;Acreditat;Geografia turismului;Geografie;Științe ale Naturii;Dosar;0;0
Facultatea de Psihologie și Științe ale Educației;Universitatea ”Babes Bolyai” Cluj Napoca (UBB) - Centru Năsăud;Nasaud, Bistrita-Nasaud;N/A;N/A;N/A;2.900 lei;Pedagogia învatamântului primar și preșcolar;Public;Acreditat;Pedagogia învăţământului primar şi preşcolar;Științe ale educației;Științe Politice și Comunicare;Examen;0;0
Facultatea de Business;Universitatea ”Babes Bolyai” Cluj Napoca (UBB) - Centru Năsăud;Nasaud, Bistrita-Nasaud;N/A;N/A;N/A;2.900 lei;Administrarea Afacerilor;Public;Autorizat;Administrarea afacerilor;Administrarea afacerilor;Științe Economice;Dosar;0;0
Facultatea de Psihologie și Științe ale Educației;Universitatea ”Babes Bolyai” Cluj Napoca (UBB) - Centru Năsăud;Nasaud, Bistrita-Nasaud;N/A;N/A;N/A;2.900 lei;Pedagogia învățământului școlar și preșcolar (ID);Public;Acreditat;Pedagogia învăţământului primar şi preşcolar;Științe ale educației;Științe Politice și Comunicare;Dosar;0;0
Facultatea de Stiinte Politice, Administrative și ale Comunicării;Universitatea ”Babes Bolyai” Cluj Napoca (UBB) - Centru Năsăud;Nasaud, Bistrita-Nasaud;N/A;N/A;N/A;2.900 lei;Administrație Publică;Public;Acreditat;Administraţie publică;Ştiinţe administrative;Științe Politice și Comunicare;Dosar;0;0
Facultatea de Stiinte Politice, Administrative și ale Comunicării;Universitatea ”Babes Bolyai” Cluj Napoca (UBB) - Centru Năsăud;Nasaud, Bistrita-Nasaud;N/A;N/A;N/A;2.900 lei;Administrație publică (ID);Public;Acreditat;Administraţie publică;Ştiinţe administrative;Științe Politice și Comunicare;Dosar;0;0
Facultatea de Educație Fizică și Sport;Universitatea ”Babes Bolyai” Cluj Napoca (UBB) - Centru Năsăud;Nasaud, Bistrita-Nasaud;N/A;N/A;N/A;2.900 lei;Educație fizică și sport;Public;Acreditat;Educaţie fizică şi sportivă;Educaţie fizică şi sport;Ştiinţa Sportului şi Educaţiei Fizice;Dosar;0;0
Facultatea de Teologie Romano-Catolică;Universitatea ”Babeș Bolyai” Cluj Napoca (UBB) - Centru Alba Iulia;Alba Iulia, Alba;25;N/A;N/A;2.200 lei;Teologie romano-catolică pastorală (în limba maghiară);Public;Acreditat;Teologie pastorală;Teologie;Teologie;Examen;20;5
Facultatea de Stiinte Politice, Administrative si ale Comunicarii;Universitatea ”Babeș Bolyai” Cluj Napoca (UBB) - Centru Bistrița;Bistrita, Bistrita-Nasaud;100;N/A;N/A;2.700 lei;Administrație publică;Public;Acreditat;Administraţie publică;Ştiinţe administrative;Științe Politice și Comunicare;Examen;16;84
Facultatea de Stiinte Politice, Administrative si ale Comunicarii;Universitatea ”Babeș Bolyai” Cluj Napoca (UBB) - Centru Bistrița;Bistrita, Bistrita-Nasaud;N/A;N/A;N/A;3.000 lei;Administrație publică (ID);Public;Acreditat;Administraţie publică;Ştiinţe administrative;Științe Politice și Comunicare;Examen;0;0
Facultatea de Educație Fizică și Sport;Universitatea ”Babeș Bolyai” Cluj Napoca (UBB) - Centru Bistrița;Bistrita, Bistrita-Nasaud;N/A;N/A;N/A;2.800 lei;Educație fizică și sportivă;Public;Acreditat;Educaţie fizică şi sportivă;Educaţie fizică şi sport;Ştiinţa Sportului şi Educaţiei Fizice;Dosar;0;0
Facultatea de Business;Universitatea ”Babeș Bolyai” Cluj Napoca (UBB) - Centru Bistrița;Bistrita, Bistrita-Nasaud;N/A;N/A;N/A;2.800 lei;Administrarea Afacerilor;Public;Autorizat;Administrarea afacerilor;Administrarea afacerilor;Științe Economice;Examen;0;0
Facultatea de Teologie Greco-Catolică;Universitatea ”Babeș Bolyai” Cluj Napoca (UBB) - Centru Blaj;Blaj, Alba;30;N/A;N/A;2.000 lei;Teologie greco-catolică pastorală;Public;Acreditat;Teologie pastorală;Teologie;Teologie;Examen;13;17
Facultatea de Geografie;Universitatea ”Babeș Bolyai” Cluj Napoca (UBB) - Centru Gheorgheni;Gheorgheni, Harghita;47;N/A;N/A;2.800 lei;Geografia turismului (în limba maghiară);Public;Acreditat;Geografia turismului;Geografie;Științe ale Naturii;Dosar;15;32
Facultatea de Geografie;Universitatea ”Babeș Bolyai” Cluj Napoca (UBB) - Centru Gheorgheni;Gheorgheni, Harghita;25;N/A;N/A;2.800 lei;Geografia turismului;Public;Acreditat;Geografia turismului;Geografie;Științe ale Naturii;Examen;7;18
Facultatea de Psihologie si Stiinte ale Educatiei;Universitatea ”Babeș Bolyai” Cluj Napoca (UBB) - Centru Odorheiu Secuiesc;Odorheiu Secuiesc, Harghita;N/A;N/A;N/A;2.900 lei;Pedagogia învatamântului primar și preșcolar (în limba maghiară);Public;Acreditat;Pedagogia învăţământului primar şi preşcolar;Științe ale educației;Științe Politice și Comunicare;Examen;0;0
Facultatea de Psihologie si Stiinte ale Educatiei;Universitatea ”Babeș Bolyai” Cluj Napoca (UBB) - Centru Odorheiu Secuiesc;Odorheiu Secuiesc, Harghita;N/A;N/A;N/A;2.900 lei;Pedagogia învatamântului primar si prescolar (în limba maghiară) (ID);Public;Acreditat;Pedagogia învăţământului primar şi preşcolar;Științe ale educației;Științe Politice și Comunicare;Examen;0;0
Facultatea de Teologie Greco-Catolică;Universitatea ”Babeș Bolyai” Cluj Napoca (UBB) - Centru Oradea;Oradea, Bihor;50;N/A;N/A;2.000 lei;Teologie greco-catolică pastorală;Public;Acreditat;Teologie pastorală;Teologie;Teologie;Examen;15;35
Facultatea de Psihologie si Stiinte ale Educatiei;Universitatea ”Babeș Bolyai” Cluj Napoca (UBB) - Centru Satu Mare;Satu Mare, Satu Mare;N/A;N/A;N/A;2.900 lei;Pedagogia învatamântului primar si prescolar (în limba maghiară) (ID);Public;Acreditat;Filosofie;Filosofie;Științe Umaniste;Examen;0;0
Facultatea de Stiinte Politice, Administrative si ale Comunicarii;Universitatea ”Babeș Bolyai” Cluj Napoca (UBB) - Centru Satu Mare;Satu Mare, Satu Mare;N/A;N/A;N/A;3.000 lei;Administrație publică (ID);Public;Acreditat;Administraţie publică;Ştiinţe administrative;Științe Politice și Comunicare;Examen;0;0
Facultatea de Psihologie si Stiinte ale Educatiei;Universitatea ”Babeș Bolyai” Cluj Napoca (UBB) - Centru Satu Mare;Satu Mare, Satu Mare;N/A;N/A;N/A;2.900 lei;Pedagogia învatamântului primar și preșcolar (în limba maghiară);Public;Acreditat;Pedagogie;Științe ale educației;Științe Politice și Comunicare;Examen;0;0
Facultatea de Științe Economice și Gestiunea Afacerilor;Universitatea ”Babeș Bolyai” Cluj Napoca (UBB) - Centru Sighetu Marmației;Sighetu Marmatiei, Maramures;100;N/A;N/A;2.900 lei;Contabilitate și informatică de gestiune (ID);Public;Acreditat;Contabilitate şi informatică de gestiune;Contabilitate;Științe Economice;Dosar;0;100
Facultatea de Psihologie si Stiinte ale Educatiei;Universitatea ”Babeș Bolyai” Cluj Napoca (UBB) - Centru Sighetu Marmației;Sighetu Marmatiei, Maramures;N/A;N/A;N/A;2.900 lei;Pedagogia învatamântului primar si prescolar;Public;Acreditat;Pedagogia învăţământului primar şi preşcolar;Științe ale educației;Științe Politice și Comunicare;Examen;0;0
Facultatea de Științe Economice și Gestiunea Afacerilor;Universitatea ”Babeș Bolyai” Cluj Napoca (UBB) - Centru Sighetu Marmației;Sighetu Marmatiei, Maramures;50;N/A;N/A;2.900 lei;Contabilitate și informatică de gestiune;Public;Acreditat;Contabilitate şi informatică de gestiune;Contabilitate;Științe Economice;Dosar;14;36
Facultatea de Geografie;Universitatea ”Babeș Bolyai” Cluj Napoca (UBB) - Centru Sighetu Marmației;Sighetu Marmatiei, Maramures;97;N/A;N/A;2.800 lei;Geografia turismului;Public;Acreditat;Geografia turismului;Geografie;Științe ale Naturii;Examen;16;81
Facultatea de Psihologie si Stiinte ale Educatiei;Universitatea ”Babeș Bolyai” Cluj Napoca (UBB) - Centru Sighetu Marmației;Sighetu Marmatiei, Maramures;N/A;N/A;N/A;2.900 lei;Pedagogia învatamântului primar si prescolar (ID);Public;Acreditat;Pedagogia învăţământului primar şi preşcolar;Științe ale educației;Științe Politice și Comunicare;Examen;0;0
Facultatea de Științe Economice și Gestiunea Afacerilor;Universitatea ”Babeș Bolyai” Cluj Napoca - Centru Sfântu Gheorghe;Sfantu Gheorghe, Covasna;N/A;N/A;N/A;2.900 lei;Marketing;Public;Autorizat;Marketing;Marketing;Științe Economice;Dosar;0;0
Facultatea de Științe Economice și Gestiunea Afacerilor;Universitatea ”Babeș Bolyai” Cluj Napoca - Centru Sfântu Gheorghe;Sfantu Gheorghe, Covasna;50;6.17;N/A;2.900 lei;Economia comertului, turismului si serviciilor (în limba maghiară);Public;Acreditat;Economia comerţului, turismului şi serviciilor;Administrarea afacerilor;Științe Economice;Dosar;14;36
Facultatea de Științe Economice și Gestiunea Afacerilor;Universitatea ”Babeș Bolyai” Cluj Napoca - Centru Sfântu Gheorghe;Sfantu Gheorghe, Covasna;50;6.16;N/A;2.900 lei;Economia firmei (în limba maghiară);Public;Acreditat;Economia firmei;Administrarea afacerilor;Științe Economice;Dosar;13;37
Facultatea de Știință și Ingineria Mediului;Universitatea ”Babeș Bolyai” Cluj Napoca - Centru Sfântu Gheorghe;Sfantu Gheorghe, Covasna;23;6.02;N/A;2.500 lei;Știința mediului (în limba maghiară);Public;Autorizat;Ştiinţa mediului;Ştiinţa mediului;Științe ale Naturii;Examen;8;15
Facultatea de Științe Economice și Gestiunea Afacerilor;Universitatea ”Babeș Bolyai” Cluj Napoca - Centru Sfântu Gheorghe;Sfantu Gheorghe, Covasna;50;6.07;N/A;2.900 lei;Economia comertului, turismului si serviciilor;Public;Acreditat;Economia comerţului, turismului şi serviciilor;Administrarea afacerilor;Științe Economice;Dosar;13;37
Facultatea de Științe Economice și Gestiunea Afacerilor;Universitatea ”Babeș Bolyai” Cluj Napoca - Centru Sfântu Gheorghe;Sfantu Gheorghe, Covasna;50;N/A;N/A;2.900 lei;Economia firmei (în limba maghiară) (ID);Public;Acreditat;Economia firmei;Administrarea afacerilor;Științe Economice;Dosar;0;50
Facultatea de Stiinte Politice, Administrative si ale Comunicarii;Universitatea ”Babeș Bolyai” Cluj Napoca - Centru Sfântu Gheorghe;Sfantu Gheorghe, Covasna;N/A;N/A;N/A;3.000 lei;Administrație publică;Public;Acreditat;Administraţie publică;Ştiinţe administrative;Științe Politice și Comunicare;Examen;0;0
Facultatea de Geografie;Universitatea ”Babeș Bolyai” Cluj Napoca - Centru Zalău;Zalau, Salaj;50;N/A;N/A;2.800 lei;Geografia turismului;Public;Acreditat;Geografia turismului;Geografie;Științe ale Naturii;Examen;15;35
Facultatea de Ştiinţe Economice şi Administraţie Publică;Universitatea „Ștefan cel Mare” din Suceava;Suceava, Suceava;50;6.61;N/A;2.750 lei;Afaceri internaţionale;Public;Acreditat;Afaceri internaţionale;Economie şi afaceri internaţionale;Științe Economice;Examen;20;30
Facultatea de Silvicultură;Universitatea „Ștefan cel Mare” din Suceava;Suceava, Suceava;99;N/A;N/A;2.850 lei;Silvicultură;Public;Acreditat;Silvicultură;Silvicultură;Științe Agricole;Dosar;59;40
Facultatea de Litere şi Ştiinţe ale Comunicării;Universitatea „Ștefan cel Mare” din Suceava;Suceava, Suceava;43;6.09;N/A;2.900 lei;Comunicare şi relaţii publice;Public;Acreditat;Comunicare şi relaţii publice;Ştiinţe ale comunicării;Științe Politice și Comunicare;Dosar;23;20
Facultatea de Litere şi Ştiinţe ale Comunicării;Universitatea „Ștefan cel Mare” din Suceava;Suceava, Suceava;47;6.85;N/A;2.900 lei;Limba şi literatura franceză - O limbă şi literatură modernă (engleză, germană);Public;Acreditat;Limbă şi literatură;Limbă şi literatură;Științe Umaniste;Dosar;27;20
Facultatea de Litere şi Ştiinţe ale Comunicării;Universitatea „Ștefan cel Mare” din Suceava;Suceava, Suceava;25;5.87;N/A;2.900 lei;Limba şi literatura ucraineană - O limbă şi literatură modernă (franceză, engleză) / Limba şi literatura română;Public;Acreditat;Limbă şi literatură;Limbă şi literatură;Științe Umaniste;Dosar;15;10
Facultatea de Ştiinţe Economice şi Administraţie Publică;Universitatea „Ștefan cel Mare” din Suceava;Suceava, Suceava;40;N/A;N/A;3.000 lei;Asistenta manageriala si administrativa (ID);Public;Acreditat;Administrarea afacerilor;Administrarea afacerilor;Științe Economice;Examen;0;40
Facultatea de Inginerie Electrică şi Ştiinţa Calculatoarelor;Universitatea „Ștefan cel Mare” din Suceava;Suceava, Suceava;50;N/A;N/A;2.950 lei;Managementul energiei;Public;Acreditat;Managementul energiei;Inginerie energetică;Științe Inginerești;Examen;40;10
Facultatea de Inginerie Mecanică, Mecatronică şi Management;Universitatea „Ștefan cel Mare” din Suceava;Suceava, Suceava;40;N/A;N/A;2.850 lei;Mecatronică;Public;Acreditat;Mecatronică;Mecatronică și robotică;Științe Inginerești;Examen;30;10
Facultatea de Inginerie Electrică şi Ştiinţa Calculatoarelor;Universitatea „Ștefan cel Mare” din Suceava;Suceava, Suceava;121;N/A;N/A;3.300 lei;Calculatoare;Public;Acreditat;Calculatoare;Calculatoare și tehnologia informației;Științe Inginerești;Dosar;69;52
Facultatea de Istorie şi Geografie;Universitatea „Ștefan cel Mare” din Suceava;Suceava, Suceava;41;5.92;N/A;2.900 lei;Istorie;Public;Acreditat;Istorie;Istorie;Științe Umaniste;Examen;26;15
Facultatea de Silvicultură;Universitatea „Ștefan cel Mare” din Suceava;Suceava, Suceava;49;N/A;N/A;2.500 lei;Ecologie şi protecţia mediului;Public;Acreditat;Ecologie şi protecţia mediului;Ştiinţa mediului;Științe ale Naturii;Dosar;29;20
Facultatea de Ştiinţe Economice şi Administraţie Publică;Universitatea „Ștefan cel Mare” din Suceava;Suceava, Suceava;45;7.04;N/A;2.750 lei;Economie generală şi comunicare economică;Public;Acreditat;Economie generală şi comunicare economică;Economie;Științe Economice;Examen;19;26
Facultatea de Ştiinţe Economice şi Administraţie Publică;Universitatea „Ștefan cel Mare” din Suceava;Suceava, Suceava;60;8.07;N/A;2.750 lei;Finanţe şi bănci;Public;Acreditat;Finanţe şi bănci;Finanţe;Științe Economice;Examen;20;40
Facultatea de Ştiinţe Economice şi Administraţie Publică;Universitatea „Ștefan cel Mare” din Suceava;Suceava, Suceava;65;7.75;N/A;2.750 lei;Administrarea afacerilor;Public;Acreditat;Administrarea afacerilor;Administrarea afacerilor;Științe Economice;Examen;15;50
Facultatea de Litere şi Ştiinţe ale Comunicării;Universitatea „Ștefan cel Mare” din Suceava;Suceava, Suceava;35;6.10;N/A;2.900 lei;Limba şi literatura franceză - O limbă şi literatură modernă (spaniolă, italiană);Public;Autorizat;Limbă şi literatură;Limbă şi literatură;Științe Umaniste;Dosar;15;20
Facultatea de Litere şi Ştiinţe ale Comunicării;Universitatea „Ștefan cel Mare” din Suceava;Suceava, Suceava;90;N/A;N/A;2.900 lei;Limba şi literatura română - O limbă şi literatură modernă (franceză, germană, spaniolă, italiană);Public;Acreditat;Limbă şi literatură;Limbă şi literatură;Științe Umaniste;Dosar;50;40
Facultatea de Istorie şi Geografie;Universitatea „Ștefan cel Mare” din Suceava;Suceava, Suceava;50;N/A;N/A;2.900 lei;Geografia turismului (ID);Public;Acreditat;Geografia turismului;Geografie;Științe ale Naturii;Examen;0;50
Facultatea de Silvicultură;Universitatea „Ștefan cel Mare” din Suceava;Suceava, Suceava;75;N/A;N/A;3.750 lei;Silvicultură (ID);Public;Acreditat;Silvicultură;Silvicultură;Științe Agricole;Dosar;0;75
Facultatea de Educaţie Fizică şi Sport;Universitatea „Ștefan cel Mare” din Suceava;Suceava, Suceava;75;7.04;N/A;2.800 lei;Educaţie fizică şi sportivă;Public;Acreditat;Educaţie fizică şi sportivă;Educaţie fizică şi sport;Ştiinţa Sportului şi Educaţiei Fizice;Examen;40;35
Facultatea de Inginerie Electrică şi Ştiinţa Calculatoarelor;Universitatea „Ștefan cel Mare” din Suceava;Suceava, Suceava;48;6.27;N/A;3.300 lei;Automatică şi informatică aplicată;Public;Acreditat;Automatică şi informatică aplicată;Ingineria sistemelor și inginerie mecanică;Științe Inginerești;Dosar;38;10
Facultatea de Istorie şi Geografie;Universitatea „Ștefan cel Mare” din Suceava;Suceava, Suceava;50;N/A;N/A;2.900 lei;Asistenţă socială;Public;Acreditat;Asistenţă socială;Asistenţă socială;Științe Sociale și Psihologie;Dosar;25;25
Facultatea de Istorie şi Geografie;Universitatea „Ștefan cel Mare” din Suceava;Suceava, Suceava;66;6.50;N/A;2.900 lei;Relații internaționale și studii europene;Public;Acreditat;Relaţii internaţionale şi studii europene;Relații internaționale și studii europene;Științe Politice și Comunicare;Examen;26;40
Facultatea de Ştiinţe Economice şi Administraţie Publică;Universitatea „Ștefan cel Mare” din Suceava;Suceava, Suceava;65;7.08;N/A;2.750 lei;Management;Public;Acreditat;Management;Management;Științe Economice;Examen;15;50
Facultatea de Ştiinţe Economice şi Administraţie Publică;Universitatea „Ștefan cel Mare” din Suceava;Suceava, Suceava;66;7.54;N/A;2.750 lei;Economia comerţului, turismului şi serviciilor;Public;Acreditat;Economia comerţului, turismului şi serviciilor;Administrarea afacerilor;Științe Economice;Examen;16;50
Facultatea de Științe ale Educației;Universitatea „Ștefan cel Mare” din Suceava;Suceava, Suceava;100;N/A;N/A;2.800 lei;Pedagogia învăţământului primar şi preşcolar;Public;Acreditat;Pedagogia învăţământului primar şi preşcolar;Științe ale educației;Științe Politice și Comunicare;Examen;50;50
Facultatea de Istorie şi Geografie;Universitatea „Ștefan cel Mare” din Suceava;Suceava, Suceava;60;N/A;N/A;2.900 lei;Geografie (ID);Public;Acreditat;Geografie;Geografie;Științe ale Naturii;Examen;0;60
Facultatea de Ştiinţe Economice şi Administraţie Publică;Universitatea „Ștefan cel Mare” din Suceava;Suceava, Suceava;44;N/A;N/A;3.000 lei;Administrarea afacerilor (ID);Public;Acreditat;Administrarea afacerilor;Administrarea afacerilor;Științe Economice;Examen;0;44
Facultatea de Educaţie Fizică şi Sport;Universitatea „Ștefan cel Mare” din Suceava;Suceava, Suceava;60;N/A;N/A;3.000 lei;Kinetoterapie şi motricitate specială;Public;Acreditat;Kinetoterapie şi motricitate specială;Kinetoterapie;Ştiinţa Sportului şi Educaţiei Fizice;Examen;24;36
Facultatea de Educaţie Fizică şi Sport;Universitatea „Ștefan cel Mare” din Suceava;Suceava, Suceava;30;N/A;N/A;3.000 lei;Balneofiziokinetoterapie şi recuperare;Public;Autorizat;Balneofiziokinetoterapie şi recuperare;Sănătate;Medicină;Examen;21;9
Facultatea de Inginerie Electrică şi Ştiinţa Calculatoarelor;Universitatea „Ștefan cel Mare” din Suceava;Suceava, Suceava;48;N/A;N/A;3.300 lei;Sisteme electrice;Public;Acreditat;Sisteme electrice;Inginerie electrică;Științe Inginerești;Dosar;33;15
Facultatea de Inginerie Mecanică, Mecatronică şi Management;Universitatea „Ștefan cel Mare” din Suceava;Suceava, Suceava;45;N/A;N/A;2.850 lei;Tehnologia construcţiilor de maşini;Public;Acreditat;Tehnologia construcţiilor de maşini;Inginerie industrială;Științe Inginerești;Examen;35;10
Facultatea de Istorie şi Geografie;Universitatea „Ștefan cel Mare” din Suceava;Suceava, Suceava;35;N/A;N/A;2.900 lei;Geografie;Public;Acreditat;Geografie;Geografie;Științe ale Naturii;Examen;25;10
Facultatea de Istorie şi Geografie;Universitatea „Ștefan cel Mare” din Suceava;Suceava, Suceava;25;N/A;N/A;2.900 lei;Filosofie;Public;Acreditat;Filosofie;Filosofie;Științe Umaniste;Examen;5;20
Facultatea de Inginerie Mecanică, Mecatronică şi Management;Universitatea „Ștefan cel Mare” din Suceava;Suceava, Suceava;35;N/A;N/A;2.850 lei;Inginerie economică în domeniul mecanic;Public;Acreditat;Inginerie economică în domeniul mecanic;Inginerie și management;Științe Inginerești;Examen;25;10
Facultatea de Ştiinţe Economice şi Administraţie Publică;Universitatea „Ștefan cel Mare” din Suceava;Suceava, Suceava;45;7.46;N/A;2.750 lei;Informatică economică;Public;Acreditat;Informatică economică;Informatică economică;Științe Economice;Examen;30;15
Facultatea de Istorie şi Geografie;Universitatea „Ștefan cel Mare” din Suceava;Suceava, Suceava;66;N/A;N/A;2.900 lei;Ştiinţe politice;Public;Acreditat;Ştiinţe politice;Ştiinţe politice;Științe Politice și Comunicare;Examen;26;40
Facultatea de Ştiinţe Economice şi Administraţie Publică;Universitatea „Ștefan cel Mare” din Suceava;Suceava, Suceava;40;N/A;N/A;3.000 lei;Economia comertului, turismului si serviciilor (ID);Public;Acreditat;Economia comerţului, turismului şi serviciilor;Administrarea afacerilor;Științe Economice;Examen;0;40
Facultatea de Educaţie Fizică şi Sport;Universitatea „Ștefan cel Mare” din Suceava;Suceava, Suceava;60;N/A;N/A;3.000 lei;Nutriție și dietetică;Public;Autorizat;Nutriţie şi dietetică;Sănătate;Medicină;Examen;35;25
Facultatea de Inginerie Alimentară;Universitatea „Ștefan cel Mare” din Suceava;Suceava, Suceava;40;N/A;N/A;3.000 lei;Ingineria produselor alimentare;Public;Acreditat;Ingineria produselor alimentare;Ingineria produselor alimentare;Științe Agricole;Examen;30;10
Facultatea de Inginerie Electrică şi Ştiinţa Calculatoarelor;Universitatea „Ștefan cel Mare” din Suceava;Suceava, Suceava;50;N/A;N/A;2.950 lei;Electronică aplicată;Public;Acreditat;Electronică aplicată;Inginerie electronică, telecomunicații și tehnologii informaționale;Științe Inginerești;Examen;40;10
Facultatea de Inginerie Electrică şi Ştiinţa Calculatoarelor;Universitatea „Ștefan cel Mare” din Suceava;Suceava, Suceava;50;6.19;1.00;2.950 lei;Inginerie economică în domeniul electric, electronic şi energetic;Public;Acreditat;Inginerie economică în domeniul electric, electronic şi energetic;Inginerie și management;Științe Inginerești;Dosar;40;10
Facultatea de Istorie şi Geografie;Universitatea „Ștefan cel Mare” din Suceava;Suceava, Suceava;81;6.47;N/A;2.900 lei;Geografia turismului;Public;Acreditat;Geografia turismului;Geografie;Științe ale Naturii;Examen;41;40
Facultatea de Ştiinţe Economice şi Administraţie Publică;Universitatea „Ștefan cel Mare” din Suceava;Suceava, Suceava;50;6.34;N/A;2.750 lei;Asistenţă managerială şi secretariat;Public;Acreditat;Asistenţă managerială şi secretariat;Ştiinţe administrative;Științe Politice și Comunicare;Examen;15;35
Facultatea de Ştiinţe Economice şi Administraţie Publică;Universitatea „Ștefan cel Mare” din Suceava;Suceava, Suceava;100;8.82;N/A;2.750 lei;Contabilitate şi informatică de gestiune;Public;Acreditat;Contabilitate şi informatică de gestiune;Contabilitate;Științe Economice;Examen;20;80
Facultatea de Istorie şi Geografie;Universitatea „Ștefan cel Mare” din Suceava;Suceava, Suceava;43;N/A;N/A;2.900 lei;Geografia mediului;Public;Acreditat;Geografia mediului;Ştiinţa mediului;Științe ale Naturii;Examen;20;23
Facultatea de Litere şi Ştiinţe ale Comunicării;Universitatea „Ștefan cel Mare” din Suceava;Suceava, Suceava;89;N/A;N/A;2.900 lei;Limba şi literatura engleză - Limba şi literatura germană/Limba şi literatura română;Public;Acreditat;Limbă şi literatură;Limbă şi literatură;Științe Umaniste;Dosar;49;40
Facultatea de Ştiinţe Economice şi Administraţie Publică;Universitatea „Ștefan cel Mare” din Suceava;Suceava, Suceava;40;N/A;N/A;3.000 lei;Contabilitate şi informatică de gestiune (ID);Public;Acreditat;Contabilitate şi informatică de gestiune;Contabilitate;Științe Economice;Examen;0;40
Facultatea de Inginerie Alimentară;Universitatea „Ștefan cel Mare” din Suceava;Suceava, Suceava;40;N/A;N/A;3.000 lei;Controlul şi expertiza produselor alimentare;Public;Acreditat;Controlul şi expertiza produselor alimentare;Ingineria produselor alimentare;Științe Agricole;Examen;30;10
Facultatea de Inginerie Alimentară;Universitatea „Ștefan cel Mare” din Suceava;Suceava, Suceava;40;N/A;N/A;3.000 lei;Protecţia consumatorului şi a mediului;Public;Autorizat;Protecția consumatorului și a mediului;Ingineria produselor alimentare;Științe Agricole;Examen;30;10
Facultatea Rosu Albastrui;Universitatea ROSIE;Bucuresti, Bucuresti;2;1.00;0.50;N/A;test;Public;Acreditat;Teologie pastorală;Teologie;Teologie;Dosar;1;1
Facultatea de Comunicare şi Relaţii Publice;Şcoala Naţională de Studii Politice şi Administrative din Bucureşti (SNSPA);Bucuresti, Bucuresti;150;7.55;0.89;2.900 lei;Publicitate;Public;Acreditat;Publicitate;Ştiinţe ale comunicării;Științe Politice și Comunicare;Examen;50;100
Facultatea de Administraţie Publică;Şcoala Naţională de Studii Politice şi Administrative din Bucureşti (SNSPA);Bucuresti, Bucuresti;200;8.38;0.69;2.900 lei;Administraţie Publică;Public;Acreditat;Administraţie publică;Ştiinţe administrative;Științe Politice și Comunicare;Examen;140;60
Facultatea de Administraţie Publică;Şcoala Naţională de Studii Politice şi Administrative din Bucureşti (SNSPA);Bucuresti, Bucuresti;100;N/A;N/A;2.900 lei;Administrație Publică (ID);Public;Acreditat;Administraţie publică;Ştiinţe administrative;Științe Politice și Comunicare;Examen;0;100
Facultatea de Management;Şcoala Naţională de Studii Politice şi Administrative din Bucureşti (SNSPA);Bucuresti, Bucuresti;100;9.01;1.25;2.200 lei;Management;Public;Acreditat;Management;Management;Științe Economice;Examen;80;20
Facultatea de Administraţie Publică;Şcoala Naţională de Studii Politice şi Administrative din Bucureşti (SNSPA);Bucuresti, Bucuresti;150;7.84;0.99;2.900 lei;Administraţie europeană;Public;Acreditat;Administraţie europeană;Ştiinţe administrative;Științe Politice și Comunicare;Examen;95;55
Facultatea de Ştiinţe Politice;Şcoala Naţională de Studii Politice şi Administrative din Bucureşti (SNSPA);Bucuresti, Bucuresti;200;8.20;N/A;3.500 lei;Științe Politice;Public;Acreditat;Ştiinţe politice;Ştiinţe politice;Științe Politice și Comunicare;Examen;75;125
Facultatea de Comunicare şi Relaţii Publice;Şcoala Naţională de Studii Politice şi Administrative din Bucureşti (SNSPA);Bucuresti, Bucuresti;300;7.50;1.17;2.900 lei;Comunicare şi relaţii publice;Public;Acreditat;Comunicare şi relaţii publice;Ştiinţe ale comunicării;Științe Politice și Comunicare;Examen;150;150
Facultatea de Ştiinţe Politice;Şcoala Naţională de Studii Politice şi Administrative din Bucureşti (SNSPA);Bucuresti, Bucuresti;150;8.20;N/A;3.500 lei;Relații Internaționale și Studii Europene;Public;Acreditat;Relaţii internaţionale şi studii europene;Relații internaționale și studii europene;Științe Politice și Comunicare;Examen;75;75
Facultatea de Ştiinţe Politice;Şcoala Naţională de Studii Politice şi Administrative din Bucureşti (SNSPA);Bucuresti, Bucuresti;50;7.70;N/A;3.500 lei;Sociologie;Public;Acreditat;Sociologie;Sociologie;Științe Sociale și Psihologie;Examen;40;10
Facultatea de Ştiinţe Politice;Şcoala Naţională de Studii Politice şi Administrative din Bucureşti (SNSPA);Bucuresti, Bucuresti;50;9.43;1.94;3.500 lei;Psihologie;Public;Acreditat;Psihologie;Psihologie;Științe Sociale și Psihologie;Examen;40;10
Facultatea de Comunicare şi Relaţii Publice;Şcoala Naţională de Studii Politice şi Administrative din Bucureşti (SNSPA);Bucuresti, Bucuresti;75;8.37;N/A;2.900 lei;Comunicare și media emergente (în limba engleză-Communication and Emerging Media);Public;Acreditat;Comunicare şi relaţii publice;Ştiinţe ale comunicării;Științe Politice și Comunicare;Examen;50;25
