facultyName;universityName;facultyCity;availablePlaces;lastEntranceGrade;candidatesPerPlace;annualTax;facultyProgram;facultyType;authorization;specialization;domainOfLicenseOrMaster;facultyDomain;admissionType;budgetPlaces;taxPlaces
Facultatea de Management Militar;Academia Forţelor Terestre "Nicolae Bălcescu" din Sibiu;Sibiu, Sibiu;50;N/A;N/A;2.200 lei;Management şi tehnologie;Public;Acreditat;Managementul sistemelor de comunicații militare;Ştiinţe militare;Ştiinţe Militare, Informaţii şi Ordine publică;Examen;5;45
Facultatea de Științe Militare;Academia Forţelor Terestre "Nicolae Bălcescu" din Sibiu;Sibiu, Sibiu;50;N/A;N/A;2.200 lei;Intelligence în organizaţii;Public;Acreditat;Managementul organizaţiei;Ştiinţe militare;Ştiinţe Militare, Informaţii şi Ordine publică;Examen;5;45
Facultatea de Management Militar;Academia Forţelor Terestre "Nicolae Bălcescu" din Sibiu;Sibiu, Sibiu;50;N/A;N/A;2.200 lei;Managementul capabilităţilor organizaţionale;Public;Acreditat;Managementul organizaţiei;Ştiinţe militare;Ştiinţe Militare, Informaţii şi Ordine publică;Examen;5;45
Facultatea de Științe Militare;Academia Forţelor Terestre "Nicolae Bălcescu" din Sibiu;Sibiu, Sibiu;60;N/A;N/A;2.200 lei;Leadership organizaţional;Public;Acreditat;Managementul organizaţiei;Ştiinţe militare;Ştiinţe Militare, Informaţii şi Ordine publică;Examen;5;55
Facultatea de Management Aeronautic;Academia Forțelor Aeriene "Henri Coandă";Brasov, Brasov;50;N/A;N/A;N/A;Managementul sistemelor de luptă din forţele aeriene;Public;Acreditat;Managementul sistemelor de rachete şi artilerie antiaeriene;Ştiinţe militare;Ştiinţe Militare, Informaţii şi Ordine publică;Examen;5;45
Facultatea de Management Aeronautic;Academia Forțelor Aeriene "Henri Coandă";Brasov, Brasov;50;N/A;N/A;N/A;Securitatea spaţiului aerian;Public;Acreditat;Management în aviaţie;Ştiinţe militare;Ştiinţe Militare, Informaţii şi Ordine publică;Examen;5;45
Facultatea de Navigație și Management Naval;Academia Navală "Mircea Cel Bătrân";Constanta, Constanta;50;N/A;N/A;N/A;Inginerie şi management naval şi portuar;Public;Acreditat;Inginerie şi management naval şi portuar;Inginerie și management;Științe Inginerești;Dosar;0;50
Facultatea de Navigație și Management Naval;Academia Navală "Mircea Cel Bătrân";Constanta, Constanta;50;N/A;N/A;N/A;Managementul sistemelor logistice;Public;Acreditat;Inginerie economică în domeniul transporturilor;Inginerie și management;Științe Inginerești;Dosar;0;50
Facultatea de Inginerie Marină;Academia Navală "Mircea Cel Bătrân";Constanta, Constanta;50;N/A;N/A;N/A;Sisteme electromecanice navale;Public;Acreditat;Electromecanică navală;Inginerie marină şi navigaţie;Științe Inginerești;Dosar;0;50
Facultatea de Navigație și Management Naval;Academia Navală "Mircea Cel Bătrân";Constanta, Constanta;50;N/A;N/A;N/A;Ştiinţe nautice;Public;Acreditat;Navigaţie şi transport maritim şi fluvial;Inginerie marină şi navigaţie;Științe Inginerești;Dosar;0;50
Facultatea de Informaţii;Academia Naţională de Informaţii "Mihai Viteazul" din Bucureşti;Bucuresti, Bucuresti;70;N/A;N/A;7.000 lei;Intelligence şi securitate naţională;Public;Acreditat;Studii de securitate și informații;Informații și securitate națională;Ştiinţe Militare, Informaţii şi Ordine publică;Examen;0;70
Facultatea de Informaţii;Academia Naţională de Informaţii "Mihai Viteazul" din Bucureşti;Bucuresti, Bucuresti;50;N/A;N/A;7.000 lei;Relații internaționale și studii de intelligence;Public;Acreditat;Studii de securitate și informații;Informații și securitate națională;Ştiinţe Militare, Informaţii şi Ordine publică;Examen;0;50
Facultatea de Informaţii;Academia Naţională de Informaţii "Mihai Viteazul" din Bucureşti;Bucuresti, Bucuresti;50;N/A;N/A;4.800 lei;Managementul informaţiilor de securitate naţională;Public;Acreditat;Studii de securitate și informații;Informații și securitate națională;Ştiinţe Militare, Informaţii şi Ordine publică;Examen;20;30
Facultatea de Informaţii;Academia Naţională de Informaţii "Mihai Viteazul" din Bucureşti;Bucuresti, Bucuresti;50;N/A;N/A;7.000 lei;Relații internaționale și studii de intelligence (în limba engleză);Public;Acreditat;Studii de securitate și informații;Informații și securitate națională;Ştiinţe Militare, Informaţii şi Ordine publică;Examen;0;50
Facultatea de Informaţii;Academia Naţională de Informaţii "Mihai Viteazul" din Bucureşti;Bucuresti, Bucuresti;N/A;N/A;N/A;7.000 lei;Managementul informaţiilor în combaterea terorismului;Public;Acreditat;Studii de securitate și informații;Informații și securitate națională;Ştiinţe Militare, Informaţii şi Ordine publică;Examen;0;0
Facultatea de Studii de Intelligence;Academia Naţională de Informaţii "Mihai Viteazul" din Bucureşti;Bucuresti, Bucuresti;30;N/A;N/A;7.000 lei;Analiză de intelligence;Public;Acreditat;Studii de securitate și informații;Informații și securitate națională;Ştiinţe Militare, Informaţii şi Ordine publică;Examen;0;30
Facultatea de Sisteme Electronice şi Informatice Militare;Academia Tehnică Militară din Bucureşti;Bucuresti, Bucuresti;65;5.61;0.77;4.000 lei;Ingineria sistemelor de comunicaţii şi securitate electronică;Public;Acreditat;Comunicații pentru apărare și securitate;Inginerie electronică, telecomunicații și tehnologii informaționale;Științe Inginerești;Examen;19;46
Facultatea de Sisteme Electronice şi Informatice Militare;Academia Tehnică Militară din Bucureşti;Bucuresti, Bucuresti;35;5.63;2.43;4.000 lei;Electronică aplicată în robotică pentru securitate şi apărare;Public;Acreditat;Electronică aplicată;Inginerie electronică, telecomunicații și tehnologii informaționale;Științe Inginerești;Examen;8;27
Facultatea de Interpretare Muzicală;Academia de Muzică "Gheorghe Dima" din Cluj-Napoca;Cluj-Napoca, Cluj;28;N/A;N/A;6.000 lei;Interpretare muzicală - Canto;Public;Acreditat;Interpretare muzicală - canto;Muzică;Arte, Arhitectură și Urbanism ;Examen;13;15
Facultatea de Interpretare Muzicală;Academia de Muzică "Gheorghe Dima" din Cluj-Napoca;Cluj-Napoca, Cluj;10;N/A;N/A;6.000 lei;Artele spectacolului muzical;Public;Acreditat;Artele spectacolului muzical;Muzică;Arte, Arhitectură și Urbanism ;Examen;3;7
Facultatea Teoretică;Academia de Muzică "Gheorghe Dima" din Cluj-Napoca;Cluj-Napoca, Cluj;62;N/A;N/A;3.800 lei;Pedagogie muzicală;Public;Acreditat;Pedagogie muzicală;Muzică;Arte, Arhitectură și Urbanism ;Examen;22;40
Facultatea Teoretică;Academia de Muzică "Gheorghe Dima" din Cluj-Napoca;Cluj-Napoca, Cluj;62;N/A;N/A;6.000 lei;Compoziţie muzicală, muzicologie, dirijat;Public;Acreditat;Pedagogie muzicală;Muzică;Arte, Arhitectură și Urbanism ;Examen;22;40
Facultatea de Interpretare Muzicală;Academia de Muzică "Gheorghe Dima" din Cluj-Napoca;Cluj-Napoca, Cluj;56;N/A;N/A;6.000 lei;Interpretare muzicală - Instrumente;Public;Acreditat;Interpretare muzicală - instrumente;Muzică;Arte, Arhitectură și Urbanism ;Examen;36;20
Facultatea de Ştiinţe Juridice şi Administrative;Academia de Poliție "Alexandru Ioan Cuza" din Bucureşti;Bucuresti, Bucuresti;50;10.00;N/A;3.000 lei;Cercetări criminalistice aplicate;Public;Acreditat;Drept;Drept;Științe Juridice;Examen;5;45
Facultatea de Ştiinţe Juridice şi Administrative;Academia de Poliție "Alexandru Ioan Cuza" din Bucureşti;Bucuresti, Bucuresti;50;8.50;N/A;3.000 lei;Managementul resurselor umane în sistemul autorităţilor de ordine publică;Public;Acreditat;Drept;Drept;Științe Juridice;Examen;5;45
Facultatea de Poliție;Academia de Poliție "Alexandru Ioan Cuza" din Bucureşti;Bucuresti, Bucuresti;50;8.80;1.38;3.000 lei;Managementul cooperării poliţieneşti internaţionale;Public;Acreditat;Ordine şi siguranţă publică;Ordine publică și siguranță națională;Ştiinţe Militare, Informaţii şi Ordine publică;Examen;5;45
Facultatea de Ştiinţe Juridice şi Administrative;Academia de Poliție "Alexandru Ioan Cuza" din Bucureşti;Bucuresti, Bucuresti;50;9.40;0.70;3.000 lei;Ştiinţe penale;Public;Acreditat;Drept;Drept;Științe Juridice;Examen;5;45
Facultatea de Arhivistică;Academia de Poliție "Alexandru Ioan Cuza" din Bucureşti;Bucuresti, Bucuresti;50;7.85;0.52;3.000 lei;Arhivistică contemporană;Public;Acreditat;Arhivistică;Istorie;Științe Umaniste;Examen;6;44
Facultatea de Poliție;Academia de Poliție "Alexandru Ioan Cuza" din Bucureşti;Bucuresti, Bucuresti;50;7.90;0.82;3.000 lei;Managementul investigării fraudelor;Public;Acreditat;Ordine şi siguranţă publică;Ordine publică și siguranță națională;Ştiinţe Militare, Informaţii şi Ordine publică;Examen;5;45
Facultatea de Poliţie de Frontieră;Academia de Poliție "Alexandru Ioan Cuza" din Bucureşti;Bucuresti, Bucuresti;50;10.00;1.00;3.000 lei;Managementul operaţional la frontiera externă Schengen;Public;Acreditat;Ordine şi siguranţă publică;Ordine publică și siguranță națională;Ştiinţe Militare, Informaţii şi Ordine publică;Examen;6;44
Facultatea de Poliție;Academia de Poliție "Alexandru Ioan Cuza" din Bucureşti;Bucuresti, Bucuresti;50;9.10;0.60;3.000 lei;Poliţie judiciară;Public;Acreditat;Ordine şi siguranţă publică;Ordine publică și siguranță națională;Ştiinţe Militare, Informaţii şi Ordine publică;Examen;5;45
Facultatea de Ştiinţe Juridice şi Administrative;Academia de Poliție "Alexandru Ioan Cuza" din Bucureşti;Bucuresti, Bucuresti;50;9.00;0.44;3.000 lei;Drept administrativ;Public;Acreditat;Drept;Drept;Științe Juridice;Examen;5;45
Facultatea de Poliție;Academia de Poliție "Alexandru Ioan Cuza" din Bucureşti;Bucuresti, Bucuresti;50;7.90;2.18;3.000 lei;Managementul activităţilor de ordine publică şi siguranţă naţională;Public;Acreditat;Ordine şi siguranţă publică;Ordine publică și siguranță națională;Ştiinţe Militare, Informaţii şi Ordine publică;Examen;5;45
Facultatea de Pompieri;Academia de Poliție "Alexandru Ioan Cuza" din Bucureşti;Bucuresti, Bucuresti;50;7.00;0.78;3.000 lei;Managementul situaţiilor de urgenţă;Public;Acreditat;Inginerie civilă;Inginerie civilă și instalații;Științe Inginerești;Examen;5;45
Facultatea de Ştiinţe Juridice şi Administrative;Academia de Poliție "Alexandru Ioan Cuza" din Bucureşti;Bucuresti, Bucuresti;50;9.00;0.48;2.500 lei;Relaţii şi organizaţii internaţionale în dreptul contemporan;Public;Acreditat;Drept european și internațional;Drept;Științe Juridice;Examen;5;45
Facultatea de Ştiinţe Juridice şi Administrative;Academia de Poliție "Alexandru Ioan Cuza" din Bucureşti;Bucuresti, Bucuresti;50;8.50;0.36;3.000 lei;Dreptul afacerilor;Public;Acreditat;Drept;Drept;Științe Juridice;Examen;5;45
Facultatea de Administrație și Management Public;Academia de Studii Economice din Bucureşti (ASE);Bucuresti, Bucuresti;50;N/A;N/A;4.500 lei;Administraţie publică şi integrare europeană;Public;Acreditat;Administraţie publică;Ştiinţe administrative;Științe Politice și Comunicare;Examen;25;25
Facultatea de Business şi Turism;Academia de Studii Economice din Bucureşti (ASE);Bucuresti, Bucuresti;75;N/A;0.60;5.000 lei;Managementul calităţii, expertiză şi protecţia consumatorului;Public;Acreditat;Economia comerţului, turismului, serviciilor şi managementul calităţii;Administrarea afacerilor;Științe Economice;Examen;31;44
Facultatea de Contabilitate şi Informatică de Gestiune;Academia de Studii Economice din Bucureşti (ASE);Bucuresti, Bucuresti;60;N/A;0.72;5.000 lei;Contabilitate internaţională;Public;Acreditat;Contabilitate şi informatică de gestiune;Contabilitate;Științe Economice;Examen;15;45
Facultatea de Economie Agroalimentară şi a Mediului;Academia de Studii Economice din Bucureşti (ASE);Bucuresti, Bucuresti;74;N/A;0.91;5.000 lei;Economie ecologică;Public;Acreditat;Economia mediului;Economie;Științe Economice;Examen;67;7
Facultatea de Economie Agroalimentară şi a Mediului;Academia de Studii Economice din Bucureşti (ASE);Bucuresti, Bucuresti;74;N/A;0.95;5.000 lei;Economia şi administrarea afacerilor agroalimentare;Public;Acreditat;Economie agroalimentară;Economie;Științe Economice;Examen;67;7
Facultatea de Finanţe, Asigurări, Bănci şi Burse de Valori;Academia de Studii Economice din Bucureşti (ASE);Bucuresti, Bucuresti;49;N/A;0.73;5.000 lei;Finanţe corporative;Public;Acreditat;Finanţe şi bănci;Finanţe;Științe Economice;Examen;22;27
Facultatea de Finanţe, Asigurări, Bănci şi Burse de Valori;Academia de Studii Economice din Bucureşti (ASE);Bucuresti, Bucuresti;49;N/A;0.61;5.000 lei;Tehnici actuariale;Public;Acreditat;Finanţe şi bănci;Finanţe;Științe Economice;Examen;17;32
Facultatea de Management;Academia de Studii Economice din Bucureşti (ASE);Bucuresti, Bucuresti;73;N/A;N/A;5.000 lei;Managementul serviciilor de sănătate;Public;Acreditat;Management;Management;Științe Economice;Examen;24;49
Facultatea de Marketing;Academia de Studii Economice din Bucureşti (ASE);Bucuresti, Bucuresti;50;N/A;N/A;5.000 lei;Marketing şi dezvoltare durabilă;Public;Acreditat;Marketing;Marketing;Științe Economice;Examen;12;38
Facultatea de Finanţe, Asigurări, Bănci şi Burse de Valori;Academia de Studii Economice din Bucureşti (ASE);Bucuresti, Bucuresti;73;N/A;0.41;5.000 lei;Finanțe aplicate (în limba engleză);Public;Acreditat;Finanţe şi bănci;Finanţe;Științe Economice;Examen;20;53
Facultatea de Business şi Turism;Academia de Studii Economice din Bucureşti (ASE);Bucuresti, Bucuresti;75;N/A;0.49;5.000 lei;Administrarea afacerilor în turism;Public;Acreditat;Administrarea afacerilor în comerţ, turism, servicii, merceologie şi managementul calităţii;Administrarea afacerilor;Științe Economice;Examen;31;44
Facultatea de Business şi Turism;Academia de Studii Economice din Bucureşti (ASE);Bucuresti, Bucuresti;75;N/A;0.45;5.000 lei;Administrarea afacerilor comerciale;Public;Acreditat;Administrarea afacerilor;Administrarea afacerilor;Științe Economice;Examen;31;44
Facultatea de Cibernetică, Statistică şi Informatică Economică;Academia de Studii Economice din Bucureşti (ASE);Bucuresti, Bucuresti;50;N/A;1.00;5.000 lei;Cibernetica si economie cantitativa;Public;Acreditat;Cibernetică economică ;Cibernetică și statistică;Științe Economice;Examen;34;16
Facultatea de Contabilitate şi Informatică de Gestiune;Academia de Studii Economice din Bucureşti (ASE);Bucuresti, Bucuresti;75;N/A;0.59;5.000 lei;Contabilitate, audit şi informatică de gestiune (în limba engleză);Public;Acreditat;Contabilitate şi informatică de gestiune;Contabilitate;Științe Economice;Examen;31;44
Facultatea de Finanţe, Asigurări, Bănci şi Burse de Valori;Academia de Studii Economice din Bucureşti (ASE);Bucuresti, Bucuresti;73;N/A;0.56;5.000 lei;Management financiar şi investiţii;Public;Acreditat;Management;Management;Științe Economice;Examen;22;51
Facultatea de Management;Academia de Studii Economice din Bucureşti (ASE);Bucuresti, Bucuresti;70;N/A;N/A;5.000 lei;Managementul afacerilor;Public;Acreditat;Management;Management;Științe Economice;Examen;21;49
Facultatea de Finanţe, Asigurări, Bănci şi Burse de Valori;Academia de Studii Economice din Bucureşti (ASE);Bucuresti, Bucuresti;50;N/A;0.44;5.000 lei;Cercetări avansate în finanţe;Public;Acreditat;Finanţe şi bănci;Finanţe;Științe Economice;Examen;23;27
Facultatea de Management;Academia de Studii Economice din Bucureşti (ASE);Bucuresti, Bucuresti;58;N/A;N/A;5.000 lei;Managementul afacerilor mici şi mijlocii;Public;Acreditat;Management;Management;Științe Economice;Examen;24;34
Facultatea de Management;Academia de Studii Economice din Bucureşti (ASE);Bucuresti, Bucuresti;73;N/A;N/A;5.000 lei;Managementul şi evaluarea investiţiilor;Public;Acreditat;Management;Management;Științe Economice;Examen;24;49
Facultatea de Relaţii Economice Internaţionale;Academia de Studii Economice din Bucureşti (ASE);Bucuresti, Bucuresti;72;N/A;N/A;5.000 lei;Economie internaţională şi afaceri europene;Public;Acreditat;Economie şi afaceri internaţionale;Economie şi afaceri internaţionale;Științe Economice;Examen;34;38
Facultatea de Relaţii Economice Internaţionale;Academia de Studii Economice din Bucureşti (ASE);Bucuresti, Bucuresti;75;N/A;N/A;5.000 lei;Managementul afacerilor internaţionale;Public;Acreditat;Afaceri internaţionale;Economie şi afaceri internaţionale;Științe Economice;Examen;43;32
Facultatea de Marketing;Academia de Studii Economice din Bucureşti (ASE);Bucuresti, Bucuresti;50;7.00;N/A;5.000 lei;Marketing strategic;Public;Acreditat;Marketing;Marketing;Științe Economice;Examen;12;38
Facultatea de Marketing;Academia de Studii Economice din Bucureşti (ASE);Bucuresti, Bucuresti;75;7.01;N/A;5.000 lei;Managementul marketingului;Public;Acreditat;Marketing;Marketing;Științe Economice;Examen;16;59
Facultatea de Marketing;Academia de Studii Economice din Bucureşti (ASE);Bucuresti, Bucuresti;50;N/A;N/A;3.000 lei;Marketing internaţional;Public;Acreditat;Marketing;Marketing;Științe Economice;Examen;12;38
Facultatea de Marketing;Academia de Studii Economice din Bucureşti (ASE);Bucuresti, Bucuresti;75;N/A;N/A;5.000 lei;Cercetare fundamentală de marketing;Public;Acreditat;Marketing;Marketing;Științe Economice;Examen;16;59
Facultatea de Business şi Turism;Academia de Studii Economice din Bucureşti (ASE);Bucuresti, Bucuresti;75;N/A;0.59;5.000 lei;Excelență în Business și Servicii (în limba engleză);Public;Acreditat;Administrarea afacerilor;Administrarea afacerilor;Științe Economice;Examen;33;42
Facultatea de Administrarea Afacerilor, cu predare în limbi străine;Academia de Studii Economice din Bucureşti (ASE);Bucuresti, Bucuresti;50;N/A;N/A;4.500 lei;Administrarea Afacerilor - cu predare în limba engleză;Public;Acreditat;Administrarea afacerilor;Administrarea afacerilor;Științe Economice;Examen;25;25
Facultatea de Administrație și Management Public;Academia de Studii Economice din Bucureşti (ASE);Bucuresti, Bucuresti;50;N/A;N/A;4.500 lei;Managementul resurselor umane în sectorul public;Public;Acreditat;Administraţie publică;Ştiinţe administrative;Științe Politice și Comunicare;Examen;35;15
Facultatea de Cibernetică, Statistică şi Informatică Economică;Academia de Studii Economice din Bucureşti (ASE);Bucuresti, Bucuresti;75;N/A;1.00;5.000 lei;Analiza afacerilor şi controlul performanţei întreprinderii;Public;Acreditat;Statistică şi previziune economică;Cibernetică și statistică;Științe Economice;Examen;31;44
Facultatea de Economie Teoretică şi Aplicată;Academia de Studii Economice din Bucureşti (ASE);Bucuresti, Bucuresti;75;N/A;0.83;5.000 lei;Comunicare în afaceri;Public;Acreditat;Economie şi comunicare economică în afaceri;Economie;Științe Economice;Examen;36;39
Facultatea de Marketing;Academia de Studii Economice din Bucureşti (ASE);Bucuresti, Bucuresti;75;6.60;N/A;5.000 lei;Cercetări de marketing;Public;Acreditat;Marketing;Marketing;Științe Economice;Examen;16;59
Facultatea de Management;Academia de Studii Economice din Bucureşti (ASE);Bucuresti, Bucuresti;72;N/A;N/A;5.000 lei;Consultanţă şi management în dezvoltarea afacerilor;Public;Acreditat;Management;Management;Științe Economice;Examen;20;52
Facultatea de Relaţii Economice Internaţionale;Academia de Studii Economice din Bucureşti (ASE);Bucuresti, Bucuresti;49;N/A;N/A;5.000 lei;Logistică internaţională;Public;Acreditat;Afaceri internaţionale;Economie şi afaceri internaţionale;Științe Economice;Examen;35;14
Facultatea de Relaţii Economice Internaţionale;Academia de Studii Economice din Bucureşti (ASE);Bucuresti, Bucuresti;73;N/A;N/A;5.000 lei;Managementul riscului financiar internaţional;Public;Acreditat;Economie internaţională;Economie şi afaceri internaţionale;Științe Economice;Examen;31;42
Facultatea de Marketing;Academia de Studii Economice din Bucureşti (ASE);Bucuresti, Bucuresti;50;N/A;N/A;5.000 lei;Marketing şi management în serviciile publice;Public;Acreditat;Marketing;Marketing;Științe Economice;Examen;12;38
Facultatea de Marketing;Academia de Studii Economice din Bucureşti (ASE);Bucuresti, Bucuresti;75;7.70;N/A;5.000 lei;Marketing online;Public;Acreditat;Marketing;Marketing;Științe Economice;Examen;16;59
Facultatea de Administrarea Afacerilor, cu predare în limbi străine;Academia de Studii Economice din Bucureşti (ASE);Bucuresti, Bucuresti;80;N/A;N/A;4.500 lei;Antrepenoriat şi Administrarea Afacerilor, cu predare în limba engleză;Public;Acreditat;Administrarea afacerilor;Administrarea afacerilor;Științe Economice;Examen;55;25
Facultatea de Administrarea Afacerilor, cu predare în limbi străine;Academia de Studii Economice din Bucureşti (ASE);Bucuresti, Bucuresti;30;N/A;N/A;4.500 lei;Cercetări avansate în finanțe;Public;Acreditat;Administrarea afacerilor;Administrarea afacerilor;Științe Economice;Examen;19;11
Facultatea de Business şi Turism;Academia de Studii Economice din Bucureşti (ASE);Bucuresti, Bucuresti;70;N/A;0.73;5.000 lei;Management şi marketing în turism;Public;Acreditat;Geografie;Geografie;Științe ale Naturii;Examen;40;30
Facultatea de Business şi Turism;Academia de Studii Economice din Bucureşti (ASE);Bucuresti, Bucuresti;75;N/A;0.79;5.000 lei;Business;Public;Acreditat;Administrarea afacerilor;Administrarea afacerilor;Științe Economice;Examen;42;33
Facultatea de Cibernetică, Statistică şi Informatică Economică;Academia de Studii Economice din Bucureşti (ASE);Bucuresti, Bucuresti;75;N/A;1.00;5.000 lei;Securitatea informatică (IT&C Security);Public;Acreditat;Informatică;Informatică;Științe Exacte;Examen;31;44
Facultatea de Cibernetică, Statistică şi Informatică Economică;Academia de Studii Economice din Bucureşti (ASE);Bucuresti, Bucuresti;50;N/A;1.00;5.000 lei;E-business;Public;Acreditat;Informatică economică;Informatică economică;Științe Economice;Examen;10;40
Facultatea de Contabilitate şi Informatică de Gestiune;Academia de Studii Economice din Bucureşti (ASE);Bucuresti, Bucuresti;75;N/A;0.73;5.000 lei;Concepte şi practici de audit la nivel naţional şi internaţional;Public;Acreditat;Contabilitate şi informatică de gestiune;Contabilitate;Științe Economice;Examen;31;44
Facultatea de Contabilitate şi Informatică de Gestiune;Academia de Studii Economice din Bucureşti (ASE);Bucuresti, Bucuresti;50;N/A;0.50;5.000 lei;Business services;Public;Acreditat;Contabilitate şi informatică de gestiune;Contabilitate;Științe Economice;Examen;25;25
Facultatea de Contabilitate şi Informatică de Gestiune;Academia de Studii Economice din Bucureşti (ASE);Bucuresti, Bucuresti;75;N/A;0.91;5.000 lei;Contabilitate, control şi expertiză;Public;Acreditat;Contabilitate şi informatică de gestiune;Contabilitate;Științe Economice;Examen;31;44
Facultatea de Economie Agroalimentară şi a Mediului;Academia de Studii Economice din Bucureşti (ASE);Bucuresti, Bucuresti;74;N/A;0.85;5.000 lei;Managementul proiectelor de dezvoltare rurală şi regională;Public;Acreditat;Economia mediului;Economie;Științe Economice;Examen;56;18
Facultatea de Finanţe, Asigurări, Bănci şi Burse de Valori;Academia de Studii Economice din Bucureşti (ASE);Bucuresti, Bucuresti;50;N/A;0.68;5.000 lei;Bănci şi asigurări;Public;Acreditat;Finanţe şi bănci;Finanţe;Științe Economice;Examen;23;27
Facultatea de Management;Academia de Studii Economice din Bucureşti (ASE);Bucuresti, Bucuresti;59;N/A;N/A;5.000 lei;Managementul proiectelor;Public;Acreditat;Management;Management;Științe Economice;Examen;20;39
Facultatea de Management;Academia de Studii Economice din Bucureşti (ASE);Bucuresti, Bucuresti;75;N/A;N/A;5.000 lei;Managementul afacerilor prin proiecte;Public;Acreditat;Management;Management;Științe Economice;Examen;27;48
Facultatea de Relaţii Economice Internaţionale;Academia de Studii Economice din Bucureşti (ASE);Bucuresti, Bucuresti;58;N/A;N/A;5.000 lei;Comunicare de afaceri în limba engleză;Public;Acreditat;Afaceri internaţionale;Economie şi afaceri internaţionale;Științe Economice;Examen;21;37
Facultatea de Marketing;Academia de Studii Economice din Bucureşti (ASE);Bucuresti, Bucuresti;50;N/A;N/A;5.000 lei;Managementul relaţiilor cu clienţii;Public;Acreditat;Management;Management;Științe Economice;Examen;25;25
Facultatea de Marketing;Academia de Studii Economice din Bucureşti (ASE);Bucuresti, Bucuresti;75;7.50;N/A;5.000 lei;Marketing şi comunicare în afaceri;Public;Acreditat;Marketing;Marketing;Științe Economice;Examen;17;58
Facultatea de Cibernetică, Statistică şi Informatică Economică;Academia de Studii Economice din Bucureşti (ASE);Bucuresti, Bucuresti;75;N/A;0.85;5.000 lei;Informatică economică;Public;Acreditat;Informatică economică;Informatică economică;Științe Economice;Examen;31;44
Facultatea de Administrație și Management Public;Academia de Studii Economice din Bucureşti (ASE);Bucuresti, Bucuresti;75;N/A;N/A;4.500 lei;Administraţie şi Management Public;Public;Acreditat;Administraţie publică;Ştiinţe administrative;Științe Politice și Comunicare;Examen;40;35
Facultatea de Business şi Turism;Academia de Studii Economice din Bucureşti (ASE);Bucuresti, Bucuresti;50;N/A;0.52;5.000 lei;Geopolitică şi afaceri;Public;Acreditat;Administrarea afacerilor;Administrarea afacerilor;Științe Economice;Examen;22;28
Facultatea de Cibernetică, Statistică şi Informatică Economică;Academia de Studii Economice din Bucureşti (ASE);Bucuresti, Bucuresti;75;N/A;1.00;5.000 lei;Baze de date - suport pentru afaceri;Public;Acreditat;Informatică economică;Informatică economică;Științe Economice;Examen;31;44
Facultatea de Contabilitate şi Informatică de Gestiune;Academia de Studii Economice din Bucureşti (ASE);Bucuresti, Bucuresti;75;N/A;1.00;5.000 lei;Contabilitate, audit şi informatică de gestiune;Public;Acreditat;Contabilitate şi informatică de gestiune;Contabilitate;Științe Economice;Examen;31;44
Facultatea de Contabilitate şi Informatică de Gestiune;Academia de Studii Economice din Bucureşti (ASE);Bucuresti, Bucuresti;75;N/A;0.93;5.000 lei;Contabilitatea şi fiscalitatea entităţilor economice;Public;Acreditat;Contabilitate şi informatică de gestiune;Contabilitate;Științe Economice;Examen;31;44
Facultatea de Contabilitate şi Informatică de Gestiune;Academia de Studii Economice din Bucureşti (ASE);Bucuresti, Bucuresti;75;N/A;0.63;5.000 lei;Analiză financiară şi evaluare;Public;Acreditat;Contabilitate şi informatică de gestiune;Contabilitate;Științe Economice;Examen;31;44
Facultatea de Economie Teoretică şi Aplicată;Academia de Studii Economice din Bucureşti (ASE);Bucuresti, Bucuresti;50;N/A;N/A;5.000 lei;Economie europeană;Public;Acreditat;Economie generală;Economie;Științe Economice;Examen;42;8
Facultatea de Finanţe, Asigurări, Bănci şi Burse de Valori;Academia de Studii Economice din Bucureşti (ASE);Bucuresti, Bucuresti;48;N/A;0.67;5.000 lei;Finanţe şi bănci, DOFIN;Public;Acreditat;Finanţe şi bănci;Finanţe;Științe Economice;Examen;26;22
Facultatea de Relaţii Economice Internaţionale;Academia de Studii Economice din Bucureşti (ASE);Bucuresti, Bucuresti;50;N/A;N/A;5.000 lei;Comunicare în limba engleză pentru predare şi cercetare economică;Public;Acreditat;Economie internaţională;Economie şi afaceri internaţionale;Științe Economice;Examen;0;50
Facultatea de Marketing;Academia de Studii Economice din Bucureşti (ASE);Bucuresti, Bucuresti;50;N/A;N/A;5.000 lei;Relaţii publice în marketing;Public;Acreditat;Marketing;Marketing;Științe Economice;Examen;12;38
Facultatea de Management;Academia de Studii Economice din Bucureşti (ASE);Bucuresti, Bucuresti;59;N/A;N/A;5.000 lei;Management şi marketing internaţional;Public;Acreditat;Management;Management;Științe Economice;Examen;9;50
Facultatea de Relaţii Economice Internaţionale;Academia de Studii Economice din Bucureşti (ASE);Bucuresti, Bucuresti;49;N/A;N/A;5.000 lei;Diplomaţie în economia internaţională;Public;Acreditat;Economie internaţională;Economie şi afaceri internaţionale;Științe Economice;Examen;35;14
Facultatea de Teologie Penticostală;Institutul Teologic Penticostal;Bucuresti, Bucuresti;N/A;N/A;N/A;2.530 lei;Biblie și societate;Public;Acreditat;Studii religioase;Teologie;Teologie;Examen;0;0
Facultatea de Ştiinţe Economice;Universitatea "1 Decembrie 1918" din Alba Iulia;Alba Iulia, Alba;50;N/A;N/A;2.300 lei;Marketing şi promovarea vânzărilor;Public;Acreditat;Marketing;Marketing;Științe Economice;Examen;10;40
Facultatea de Ştiinţe Exacte şi Inginereşti;Universitatea "1 Decembrie 1918" din Alba Iulia;Alba Iulia, Alba;50;N/A;N/A;2.400 lei;Sisteme informaţionale cadastrale şi Management imobiliar;Public;Acreditat;Cadastru şi managementul proprietăţilor;Inginerie geodezică;Științe Inginerești;Examen;11;39
Facultatea de Istorie şi Filologie;Universitatea "1 Decembrie 1918" din Alba Iulia;Alba Iulia, Alba;48;7.83;N/A;2.000 lei;Identităţi regionale în Europa central-răsăriteană;Public;Acreditat;Istorie;Istorie;Științe Umaniste;Examen;8;40
Facultatea de Istorie şi Filologie;Universitatea "1 Decembrie 1918" din Alba Iulia;Alba Iulia, Alba;49;9.75;N/A;2.000 lei;Cercetarea, conservarea şi valorificarea patrimoniului istoric;Public;Acreditat;Istorie;Istorie;Științe Umaniste;Examen;9;40
Facultatea de Drept şi Ştiinţe Sociale;Universitatea "1 Decembrie 1918" din Alba Iulia;Alba Iulia, Alba;70;N/A;N/A;2.300 lei;Ştiinţe penale şi criminalistică;Public;Acreditat;Drept;Drept;Științe Juridice;Examen;10;60
Facultatea de Ştiinţe Economice;Universitatea "1 Decembrie 1918" din Alba Iulia;Alba Iulia, Alba;30;7.25;N/A;2.300 lei;Fiscalitate și management financiar;Public;Acreditat;Finanţe şi bănci;Finanţe;Științe Economice;Examen;8;22
Facultatea de Ştiinţe Economice;Universitatea "1 Decembrie 1918" din Alba Iulia;Alba Iulia, Alba;40;9.16;N/A;2.300 lei;Administrarea dezvoltării regionale durabile;Public;Acreditat;Administrarea afacerilor;Administrarea afacerilor;Științe Economice;Examen;10;30
Facultatea de Teologie Ortodoxă;Universitatea "1 Decembrie 1918" din Alba Iulia;Alba Iulia, Alba;52;N/A;N/A;2.200 lei;Teologie comparată;Public;Acreditat;Studii religioase;Teologie;Teologie;Examen;12;40
Facultatea de Teologie Ortodoxă;Universitatea "1 Decembrie 1918" din Alba Iulia;Alba Iulia, Alba;51;N/A;N/A;2.200 lei;Mediere interculturală şi interreligioasă;Public;Acreditat;Studii religioase;Teologie;Teologie;Examen;11;40
Facultatea de Drept şi Ştiinţe Sociale;Universitatea "1 Decembrie 1918" din Alba Iulia;Alba Iulia, Alba;50;N/A;N/A;2.300 lei;Dezvoltarea şi managementul resurselor umane;Public;Acreditat;Resurse umane;Sociologie;Științe Sociale și Psihologie;Examen;10;40
Facultatea de Ştiinţe Economice;Universitatea "1 Decembrie 1918" din Alba Iulia;Alba Iulia, Alba;15;N/A;N/A;2.300 lei;Business Administration;Public;Acreditat;Administrarea afacerilor;Administrarea afacerilor;Științe Economice;Examen;0;15
Facultatea de Ştiinţe Economice;Universitatea "1 Decembrie 1918" din Alba Iulia;Alba Iulia, Alba;49;N/A;N/A;2.300 lei;Sistem informaţional contabil în asistarea deciziilor manageriale;Public;Acreditat;Contabilitate şi informatică de gestiune;Contabilitate;Științe Economice;Examen;9;40
Facultatea de Istorie şi Filologie;Universitatea "1 Decembrie 1918" din Alba Iulia;Alba Iulia, Alba;49;9.00;N/A;2.000 lei;Literatura şi cultura românească în context european;Public;Acreditat;Limba şi literatura română;Filologie;Științe Umaniste;Examen;9;40
Facultatea de Drept şi Ştiinţe Sociale;Universitatea "1 Decembrie 1918" din Alba Iulia;Alba Iulia, Alba;N/A;N/A;N/A;2.300 lei;Opera socială în instituţiile ecleziale;Public;Acreditat;Sociologie;Sociologie;Științe Sociale și Psihologie;Examen;0;0
Facultatea de Ştiinţe Exacte şi Inginereşti;Universitatea "1 Decembrie 1918" din Alba Iulia;Alba Iulia, Alba;50;N/A;N/A;2.400 lei;Evaluarea, monitorizarea și auditul mediului;Public;Acreditat;Ingineria mediului;Ingineria mediului;Științe Inginerești;Examen;10;40
Facultatea de Ştiinţe Economice;Universitatea "1 Decembrie 1918" din Alba Iulia;Alba Iulia, Alba;45;N/A;N/A;2.300 lei;Administrarea afacerilor în comerţ, turism, servicii;Public;Acreditat;Administrarea afacerilor în comerţ, turism, servicii, merceologie şi managementul calităţii;Administrarea afacerilor;Științe Economice;Examen;10;35
Facultatea de Ştiinţe Economice;Universitatea "1 Decembrie 1918" din Alba Iulia;Alba Iulia, Alba;49;N/A;N/A;2.300 lei;Auditul şi controlul agenţilor economici;Public;Acreditat;Contabilitate şi informatică de gestiune;Contabilitate;Științe Economice;Examen;9;40
Facultatea de Drept şi Ştiinţe Sociale;Universitatea "1 Decembrie 1918" din Alba Iulia;Alba Iulia, Alba;49;N/A;N/A;2.300 lei;Management educaţional;Public;Acreditat;Pedagogie;Științe ale educației;Științe Politice și Comunicare;Examen;9;40
Facultatea de Drept şi Ştiinţe Sociale;Universitatea "1 Decembrie 1918" din Alba Iulia;Alba Iulia, Alba;48;N/A;N/A;2.300 lei;Asistenţă managerială în sectoarele public şi privat;Public;Acreditat;Asistenţă managerială şi secretariat;Ştiinţe administrative;Științe Politice și Comunicare;Examen;10;38
Facultatea de Drept şi Ştiinţe Sociale;Universitatea "1 Decembrie 1918" din Alba Iulia;Alba Iulia, Alba;74;N/A;N/A;2.300 lei;Proiectarea și managementul serviciilor sociale și de sănătate;Public;Acreditat;Asistenţă socială;Asistenţă socială;Științe Sociale și Psihologie;Examen;10;64
Facultatea de Ştiinţe Exacte şi Inginereşti;Universitatea "1 Decembrie 1918" din Alba Iulia;Alba Iulia, Alba;30;7.51;N/A;2.400 lei;Sisteme electronice inteligente avansate;Public;Acreditat;Electronică aplicată;Inginerie electronică, telecomunicații și tehnologii informaționale;Științe Inginerești;Examen;10;20
Facultatea de Istorie şi Filologie;Universitatea "1 Decembrie 1918" din Alba Iulia;Alba Iulia, Alba;50;9.18;N/A;2.000 lei;Limba, literatura şi cultura engleză în context european;Public;Acreditat;Limbă şi literatură;Filologie;Științe Umaniste;Examen;10;40
Facultatea de Drept şi Ştiinţe Sociale;Universitatea "1 Decembrie 1918" din Alba Iulia;Alba Iulia, Alba;49;N/A;N/A;2.300 lei;Psihopedagogia educaţiei timpurii şi a şcolarităţii mici;Public;Acreditat;Pedagogia învăţământului primar şi preşcolar;Științe ale educației;Științe Politice și Comunicare;Examen;9;40
Facultatea de Drept şi Ştiinţe Sociale;Universitatea "1 Decembrie 1918" din Alba Iulia;Alba Iulia, Alba;76;N/A;N/A;2.300 lei;Instituţii de drept privat;Public;Acreditat;Drept;Drept;Științe Juridice;Examen;16;60
Facultatea de Ştiinţe Exacte şi Inginereşti;Universitatea "1 Decembrie 1918" din Alba Iulia;Alba Iulia, Alba;50;N/A;N/A;2.400 lei;Programare avansată şi Baze de date;Public;Acreditat;Informatică;Informatică;Științe Exacte;Examen;15;35
Facultatea de Ştiinţe Economice;Universitatea "1 Decembrie 1918" din Alba Iulia;Alba Iulia, Alba;20;N/A;N/A;2.300 lei;Bănci, asigurări și piețe financiare;Public;Acreditat;Finanţe şi bănci;Finanţe;Științe Economice;Examen;5;15
Facultatea de Științe Juridice și Administrative;Universitatea "Agora" din Municipiul Oradea;Oradea, Bihor;50;N/A;N/A;2.300 lei;Cercetări criminalistice aplicate;Public;Acreditat;Drept;Drept;Științe Juridice;Dosar;0;50
Facultatea de Științe Juridice și Administrative;Universitatea "Agora" din Municipiul Oradea;Oradea, Bihor;50;N/A;N/A;2.300 lei;Ştiinţe penale şi criminalistică;Public;Acreditat;Drept;Drept;Științe Juridice;Dosar;0;50
Facultatea de Ştiinţe Economice;Universitatea "Agora" din Municipiul Oradea;Oradea, Bihor;50;N/A;N/A;2.300 lei;Managemenul resurselor umane;Public;Acreditat;Management;Management;Științe Economice;Dosar;0;50
Facultatea de Biologie;Universitatea "Alexandru Ioan Cuza" din Iaşi (UAIC);Iasi, Iasi;52;9.28;0.83;3.500 lei;Biotehnologii microbiene și celulare;Public;Acreditat;Biologie;Biologie;Științe ale Naturii;Examen;27;25
Facultatea de Chimie;Universitatea "Alexandru Ioan Cuza" din Iaşi (UAIC);Iasi, Iasi;37;N/A;N/A;3.500 lei;Chimia pentru afaceri / Business Chemistry;Public;Acreditat;Chimie;Chimie;Științe Exacte;Examen;17;20
Facultatea de Chimie;Universitatea "Alexandru Ioan Cuza" din Iaşi (UAIC);Iasi, Iasi;37;9.49;0.14;3.500 lei;Studii avansate în chimie;Public;Acreditat;Chimie;Chimie;Științe Exacte;Examen;17;20
Facultatea de Drept;Universitatea "Alexandru Ioan Cuza" din Iaşi (UAIC);Iasi, Iasi;150;7.50;0.61;2.800 lei;Ştiinţe penale;Public;Acreditat;Drept;Drept;Științe Juridice;Examen;66;84
Facultatea de Economie şi Administrarea Afacerilor (FEAA);Universitatea "Alexandru Ioan Cuza" din Iaşi (UAIC);Iasi, Iasi;160;N/A;N/A;3.500 lei;Managementul şi dezvoltarea resurselor umane;Public;Acreditat;Management;Management;Științe Economice;Dosar;110;50
Facultatea de Economie şi Administrarea Afacerilor (FEAA);Universitatea "Alexandru Ioan Cuza" din Iaşi (UAIC);Iasi, Iasi;80;N/A;N/A;3.500 lei;Marketing şi comunicare în afaceri;Public;Acreditat;Marketing;Marketing;Științe Economice;Dosar;50;30
Facultatea de Economie şi Administrarea Afacerilor (FEAA);Universitatea "Alexandru Ioan Cuza" din Iaşi (UAIC);Iasi, Iasi;95;N/A;N/A;3.500 lei;Management în turism;Public;Acreditat;Economia comerţului, turismului şi serviciilor;Administrarea afacerilor;Științe Economice;Dosar;55;40
Facultatea de Economie şi Administrarea Afacerilor (FEAA);Universitatea "Alexandru Ioan Cuza" din Iaşi (UAIC);Iasi, Iasi;95;N/A;N/A;3.500 lei;Administrarea afacerilor;Public;Acreditat;Administrarea afacerilor;Administrarea afacerilor;Științe Economice;Dosar;55;40
Facultatea de Filosofie şi Ştiinţe Social - Politice;Universitatea "Alexandru Ioan Cuza" din Iaşi (UAIC);Iasi, Iasi;40;9.10;0.57;3.000 lei;Securitate comunitară şi controlul violenţei;Public;Acreditat;Sociologie;Sociologie;Științe Sociale și Psihologie;Dosar;8;32
Facultatea de Filosofie şi Ştiinţe Social - Politice;Universitatea "Alexandru Ioan Cuza" din Iaşi (UAIC);Iasi, Iasi;35;8.72;0.71;3.000 lei;Politici publice şi management instituţional;Public;Acreditat;Ştiinţe politice;Ştiinţe politice;Științe Politice și Comunicare;Dosar;15;20
Facultatea de Fizică;Universitatea "Alexandru Ioan Cuza" din Iaşi (UAIC);Iasi, Iasi;31;8.50;0.26;3.000 lei;Fizică pentru tehnologii avansate (în limba engleză);Public;Autorizat;Fizică;Fizică;Științe Exacte;Examen;10;21
Facultatea de Geografie şi Geologie;Universitatea "Alexandru Ioan Cuza" din Iaşi (UAIC);Iasi, Iasi;42;7.19;1.07;3.000 lei;Turism şi dezvoltare regională;Public;Acreditat;Geografia turismului;Geografie;Științe ale Naturii;Dosar;42;0
Facultatea de Geografie şi Geologie;Universitatea "Alexandru Ioan Cuza" din Iaşi (UAIC);Iasi, Iasi;N/A;N/A;N/A;3.000 lei;Geochimia mediului;Public;Acreditat;Geochimie;Geologie;Științe ale Naturii;Dosar;0;0
Facultatea de Istorie;Universitatea "Alexandru Ioan Cuza" din Iaşi (UAIC);Iasi, Iasi;50;6.20;0.38;2.100 lei;Instituții şi ideologii ale puterii în Europa;Public;Acreditat;Istorie;Istorie;Științe Umaniste;Examen;25;25
Facultatea de Informatică;Universitatea "Alexandru Ioan Cuza" din Iaşi (UAIC);Iasi, Iasi;30;8.13;0.73;3.900 lei;Securitatea informaţiei;Public;Acreditat;Informatică;Informatică;Științe Exacte;Examen;16;14
Facultatea de Informatică;Universitatea "Alexandru Ioan Cuza" din Iaşi (UAIC);Iasi, Iasi;20;9.86;0.60;3.900 lei;Studii avansate în informatică;Public;Acreditat;Informatică;Informatică;Științe Exacte;Examen;5;15
Facultatea de Litere;Universitatea "Alexandru Ioan Cuza" din Iaşi (UAIC);Iasi, Iasi;63;9.40;0.32;2.400 lei;Literatură universală şi comparată - Limbă şi literatură modernă;Public;Acreditat;Literatură universală şi comparată;Limbă şi literatură;Științe Umaniste;Examen;13;50
Facultatea de Psihologie şi Ştiinţe ale Educaţiei;Universitatea "Alexandru Ioan Cuza" din Iaşi (UAIC);Iasi, Iasi;N/A;N/A;N/A;N/A;Evaluarea, formarea şi consilierea psihologică a personalului;Public;Acreditat;Psihologie;Psihologie;Științe Sociale și Psihologie;Examen;0;0
Facultatea de Psihologie şi Ştiinţe ale Educaţiei;Universitatea "Alexandru Ioan Cuza" din Iaşi (UAIC);Iasi, Iasi;N/A;8.95;N/A;3.300 lei;Psihologie clinică şi psihoterapie;Public;Acreditat;Psihologie;Psihologie;Științe Sociale și Psihologie;Examen;0;0
Centrul de Studii Europene;Universitatea "Alexandru Ioan Cuza" din Iaşi (UAIC);Iasi, Iasi;50;7.67;N/A;3.200 lei;Studii europene (interdisciplinar cu domeniile: Științe administratie, Științe politice, Drept);Public;Acreditat;Studii europene;Economie şi afaceri internaţionale;Științe Economice;Examen;30;20
Facultatea de Teologie Ortodoxă;Universitatea "Alexandru Ioan Cuza" din Iaşi (UAIC);Iasi, Iasi;50;N/A;N/A;3.000 lei;Misiune și slujire pastorală;Public;Acreditat;Teologie pastorală;Teologie;Teologie;Examen;30;20
Facultatea de Teologie Ortodoxă;Universitatea "Alexandru Ioan Cuza" din Iaşi (UAIC);Iasi, Iasi;50;N/A;N/A;3.000 lei;Arta Sacră în patrimoniu cultural;Public;Acreditat;Artă sacră;Arte vizuale;Arte, Arhitectură și Urbanism ;Examen;30;20
Facultatea de Drept;Universitatea "Alexandru Ioan Cuza" din Iaşi (UAIC);Iasi, Iasi;150;N/A;N/A;2.800 lei;Carieră Judiciară;Public;Acreditat;Drept;Drept;Științe Juridice;Examen;66;84
Facultatea de Chimie;Universitatea "Alexandru Ioan Cuza" din Iaşi (UAIC);Iasi, Iasi;37;9.37;0.84;3.500 lei;Chimia mediului şi siguranţă alimentară;Public;Acreditat;Chimie;Chimie;Științe Exacte;Examen;17;20
Facultatea de Biologie;Universitatea "Alexandru Ioan Cuza" din Iaşi (UAIC);Iasi, Iasi;31;8.75;0.74;3.500 lei;Conservarea biodiversităţii;Public;Acreditat;Biologie;Biologie;Științe ale Naturii;Examen;21;10
Facultatea de Drept;Universitatea "Alexandru Ioan Cuza" din Iaşi (UAIC);Iasi, Iasi;150;8.46;0.46;2.800 lei;Criminalistică;Public;Acreditat;Drept;Drept;Științe Juridice;Examen;66;84
Facultatea de Economie şi Administrarea Afacerilor (FEAA);Universitatea "Alexandru Ioan Cuza" din Iaşi (UAIC);Iasi, Iasi;60;N/A;N/A;3.500 lei;Statistică şi actuariat în asigurări şi sănătate;Public;Acreditat;Statistică şi previziune economică;Cibernetică și statistică;Științe Economice;Dosar;35;25
Facultatea de Economie şi Administrarea Afacerilor (FEAA);Universitatea "Alexandru Ioan Cuza" din Iaşi (UAIC);Iasi, Iasi;85;N/A;N/A;3.500 lei;Afaceri internaţionale şi strategii interculturale;Public;Acreditat;Afaceri internaţionale;Economie şi afaceri internaţionale;Științe Economice;Dosar;60;25
Facultatea de Economie şi Administrarea Afacerilor (FEAA);Universitatea "Alexandru Ioan Cuza" din Iaşi (UAIC);Iasi, Iasi;160;N/A;N/A;3.500 lei;Contabilitate, diagnostic, evaluare;Public;Acreditat;Contabilitate şi informatică de gestiune;Contabilitate;Științe Economice;Dosar;130;30
Facultatea de Economie şi Administrarea Afacerilor (FEAA);Universitatea "Alexandru Ioan Cuza" din Iaşi (UAIC);Iasi, Iasi;95;N/A;N/A;3.500 lei;Managementul proiectelor;Public;Acreditat;Management;Management;Științe Economice;Dosar;55;40
Facultatea de Economie şi Administrarea Afacerilor (FEAA);Universitatea "Alexandru Ioan Cuza" din Iaşi (UAIC);Iasi, Iasi;95;N/A;N/A;3.500 lei;Management în comerţ;Public;Acreditat;Management;Management;Științe Economice;Dosar;55;40
Facultatea de Economie şi Administrarea Afacerilor (FEAA);Universitatea "Alexandru Ioan Cuza" din Iaşi (UAIC);Iasi, Iasi;160;N/A;N/A;3.500 lei;Achiziţii, distribuţie, logistică;Public;Acreditat;Management;Management;Științe Economice;Dosar;110;50
Facultatea de Economie şi Administrarea Afacerilor (FEAA);Universitatea "Alexandru Ioan Cuza" din Iaşi (UAIC);Iasi, Iasi;160;N/A;N/A;3.500 lei;Managementul resurselor umane;Public;Acreditat;Management;Management;Științe Economice;Dosar;110;50
Facultatea de Educaţie Fizică şi Sport;Universitatea "Alexandru Ioan Cuza" din Iaşi (UAIC);Iasi, Iasi;42;7.79;0.62;3.400 lei;Fitness şi estetică corporală;Public;Acreditat;Educație fizică și sportivă ;Știința sportului și educației fizice;Ştiinţa Sportului şi Educaţiei Fizice;Examen;20;22
Facultatea de Educaţie Fizică şi Sport;Universitatea "Alexandru Ioan Cuza" din Iaşi (UAIC);Iasi, Iasi;42;N/A;N/A;3.400 lei;Kinetoterapia în geriatrie;Public;Autorizat;Kinetoterapie și motricitate specială;Știința sportului și educației fizice;Ştiinţa Sportului şi Educaţiei Fizice;Examen;20;22
Facultatea de Filosofie şi Ştiinţe Social - Politice;Universitatea "Alexandru Ioan Cuza" din Iaşi (UAIC);Iasi, Iasi;20;8.32;0.75;3.000 lei;Filosofia aplicată şi management cultural;Public;Acreditat;Filosofie;Filosofie;Științe Umaniste;Dosar;12;8
Facultatea de Filosofie şi Ştiinţe Social - Politice;Universitatea "Alexandru Ioan Cuza" din Iaşi (UAIC);Iasi, Iasi;20;N/A;0.50;3.000 lei;Supervizare şi planificare socială;Public;Acreditat;Asistenţă socială;Asistenţă socială;Științe Sociale și Psihologie;Dosar;0;20
Facultatea de Informatică;Universitatea "Alexandru Ioan Cuza" din Iaşi (UAIC);Iasi, Iasi;30;7.46;0.63;3.900 lei;Lingvistică computaţională;Public;Acreditat;Informatică;Informatică;Științe Exacte;Examen;16;14
Facultatea de Litere;Universitatea "Alexandru Ioan Cuza" din Iaşi (UAIC);Iasi, Iasi;59;8.55;0.19;2.400 lei;Studii francofone;Public;Acreditat;Limbă şi literatură;Limbă şi literatură;Științe Umaniste;Examen;9;50
Facultatea de Teologie Ortodoxă;Universitatea "Alexandru Ioan Cuza" din Iaşi (UAIC);Iasi, Iasi;50;N/A;N/A;3.000 lei;Teoria și practica formării religioase;Public;Acreditat;Studii religioase;Teologie;Teologie;Examen;30;20
Facultatea de Litere;Universitatea "Alexandru Ioan Cuza" din Iaşi (UAIC);Iasi, Iasi;60;9.23;0.35;2.400 lei;Traducere şi terminologie;Public;Acreditat;Traducere și interpretare;Limbi moderne aplicate;Științe Umaniste;Examen;10;50
Facultatea de Litere;Universitatea "Alexandru Ioan Cuza" din Iaşi (UAIC);Iasi, Iasi;63;9.70;0.32;2.400 lei;Cultura germană în context european;Public;Acreditat;Limbă şi literatură;Limbă şi literatură;Științe Umaniste;Examen;13;50
Facultatea de Psihologie şi Ştiinţe ale Educaţiei;Universitatea "Alexandru Ioan Cuza" din Iaşi (UAIC);Iasi, Iasi;N/A;N/A;N/A;3.300 lei;Educaţie timpurie;Public;Acreditat;Pedagogia învăţământului primar şi preşcolar;Științe ale educației;Științe Politice și Comunicare;Examen;0;0
Facultatea de Biologie;Universitatea "Alexandru Ioan Cuza" din Iaşi (UAIC);Iasi, Iasi;N/A;N/A;N/A;3.500 lei;Biologia dezvoltării;Public;Acreditat;Biologie;Biologie;Științe ale Naturii;Examen;0;0
Facultatea de Economie şi Administrarea Afacerilor (FEAA);Universitatea "Alexandru Ioan Cuza" din Iaşi (UAIC);Iasi, Iasi;N/A;N/A;N/A;3.500 lei;Administraţie publică;Public;Acreditat;Administraţie publică;Ştiinţe administrative;Științe Politice și Comunicare;Dosar;0;0
Facultatea de Economie şi Administrarea Afacerilor (FEAA);Universitatea "Alexandru Ioan Cuza" din Iaşi (UAIC);Iasi, Iasi;160;N/A;N/A;3.500 lei;Managementul strategic al resurselor umane în Europa;Public;Acreditat;Management;Management;Științe Economice;Examen;110;50
Facultatea de Economie şi Administrarea Afacerilor (FEAA);Universitatea "Alexandru Ioan Cuza" din Iaşi (UAIC);Iasi, Iasi;80;N/A;N/A;3.500 lei;Analiză şi strategie de marketing;Public;Acreditat;Marketing;Marketing;Științe Economice;Dosar;50;30
Facultatea de Economie şi Administrarea Afacerilor (FEAA);Universitatea "Alexandru Ioan Cuza" din Iaşi (UAIC);Iasi, Iasi;140;N/A;N/A;3.500 lei;Finanţe - Asigurări;Public;Acreditat;Finanţe şi bănci;Finanţe;Științe Economice;Dosar;90;50
Facultatea de Economie şi Administrarea Afacerilor (FEAA);Universitatea "Alexandru Ioan Cuza" din Iaşi (UAIC);Iasi, Iasi;140;N/A;N/A;3.500 lei;Bănci şi pieţe financiare;Public;Acreditat;Finanţe şi bănci;Finanţe;Științe Economice;Dosar;90;50
Facultatea de Economie şi Administrarea Afacerilor (FEAA);Universitatea "Alexandru Ioan Cuza" din Iaşi (UAIC);Iasi, Iasi;80;N/A;N/A;3.500 lei;Negocieri – relații publice;Public;Acreditat;Comunicare şi relaţii publice;Ştiinţe ale comunicării;Științe Politice și Comunicare;Dosar;50;30
Facultatea de Fizică;Universitatea "Alexandru Ioan Cuza" din Iaşi (UAIC);Iasi, Iasi;26;9.43;0.65;3.000 lei;Metode fizice aplicate în kintetoterapie şi recuperare medicală;Public;Acreditat;Fizică medicală;Fizică;Științe Exacte;Examen;5;21
Facultatea de Filosofie şi Ştiinţe Social - Politice;Universitatea "Alexandru Ioan Cuza" din Iaşi (UAIC);Iasi, Iasi;42;9.62;0.67;3.000 lei;Familia şi managementul resurselor familiale;Public;Acreditat;Asistenţă socială;Asistenţă socială;Științe Sociale și Psihologie;Dosar;12;30
Facultatea de Filosofie şi Ştiinţe Social - Politice;Universitatea "Alexandru Ioan Cuza" din Iaşi (UAIC);Iasi, Iasi;22;9.06;0.23;3.000 lei;Studii europene de integrare şi securitate;Public;Acreditat;Studii de securitate;Ştiinţe politice;Științe Politice și Comunicare;Dosar;2;20
Facultatea de Geografie şi Geologie;Universitatea "Alexandru Ioan Cuza" din Iaşi (UAIC);Iasi, Iasi;50;9.33;0.60;3.000 lei;Geomatică;Public;Acreditat;Geografie;Geografie;Științe ale Naturii;Dosar;20;30
Facultatea de Informatică;Universitatea "Alexandru Ioan Cuza" din Iaşi (UAIC);Iasi, Iasi;30;9.36;0.73;3.900 lei;Optimizare computaţională;Public;Acreditat;Informatică;Informatică;Științe Exacte;Examen;16;14
Facultatea de Informatică;Universitatea "Alexandru Ioan Cuza" din Iaşi (UAIC);Iasi, Iasi;30;8.50;0.60;3.900 lei;Sisteme distribuite;Public;Acreditat;Informatică;Informatică;Științe Exacte;Examen;16;14
Facultatea de Geografie şi Geologie;Universitatea "Alexandru Ioan Cuza" din Iaşi (UAIC);Iasi, Iasi;30;9.00;0.57;3.000 lei;Geologie de sondă și ambientală;Public;Acreditat;Geologie;Geologie;Științe ale Naturii;Dosar;15;15
Facultatea de Istorie;Universitatea "Alexandru Ioan Cuza" din Iaşi (UAIC);Iasi, Iasi;50;7.00;0.44;2.100 lei;Relaţii, instituţii şi organizaţii internaţionale;Public;Acreditat;Istorie;Istorie;Științe Umaniste;Examen;25;25
Facultatea de Istorie;Universitatea "Alexandru Ioan Cuza" din Iaşi (UAIC);Iasi, Iasi;50;7.22;0.16;2.100 lei;Arheologie, civilizație şi artă antică;Public;Acreditat;Arheologie;Istorie;Științe Umaniste;Examen;25;25
Facultatea de Litere;Universitatea "Alexandru Ioan Cuza" din Iaşi (UAIC);Iasi, Iasi;61;9.90;0.52;2.400 lei;Limbi, literaturi şi civilizaţii străine (clasice, italiană, slavistică, spaniolă);Public;Acreditat;Limbă şi literatură;Limbă şi literatură;Științe Umaniste;Examen;11;50
Facultatea de Litere;Universitatea "Alexandru Ioan Cuza" din Iaşi (UAIC);Iasi, Iasi;62;9.73;0.35;2.400 lei;Literatura română şi hermeneutică literară;Public;Acreditat;Limba şi literatura română;Limbă şi literatură;Științe Umaniste;Examen;12;50
Facultatea de Teologie Ortodoxă;Universitatea "Alexandru Ioan Cuza" din Iaşi (UAIC);Iasi, Iasi;50;8.89;N/A;3.000 lei;Comunicare și consiliere psihologică și spirituală (inter-disciplinar cu domeniile Filosofie, Psihologie și Științe ale Educației);Public;Acreditat;Teologie asistenţă socială;Teologie;Teologie;Examen;30;20
Centrul de Studii Europene;Universitatea "Alexandru Ioan Cuza" din Iaşi (UAIC);Iasi, Iasi;50;7.87;1.00;3.200 lei;Dezvoltare regională (interdisciplinar cu domeniile: Geografie, Finanțe, Administrarea afacerilor, Științe administrative);Public;Acreditat;Dezvoltare regională;Economie şi afaceri internaţionale;Științe Economice;Examen;30;20
Centrul de Studii Europene;Universitatea "Alexandru Ioan Cuza" din Iaşi (UAIC);Iasi, Iasi;25;N/A;N/A;3.200 lei;Studii europene (interdisciplinar cu domeniile: Științe administratie, Științe politice, Drept) (IFR);Public;Acreditat;Studii europene;Economie şi afaceri internaţionale;Științe Economice;Examen;0;25
Facultatea de Drept;Universitatea "Alexandru Ioan Cuza" din Iaşi (UAIC);Iasi, Iasi;150;9.16;0.67;2.800 lei;Drept european;Public;Acreditat;Drept;Drept;Științe Juridice;Examen;66;84
Facultatea de Fizică;Universitatea "Alexandru Ioan Cuza" din Iaşi (UAIC);Iasi, Iasi;20;9.52;1.00;3.000 lei;Optică și optometrie;Public;Acreditat;Fizică;Fizică;Științe Exacte;Examen;4;16
Facultatea de Litere;Universitatea "Alexandru Ioan Cuza" din Iaşi (UAIC);Iasi, Iasi;61;9.30;0.31;2.400 lei;Studii americane;Public;Acreditat;Studii americane;Studii culturale;Științe Umaniste;Examen;11;50
Facultatea de Biologie;Universitatea "Alexandru Ioan Cuza" din Iaşi (UAIC);Iasi, Iasi;71;7.61;0.11;3.000 lei;Consiliere de mediu;Public;Acreditat;Ştiinţa mediului;Ştiinţa mediului;Științe ale Naturii;Examen;21;50
Facultatea de Chimie;Universitatea "Alexandru Ioan Cuza" din Iaşi (UAIC);Iasi, Iasi;37;9.34;0.84;3.500 lei;Chimia produselor cosmetice şi farmaceutice;Public;Acreditat;Chimie;Chimie;Științe Exacte;Examen;17;20
Facultatea de Biologie;Universitatea "Alexandru Ioan Cuza" din Iaşi (UAIC);Iasi, Iasi;52;9.25;0.81;3.500 lei;Genetică moleculară (în limba română);Public;Acreditat;Biologie;Biologie;Științe ale Naturii;Examen;27;25
Facultatea de Economie şi Administrarea Afacerilor (FEAA);Universitatea "Alexandru Ioan Cuza" din Iaşi (UAIC);Iasi, Iasi;85;N/A;N/A;3.500 lei;Economie şi afaceri internaţionale;Public;Acreditat;Economie şi afaceri internaţionale;Economie şi afaceri internaţionale;Științe Economice;Dosar;60;25
Facultatea de Economie şi Administrarea Afacerilor (FEAA);Universitatea "Alexandru Ioan Cuza" din Iaşi (UAIC);Iasi, Iasi;95;N/A;N/A;3.500 lei;Management turistic şi hotelier;Public;Acreditat;Administrarea afacerilor în servicii de ospitalitate;Administrarea afacerilor;Științe Economice;Dosar;55;40
Facultatea de Economie şi Administrarea Afacerilor (FEAA);Universitatea "Alexandru Ioan Cuza" din Iaşi (UAIC);Iasi, Iasi;100;N/A;N/A;3.500 lei;Sisteme informaţionale pentru afaceri;Public;Acreditat;Informatică economică;Informatică economică;Științe Economice;Dosar;70;30
Facultatea de Economie şi Administrarea Afacerilor (FEAA);Universitatea "Alexandru Ioan Cuza" din Iaşi (UAIC);Iasi, Iasi;160;N/A;N/A;3.500 lei;Contabilitate, expertiză şi audit;Public;Acreditat;Contabilitate şi informatică de gestiune;Contabilitate;Științe Economice;Dosar;130;30
Facultatea de Educaţie Fizică şi Sport;Universitatea "Alexandru Ioan Cuza" din Iaşi (UAIC);Iasi, Iasi;42;8.80;1.00;3.400 lei;Kinetoterapia în traumatologia sportivă;Public;Acreditat;Kinetoterapie și motricitate specială;Știința sportului și educației fizice;Ştiinţa Sportului şi Educaţiei Fizice;Examen;20;22
Facultatea de Filosofie şi Ştiinţe Social - Politice;Universitatea "Alexandru Ioan Cuza" din Iaşi (UAIC);Iasi, Iasi;40;9.10;0.50;3.000 lei;Probaţiune, mediere şi asistenţă sociala a victimelor infracţiunilor;Public;Acreditat;Asistenţă socială;Asistenţă socială;Științe Sociale și Psihologie;Dosar;12;28
Facultatea de Filosofie şi Ştiinţe Social - Politice;Universitatea "Alexandru Ioan Cuza" din Iaşi (UAIC);Iasi, Iasi;40;N/A;0.25;3.000 lei;Relaţii publice şi publicitate;Public;Acreditat;Comunicare şi relaţii publice;Ştiinţe ale comunicării;Științe Politice și Comunicare;Dosar;0;40
Facultatea de Geografie şi Geologie;Universitatea "Alexandru Ioan Cuza" din Iaşi (UAIC);Iasi, Iasi;50;8.92;0.60;3.000 lei;Mediul actual şi dezvoltare durabilă;Public;Acreditat;Ştiinţa mediului;Ştiinţa mediului;Științe ale Naturii;Dosar;20;30
Facultatea de Informatică;Universitatea "Alexandru Ioan Cuza" din Iaşi (UAIC);Iasi, Iasi;30;9.00;0.87;3.900 lei;Ingineria sistemelor software;Public;Acreditat;Informatică;Informatică;Științe Exacte;Examen;17;13
Facultatea de Litere;Universitatea "Alexandru Ioan Cuza" din Iaşi (UAIC);Iasi, Iasi;59;9.20;0.27;2.400 lei;Lingvistică aplicată – Didactica limbii engleze;Public;Acreditat;Limbi moderne aplicate;Filologie;Științe Umaniste;Examen;9;50
Facultatea de Teologie Ortodoxă;Universitatea "Alexandru Ioan Cuza" din Iaşi (UAIC);Iasi, Iasi;50;8.57;N/A;3.000 lei;Familia creștină contemporană;Public;Acreditat;Teologie asistenţă socială;Teologie;Teologie;Examen;30;20
Facultatea de Psihologie şi Ştiinţe ale Educaţiei;Universitatea "Alexandru Ioan Cuza" din Iaşi (UAIC);Iasi, Iasi;N/A;N/A;N/A;N/A;Politici și management în educație;Public;Acreditat;Pedagogie;Științe ale educației;Științe Politice și Comunicare;Examen;0;0
Facultatea de Psihologie şi Ştiinţe ale Educaţiei;Universitatea "Alexandru Ioan Cuza" din Iaşi (UAIC);Iasi, Iasi;N/A;8.72;N/A;3.300 lei;Psihologie educaţională şi consiliere;Public;Acreditat;Psihologie;Psihologie;Științe Sociale și Psihologie;Examen;0;0
Centrul de Studii Europene;Universitatea "Alexandru Ioan Cuza" din Iaşi (UAIC);Iasi, Iasi;50;N/A;N/A;4.500 lei;Master in European Studies and the EU's Estern Neighbourhood;Public;Acreditat;Dezvoltare regională;Economie şi afaceri internaţionale;Științe Economice;Examen;25;25
Facultatea de Drept;Universitatea "Alexandru Ioan Cuza" din Iaşi (UAIC);Iasi, Iasi;140;N/A;N/A;2.800 lei;Drept european – extensiunea Bălţi;Public;Acreditat;Drept;Drept;Științe Juridice;Examen;60;80
Facultatea de Chimie;Universitatea "Alexandru Ioan Cuza" din Iaşi (UAIC);Iasi, Iasi;37;N/A;N/A;3.500 lei;Chimia şi biochimia heterociclurilor;Public;Acreditat;Chimie;Chimie;Științe Exacte;Examen;17;20
Facultatea de Biologie;Universitatea "Alexandru Ioan Cuza" din Iaşi (UAIC);Iasi, Iasi;N/A;N/A;N/A;3.500 lei;Genetică moleculară (în limba engleză);Public;Acreditat;Biologie;Biologie;Științe ale Naturii;Examen;0;0
Facultatea de Drept;Universitatea "Alexandru Ioan Cuza" din Iaşi (UAIC);Iasi, Iasi;150;6.70;0.29;2.800 lei;Dreptul afacerilor;Public;Acreditat;Drept;Drept;Științe Juridice;Examen;66;84
Facultatea de Economie şi Administrarea Afacerilor (FEAA);Universitatea "Alexandru Ioan Cuza" din Iaşi (UAIC);Iasi, Iasi;100;N/A;N/A;3.500 lei;Dezvoltare software şi sisteme informatice de afaceri/ Software development and business information;Public;Acreditat;Informatică economică;Informatică economică;Științe Economice;Examen;70;30
Facultatea de Economie şi Administrarea Afacerilor (FEAA);Universitatea "Alexandru Ioan Cuza" din Iaşi (UAIC);Iasi, Iasi;140;N/A;N/A;3.500 lei;Finanţe şi managementul riscului;Public;Acreditat;Finanţe şi bănci;Finanţe;Științe Economice;Dosar;90;50
Facultatea de Economie şi Administrarea Afacerilor (FEAA);Universitatea "Alexandru Ioan Cuza" din Iaşi (UAIC);Iasi, Iasi;160;N/A;N/A;3.500 lei;Managementul organizaţiilor;Public;Acreditat;Management;Management;Științe Economice;Dosar;110;50
Facultatea de Economie şi Administrarea Afacerilor (FEAA);Universitatea "Alexandru Ioan Cuza" din Iaşi (UAIC);Iasi, Iasi;160;N/A;N/A;3.500 lei;Contabilitatea afacerilor;Public;Acreditat;Contabilitate şi informatică de gestiune;Contabilitate;Științe Economice;Dosar;130;30
Facultatea de Economie şi Administrarea Afacerilor (FEAA);Universitatea "Alexandru Ioan Cuza" din Iaşi (UAIC);Iasi, Iasi;50;N/A;N/A;3.500 lei;Economia şi dreptul afacerilor;Public;Acreditat;Economie generală;Economie;Științe Economice;Dosar;30;20
Facultatea de Educaţie Fizică şi Sport;Universitatea "Alexandru Ioan Cuza" din Iaşi (UAIC);Iasi, Iasi;42;8.43;0.12;3.400 lei;Activităţi sportive de timp liber şi sporturi extreme;Public;Acreditat;Educație fizică și sportivă ;Știința sportului și educației fizice;Ştiinţa Sportului şi Educaţiei Fizice;Examen;20;22
Facultatea de Filosofie şi Ştiinţe Social - Politice;Universitatea "Alexandru Ioan Cuza" din Iaşi (UAIC);Iasi, Iasi;30;8.95;0.40;3.000 lei;Masterat european de protecţie a drepturilor copilului;Public;Acreditat;Asistenţă socială;Asistenţă socială;Științe Sociale și Psihologie;Dosar;6;24
Facultatea de Fizică;Universitatea "Alexandru Ioan Cuza" din Iaşi (UAIC);Iasi, Iasi;41;8.87;0.29;3.000 lei;Biofizică si fizică medicală (în limba engleză);Public;Acreditat;Biofizică;Fizică;Științe Exacte;Examen;20;21
Facultatea de Filosofie şi Ştiinţe Social - Politice;Universitatea "Alexandru Ioan Cuza" din Iaşi (UAIC);Iasi, Iasi;20;8.00;0.55;3.000 lei;Studii de dezvoltare internațională;Public;Acreditat;Relaţii internaţionale şi studii europene;Relații internaționale și studii europene;Științe Politice și Comunicare;Dosar;12;8
Facultatea de Geografie şi Geologie;Universitatea "Alexandru Ioan Cuza" din Iaşi (UAIC);Iasi, Iasi;17;N/A;N/A;3.900 lei;Geochimia mediului;Public;Acreditat;Geochimie;Geologie;Științe ale Naturii;Examen;15;2
Facultatea de Geografie şi Geologie;Universitatea "Alexandru Ioan Cuza" din Iaşi (UAIC);Iasi, Iasi;30;8.40;0.60;3.000 lei;Riscuri naturale şi amenajarea teritoriului;Public;Acreditat;Planificare teritorială;Geografie;Științe ale Naturii;Dosar;16;14
Facultatea de Istorie;Universitatea "Alexandru Ioan Cuza" din Iaşi (UAIC);Iasi, Iasi;50;9.00;0.42;2.100 lei;Patrimoniu şi turism cultural;Public;Acreditat;Studiul patrimoniului și managementul bunurilor culturale;Istorie;Științe Umaniste;Examen;25;25
Facultatea de Litere;Universitatea "Alexandru Ioan Cuza" din Iaşi (UAIC);Iasi, Iasi;66;9.70;0.33;2.400 lei;Lingvistică generală şi românească;Public;Acreditat;Limba şi literatura română;Limbă şi literatură;Științe Umaniste;Examen;16;50
Facultatea de Psihologie şi Ştiinţe ale Educaţiei;Universitatea "Alexandru Ioan Cuza" din Iaşi (UAIC);Iasi, Iasi;N/A;N/A;N/A;N/A;Didactici aplicate pentru învățământul primar;Public;Acreditat;Pedagogia învăţământului primar şi preşcolar;Științe ale educației;Științe Politice și Comunicare;Examen;0;0
Facultatea de Matematică;Universitatea "Alexandru Ioan Cuza" din Iaşi (UAIC);Iasi, Iasi;N/A;N/A;N/A;2.500 lei;Matematică didactică şi de cercetare;Public;Acreditat;Matematici aplicate;Matematică;Științe Exacte;Examen;0;0
Facultatea de Litere;Universitatea "Alexandru Ioan Cuza" din Iaşi (UAIC);Iasi, Iasi;20;6.00;0.15;2.400 lei;Tehnici de producţie editorială în presa scrisă, audiovizual şi multimedia;Public;Acreditat;Jurnalism;Ştiinţe ale comunicării;Științe Politice și Comunicare;Dosar;15;5
Facultatea de Istorie;Universitatea "Alexandru Ioan Cuza" din Iaşi (UAIC);Iasi, Iasi;25;9.70;0.72;2.100 lei;Arhivistică;Public;Acreditat;Arhivistică;Istorie;Științe Umaniste;Examen;15;10
Facultatea de Drept;Universitatea "Alexandru Ioan Cuza" din Iaşi (UAIC);Iasi, Iasi;150;N/A;N/A;2.800 lei;Jurisdicţii Speciale;Public;Acreditat;Drept;Drept;Științe Juridice;Examen;66;84
Facultatea de Fizică;Universitatea "Alexandru Ioan Cuza" din Iași - extensia Bălți, Republica Moldova;Iasi, Iasi;50;8.05;0.52;3.000 lei;Fizică aplicată în tehnologiile informației și comunicații;Public;Acreditat;Fizică;Fizică;Științe Exacte;Examen;26;24
Facultatea de Ştiinţe Economice;Universitatea "Andrei Şaguna" din Constanţa;Constanta, Constanta;N/A;N/A;N/A;2.900 lei;Management financiar bancar;Public;Acreditat;Finanţe şi bănci;Finanţe;Științe Economice;Dosar;0;0
Facultatea de Drept şi Ştiinţe Administrative;Universitatea "Andrei Şaguna" din Constanţa;Constanta, Constanta;N/A;N/A;N/A;2.900 lei;Devianță și delicvență;Public;Acreditat;Drept;Drept;Științe Juridice;Dosar;0;0
Facultatea de Ştiinţe Economice;Universitatea "Andrei Şaguna" din Constanţa;Constanta, Constanta;N/A;N/A;N/A;2.900 lei;Finanțarea și administrarea afacerilor în turism-servicii;Public;Acreditat;Economia comerţului, turismului şi serviciilor;Administrarea afacerilor;Științe Economice;Dosar;0;0
Facultatea de Psihosociologie;Universitatea "Andrei Şaguna" din Constanţa;Constanta, Constanta;N/A;N/A;N/A;3.300 lei;Psihologie clinică - evaluare și intervenție terapeutică;Public;Acreditat;Psihologie;Psihologie;Științe Sociale și Psihologie;Dosar;0;0
Facultatea de Ştiinţele Comunicării şi Ştiinţe Politice;Universitatea "Andrei Şaguna" din Constanţa;Constanta, Constanta;N/A;N/A;N/A;2.900 lei;Comunicare mediatică, opinie publică şi management informaţional;Public;Acreditat;Științe ale informării și documentării;Ştiinţe ale comunicării;Științe Politice și Comunicare;Dosar;0;0
Facultatea de Finanţe şi Contabilitate;Universitatea "Artifex" din Bucureşti;Bucuresti, Bucuresti;50;N/A;N/A;2.600 lei;Managementul sistemului informaţional financiar-contabil;Public;Acreditat;Contabilitate şi informatică de gestiune;Contabilitate;Științe Economice;Examen;0;50
Facultatea de Finanţe şi Contabilitate;Universitatea "Artifex" din Bucureşti;Bucuresti, Bucuresti;50;N/A;N/A;2.400 lei;Finanţe-bănci şi pieţe de capital;Public;Acreditat;Finanţe şi bănci;Finanţe;Științe Economice;Dosar;0;50
Facultatea de Management-Marketing;Universitatea "Artifex" din Bucureşti;Bucuresti, Bucuresti;50;N/A;N/A;2.600 lei;Administrarea afacerilor în comerţ, turism şi servicii;Public;Acreditat;Administrarea afacerilor;Administrarea afacerilor;Științe Economice;Examen;0;50
Facultatea de Finanţe şi Contabilitate;Universitatea "Artifex" din Bucureşti;Bucuresti, Bucuresti;50;N/A;N/A;2.600 lei;Management financiar-bancar şi de asigurări;Public;Acreditat;Finanţe şi bănci;Finanţe;Științe Economice;Examen;0;50
Facultatea de Management-Marketing;Universitatea "Artifex" din Bucureşti;Bucuresti, Bucuresti;50;N/A;N/A;2.400 lei;Managementul întreprinderilor mici şi mijlocii;Public;Acreditat;Management;Management;Științe Economice;Dosar;0;50
Facultatea de Management-Marketing;Universitatea "Artifex" din Bucureşti;Bucuresti, Bucuresti;50;N/A;N/A;2.600 lei;Management organizaţional;Public;Acreditat;Management;Management;Științe Economice;Examen;0;50
Facultatea de Management-Marketing;Universitatea "Artifex" din Bucureşti;Bucuresti, Bucuresti;50;N/A;N/A;2.400 lei;Marketing strategic;Public;Acreditat;Marketing;Marketing;Științe Economice;Dosar;0;50
Facultatea de Management-Marketing;Universitatea "Artifex" din Bucureşti;Bucuresti, Bucuresti;50;N/A;N/A;2.600 lei;Marketing şi comunicare în afaceri;Public;Acreditat;Marketing;Marketing;Științe Economice;Examen;0;50
Facultatea de Administraţie Publică;Universitatea "Athenaeum" din Bucureşti;Bucuresti, Bucuresti;N/A;N/A;N/A;3.200 lei;Puterea executivă și administrația publică;Public;Acreditat;Administraţie publică;Ştiinţe administrative;Științe Politice și Comunicare;Examen;0;0
Facultatea de Ştiinţe Economice;Universitatea "Athenaeum" din Bucureşti;Bucuresti, Bucuresti;N/A;N/A;N/A;3.200 lei;Contabilitate, audit și consultanță;Public;Acreditat;Contabilitate şi informatică de gestiune;Contabilitate;Științe Economice;Examen;0;0
Facultatea de Ştiinţe Economice;Universitatea "Athenaeum" din Bucureşti;Bucuresti, Bucuresti;N/A;N/A;N/A;3.200 lei;Eficiență și riscuri în activitatea bancară, asigurări și piețe de capital;Public;Acreditat;Finanţe şi bănci;Finanţe;Științe Economice;Examen;0;0
Facultatea de Ştiinţe Economice;Universitatea "Athenaeum" din Bucureşti;Bucuresti, Bucuresti;N/A;N/A;N/A;3.200 lei;Administrarea și eficiența în afaceri;Public;Acreditat;Administrarea afacerilor;Administrarea afacerilor;Științe Economice;Examen;0;0
Facultatea de Administraţie Publică;Universitatea "Athenaeum" din Bucureşti;Bucuresti, Bucuresti;N/A;N/A;N/A;3.200 lei;Administrație europeană. Instituții și politici publice;Public;Acreditat;Administraţie publică;Ştiinţe administrative;Științe Politice și Comunicare;Examen;0;0
Facultatea de Științe ale Educației, Psihologie și Asistență Socială;Universitatea "Aurel Vlaicu" din Arad;Arad, Arad;36;9.55;N/A;2.300 lei;Psihopedagogia educaţiei timpurii şi a şcolarităţii mici;Public;Acreditat;Psihopedagogie specială;Științe ale educației;Științe Politice și Comunicare;Examen;8;28
Facultatea de Ştiinţe Umaniste și Sociale;Universitatea "Aurel Vlaicu" din Arad;Arad, Arad;50;9.18;N/A;2.400 lei;Studii de limbă şi literatură în spaţiul anglo-saxon;Public;Acreditat;Limbă şi literatură;Filologie;Științe Umaniste;Examen;25;25
Facultatea de Ştiinţe Umaniste și Sociale;Universitatea "Aurel Vlaicu" din Arad;Arad, Arad;50;9.00;N/A;2.400 lei;Administraţie publică în context european;Public;Acreditat;Administraţie europeană;Ştiinţe administrative;Științe Politice și Comunicare;Examen;19;31
Facultatea de Ştiinţe Economice;Universitatea "Aurel Vlaicu" din Arad;Arad, Arad;100;9.45;N/A;2.300 lei;Expertiză contabiliă și audit;Public;Acreditat;Contabilitate şi informatică de gestiune;Contabilitate;Științe Economice;Examen;50;50
Facultatea de Ştiinţe Umaniste și Sociale;Universitatea "Aurel Vlaicu" din Arad;Arad, Arad;50;9.93;N/A;2.400 lei;Teologie publică;Public;Acreditat;Comunicare şi relaţii publice;Ştiinţe ale comunicării;Științe Politice și Comunicare;Examen;20;30
Facultatea de Inginerie;Universitatea "Aurel Vlaicu" din Arad;Arad, Arad;43;6.12;N/A;2.300 lei;Automatizări şi sisteme inteligente;Public;Acreditat;Inginerie mecanică;Ingineria sistemelor și inginerie mecanică;Științe Inginerești;Examen;26;17
Facultatea de Inginerie Alimentară, Turism și Protecția Mediului;Universitatea "Aurel Vlaicu" din Arad;Arad, Arad;21;7.30;N/A;2.200 lei;Managementul calităţii produselor alimentare;Public;Acreditat;Ingineria produselor alimentare;Ingineria produselor alimentare;Științe Agricole;Examen;19;2
Facultatea de Științe ale Educației, Psihologie și Asistență Socială;Universitatea "Aurel Vlaicu" din Arad;Arad, Arad;34;9.68;N/A;2.300 lei;Pedagogie interactivă;Public;Acreditat;Pedagogie;Științe ale educației;Științe Politice și Comunicare;Examen;7;27
Facultatea de Ştiinţe Economice;Universitatea "Aurel Vlaicu" din Arad;Arad, Arad;57;8.50;N/A;2.300 lei;Management şi finanţare în administraţia publică;Public;Acreditat;Management;Management;Științe Economice;Examen;20;37
Facultatea de Ştiinţe Economice;Universitatea "Aurel Vlaicu" din Arad;Arad, Arad;N/A;N/A;N/A;2.100 lei;Analiză economică, evaluare de active şi afaceri;Public;Acreditat;Contabilitate şi informatică de gestiune;Contabilitate;Științe Economice;Dosar;0;0
Facultatea de Teologie Ortodoxă "Ilarion V. Felea";Universitatea "Aurel Vlaicu" din Arad;Arad, Arad;50;9.62;N/A;2.300 lei;Pastorație și viață liturgică;Public;Acreditat;Teologie pastorală;Teologie;Teologie;Examen;25;25
Facultatea de Ştiinţe Exacte;Universitatea "Aurel Vlaicu" din Arad;Arad, Arad;62;6.70;N/A;2.400 lei;Modelare matematică în cercetare și didactică (limba engleză);Public;Acreditat;Matematică;Matematică;Științe Exacte;Examen;12;50
Facultatea de Educație Fizică și Sport;Universitatea "Aurel Vlaicu" din Arad;Arad, Arad;42;8.64;N/A;2.400 lei;Activităţi motrice curriculare şi extracurriculare;Public;Acreditat;Sport şi performanţă motrică;Educaţie fizică şi sport;Ştiinţa Sportului şi Educaţiei Fizice;Examen;22;20
Facultatea de Științe ale Educației, Psihologie și Asistență Socială;Universitatea "Aurel Vlaicu" din Arad;Arad, Arad;32;9.50;N/A;2.300 lei;Servicii de asistenţă socială;Public;Acreditat;Sociologie;Sociologie;Științe Sociale și Psihologie;Examen;6;26
Facultatea de Inginerie Alimentară, Turism și Protecția Mediului;Universitatea "Aurel Vlaicu" din Arad;Arad, Arad;7;8.00;N/A;2.200 lei;Inginerie și management în agribusiness;Public;Acreditat;Inginerie și management în alimentația publică și agroturism;Inginerie şi management în agricultură și dezvoltare rurală;Științe Inginerești;Examen;6;1
Facultatea de Teologie Ortodoxă "Ilarion V. Felea";Universitatea "Aurel Vlaicu" din Arad;Arad, Arad;50;9.29;N/A;2.300 lei;Doctrină și cultură creștină;Public;Acreditat;Studii religioase;Teologie;Teologie;Examen;25;25
Facultatea de Ştiinţe Exacte;Universitatea "Aurel Vlaicu" din Arad;Arad, Arad;43;7.20;N/A;2.400 lei;Studii avansate de informatică aplicată (limba engleză);Public;Acreditat;Informatică aplicată;Informatică;Științe Exacte;Examen;29;14
Facultatea de Inginerie Alimentară, Turism și Protecția Mediului;Universitatea "Aurel Vlaicu" din Arad;Arad, Arad;21;7.35;N/A;2.200 lei;Evaluarea şi controlul calităţii mediului;Public;Acreditat;Ingineria mediului;Ingineria mediului;Științe Inginerești;Examen;16;5
Facultatea de Științe ale Educației, Psihologie și Asistență Socială;Universitatea "Aurel Vlaicu" din Arad;Arad, Arad;30;9.80;N/A;2.300 lei;Politici şi strategii ale formării competenţelor pentru cariera didactică;Public;Acreditat;Pedagogie;Științe ale educației;Științe Politice și Comunicare;Examen;6;24
Facultatea de Ştiinţe Economice;Universitatea "Aurel Vlaicu" din Arad;Arad, Arad;50;8.35;N/A;2.300 lei;Strategii si politici de management;Public;Acreditat;Management;Management;Științe Economice;Examen;25;25
Facultatea de Ştiinţe Umaniste și Sociale;Universitatea "Aurel Vlaicu" din Arad;Arad, Arad;50;6.19;N/A;2.400 lei;Limba şi literatură. Tendinţe actuale;Public;Acreditat;Limba şi literatura modernă;Filologie;Științe Umaniste;Examen;25;25
Facultatea de Inginerie;Universitatea "Aurel Vlaicu" din Arad;Arad, Arad;26;8.50;N/A;2.300 lei;Ingineria și managementul sistemelor tehnice complexe;Public;Acreditat;Inginerie economică industrială;Inginerie și management;Științe Inginerești;Examen;7;19
Facultatea de Științe ale Educației, Psihologie și Asistență Socială;Universitatea "Aurel Vlaicu" din Arad;Arad, Arad;47;9.67;N/A;2.300 lei;Consiliere și evaluare psihologică;Public;Acreditat;Psihologie;Psihologie;Științe Sociale și Psihologie;Examen;6;41
Facultatea de Ştiinţe Economice;Universitatea "Aurel Vlaicu" din Arad;Arad, Arad;100;9.10;N/A;2.300 lei;Finanţe corporative;Public;Acreditat;Finanţe şi bănci;Finanţe;Științe Economice;Examen;50;50
Facultatea de Ştiinţe Economice;Universitatea "Aurel Vlaicu" din Arad;Arad, Arad;N/A;N/A;N/A;2.100 lei;Administrarea afacerilor în comert si turism;Public;Acreditat;Administrarea afacerilor în comerţ, turism, servicii, merceologie şi managementul calităţii;Administrarea afacerilor;Științe Economice;Dosar;0;0
Facultatea de Inginerie;Universitatea "Aurel Vlaicu" din Arad;Arad, Arad;36;5.47;N/A;2.300 lei;Productica sistemelor industriale;Public;Acreditat;Maşini-unelte şi sisteme de producţie;Inginerie industrială;Științe Inginerești;Examen;24;12
Facultatea de Ştiinţe Exacte;Universitatea "Aurel Vlaicu" din Arad;Arad, Arad;N/A;N/A;N/A;2.400 lei;Informatică aplicată în ştiinţe, tehnologie şi economie;Public;Acreditat;Informatică aplicată;Informatică;Științe Exacte;Examen;0;0
Facultatea de Ştiinţe Economice;Universitatea "Aurel Vlaicu" din Arad;Arad, Arad;42;8.22;N/A;2.300 lei;Antreprenoriat și administrarea afacerilor;Public;Acreditat;Administrarea afacerilor;Administrarea afacerilor;Științe Economice;Examen;8;34
Facultatea de Ştiinţe Umaniste și Sociale;Universitatea "Aurel Vlaicu" din Arad;Arad, Arad;50;9.43;N/A;2.400 lei;Imagine mediatică și comunicare publică;Public;Acreditat;Științe ale informării și documentării;Ştiinţe ale comunicării;Științe Politice și Comunicare;Examen;25;25
Facultatea de Controlul şi Expertiza Produselor Alimentare;Universitatea "BIOTERRA" din București;Bucuresti, Bucuresti;N/A;N/A;N/A;N/A;Management performant în alimentație publică, agroturism și protecția consumatorului;Public;Acreditat;Inginerie şi management în alimentaţia publică şi agroturism;Inginerie şi management în agricultură și dezvoltare rurală;Științe Agricole;Dosar;0;0
Facultatea de Drept;Universitatea "BIOTERRA" din București;Bucuresti, Bucuresti;N/A;N/A;N/A;N/A;Investigarea actelor de terorism și securitate publică;Public;Acreditat;Drept;Drept;Științe Juridice;Dosar;0;0
Facultatea de Controlul şi Expertiza Produselor Alimentare;Universitatea "BIOTERRA" din București;Bucuresti, Bucuresti;N/A;N/A;N/A;N/A;Inspecție, expertiză și legislație în siguranța alimentelor, protecția consumatorului și protecția mediului;Public;Acreditat;Controlul şi expertiza produselor alimentare;Ingineria produselor alimentare;Științe Agricole;Dosar;0;0
Facultatea de Istorie şi Filosofie;Universitatea "Babeş-Bolyai" din Cluj-Napoca (UBB);Cluj-Napoca, Cluj;50;9.00;0.28;2.400 lei;Istorie, memorie, oralitate în secolul XX;Public;Acreditat;Istorie;Istorie;Științe Umaniste;Examen;10;40
Facultatea de Istorie şi Filosofie;Universitatea "Babeş-Bolyai" din Cluj-Napoca (UBB);Cluj-Napoca, Cluj;50;N/A;0.08;2.400 lei;Evaluarea politicilor şi programelor publice europene;Public;Acreditat;Relaţii internaţionale şi studii europene;Relații internaționale și studii europene;Științe Politice și Comunicare;Examen;0;50
Facultatea de Litere;Universitatea "Babeş-Bolyai" din Cluj-Napoca (UBB);Cluj-Napoca, Cluj;8;7.33;1.00;2.700 lei;Germanistica in context european;Public;Acreditat;Limbă şi literatură;Limbă şi literatură;Științe Umaniste;Examen;8;0
Facultatea de Educaţie Fizică şi Sport;Universitatea "Babeş-Bolyai" din Cluj-Napoca (UBB);Cluj-Napoca, Cluj;50;7.60;N/A;2.800 lei;Kinetoterapie în afecţiunile aparatului locomotor;Public;Acreditat;Kinetoterapie și motricitate specială;Știința sportului și educației fizice;Ştiinţa Sportului şi Educaţiei Fizice;Examen;35;15
Facultatea de Litere;Universitatea "Babeş-Bolyai" din Cluj-Napoca (UBB);Cluj-Napoca, Cluj;50;8.66;1.00;2.700 lei;Direcţii actuale în lingvistică;Public;Acreditat;Limbă şi literatură;Filologie;Științe Umaniste;Examen;5;45
Facultatea de Litere;Universitatea "Babeş-Bolyai" din Cluj-Napoca (UBB);Cluj-Napoca, Cluj;50;9.90;0.34;2.700 lei;Istoria imaginilor - istoria ideilor;Public;Acreditat;Limbă şi literatură;Filologie;Științe Umaniste;Examen;11;39
Facultatea de Litere;Universitatea "Babeş-Bolyai" din Cluj-Napoca (UBB);Cluj-Napoca, Cluj;50;7.50;0.46;2.700 lei;Studii culturale britanice;Public;Acreditat;Limbă şi literatură;Filologie;Științe Umaniste;Examen;11;39
Facultatea de Biologie şi Geologie;Universitatea "Babeş-Bolyai" din Cluj-Napoca (UBB);Cluj-Napoca, Cluj;150;N/A;N/A;2.200 lei;Ecologie culturală;Public;Acreditat;Ecologie şi protecţia mediului;Ştiinţa mediului;Științe ale Naturii;Examen;56;94
Facultatea de Biologie şi Geologie;Universitatea "Babeş-Bolyai" din Cluj-Napoca (UBB);Cluj-Napoca, Cluj;13;9.29;0.62;2.200 lei;Biologie medicală (în limba maghiară);Public;Acreditat;Biologie;Biologie;Științe ale Naturii;Examen;8;5
Facultatea de Teologie Romano-Catolică;Universitatea "Babeş-Bolyai" din Cluj-Napoca (UBB);Cluj-Napoca, Cluj;50;8.75;0.24;2.500 lei;Consiliere pastorală;Public;Acreditat;Teologie asistenţă socială;Teologie;Teologie;Examen;15;35
Facultatea de Chimie şi Inginerie Chimică;Universitatea "Babeş-Bolyai" din Cluj-Napoca (UBB);Cluj-Napoca, Cluj;36;N/A;0.22;3.000 lei;Ingineria materialelor şi protecţia mediului;Public;Acreditat;Ingineria substanţelor anorganice şi protecţia mediului;Inginerie chimică;Științe Inginerești;Examen;2;34
Facultatea de Sociologie şi Asistenţă Socială;Universitatea "Babeş-Bolyai" din Cluj-Napoca (UBB);Cluj-Napoca, Cluj;48;7.96;0.25;2.500 lei;Masterat european în drepturile copiilor;Public;Acreditat;Sociologie;Sociologie;Științe Sociale și Psihologie;Dosar;17;31
Facultatea de Studii Europene;Universitatea "Babeş-Bolyai" din Cluj-Napoca (UBB);Cluj-Napoca, Cluj;30;N/A;0.47;3.000 lei;Diplomație culturală și relații internaționale (în limba engleză);Public;Acreditat;Relaţii internaţionale şi studii europene;Relații internaționale și studii europene;Științe Politice și Comunicare;Examen;0;30
Facultatea de Studii Europene;Universitatea "Babeş-Bolyai" din Cluj-Napoca (UBB);Cluj-Napoca, Cluj;35;9.00;1.03;3.000 lei;Management performant;Public;Acreditat;Management;Management;Științe Economice;Examen;16;19
Facultatea de Sociologie şi Asistenţă Socială;Universitatea "Babeş-Bolyai" din Cluj-Napoca (UBB);Cluj-Napoca, Cluj;50;8.05;0.88;2.500 lei;Managementul strategic al resurselor umane;Public;Acreditat;Resurse umane;Sociologie;Științe Sociale și Psihologie;Dosar;35;15
Facultatea de Drept;Universitatea "Babeş-Bolyai" din Cluj-Napoca (UBB);Cluj-Napoca, Cluj;47;N/A;N/A;3.600 lei;Dreptul european şi dreptul naţional al afacerilor;Public;Acreditat;Drept;Drept;Științe Juridice;Examen;17;30
Facultatea de Ştiinţe Economice şi Gestiunea Afacerilor;Universitatea "Babeş-Bolyai" din Cluj-Napoca (UBB);Cluj-Napoca, Cluj;21;7.77;0.33;3.000 lei;Afaceri internaţionale;Public;Acreditat;Afaceri internaţionale;Economie şi afaceri internaţionale;Științe Economice;Examen;8;13
Facultatea de Chimie şi Inginerie Chimică;Universitatea "Babeş-Bolyai" din Cluj-Napoca (UBB);Cluj-Napoca, Cluj;45;N/A;N/A;3.000 lei;Chimie criminalistică;Public;Acreditat;Chimie;Chimie;Științe Exacte;Examen;0;45
Facultatea de Ştiinţa şi Ingineria Mediului;Universitatea "Babeş-Bolyai" din Cluj-Napoca (UBB);Cluj-Napoca, Cluj;47;8.50;0.38;2.500 lei;Gestiunea şi protecţia mediului;Public;Acreditat;Ştiinţa mediului;Ştiinţa mediului;Științe ale Naturii;Examen;16;31
Facultatea de Ştiinţe Economice şi Gestiunea Afacerilor;Universitatea "Babeş-Bolyai" din Cluj-Napoca (UBB);Cluj-Napoca, Cluj;50;7.27;0.50;3.500 lei;Agrobusiness;Public;Acreditat;Economie generală;Economie;Științe Economice;Examen;26;24
Facultatea de Ştiinţe Economice şi Gestiunea Afacerilor;Universitatea "Babeş-Bolyai" din Cluj-Napoca (UBB);Cluj-Napoca, Cluj;50;8.26;0.72;3.500 lei;International business management (în limba engleză);Public;Acreditat;Management;Management;Științe Economice;Examen;27;23
Facultatea de Ştiinţe Economice şi Gestiunea Afacerilor;Universitatea "Babeş-Bolyai" din Cluj-Napoca (UBB);Cluj-Napoca, Cluj;50;7.94;0.74;3.500 lei;Managementul dezvoltării afacerilor;Public;Acreditat;Management;Management;Științe Economice;Examen;38;12
Facultatea de Ştiinţe Economice şi Gestiunea Afacerilor;Universitatea "Babeş-Bolyai" din Cluj-Napoca (UBB);Cluj-Napoca, Cluj;60;7.58;1.00;3.500 lei;Management contabil, audit şi control;Public;Acreditat;Contabilitate şi informatică de gestiune;Contabilitate;Științe Economice;Examen;40;20
Facultatea de Ştiinţe Economice şi Gestiunea Afacerilor;Universitatea "Babeş-Bolyai" din Cluj-Napoca (UBB);Cluj-Napoca, Cluj;50;6.05;0.20;3.500 lei;Strategii şi politici de marketing (în limba maghiară);Public;Acreditat;Marketing;Marketing;Științe Economice;Examen;22;28
Facultatea de Ştiinţe Economice şi Gestiunea Afacerilor;Universitatea "Babeş-Bolyai" din Cluj-Napoca (UBB);Cluj-Napoca, Cluj;50;7.95;0.82;3.500 lei;Finanţe corporative-asigurări;Public;Acreditat;Finanţe şi bănci;Finanţe;Științe Economice;Examen;35;15
Facultatea de Ştiinţe Economice şi Gestiunea Afacerilor;Universitatea "Babeş-Bolyai" din Cluj-Napoca (UBB);Cluj-Napoca, Cluj;50;6.68;0.68;3.500 lei;Gestiunea şi evaluarea proiectelor;Public;Acreditat;Economie generală;Economie;Științe Economice;Examen;33;17
Facultatea de Ştiinţe Economice şi Gestiunea Afacerilor;Universitatea "Babeş-Bolyai" din Cluj-Napoca (UBB);Cluj-Napoca, Cluj;50;7.12;0.56;3.500 lei;Sisteme de asistare a deciziilor economice;Public;Acreditat;Statistică şi previziune economică;Cibernetică și statistică;Științe Economice;Examen;24;26
Facultatea de Fizică;Universitatea "Babeş-Bolyai" din Cluj-Napoca (UBB);Cluj-Napoca, Cluj;20;N/A;N/A;2.000 lei;Fizică computaţională (în limba engleză);Public;Acreditat;Fizică;Fizică;Științe Exacte;Examen;5;15
Facultatea de Matematică şi Informatică;Universitatea "Babeş-Bolyai" din Cluj-Napoca (UBB);Cluj-Napoca, Cluj;220;9.51;0.05;3.600 lei;Calcul de înaltă performanță și analiza volumelor mari de date (în limba engleză);Public;Acreditat;Informatică;Informatică;Științe Exacte;Examen;64;156
Facultatea de Matematică şi Informatică;Universitatea "Babeş-Bolyai" din Cluj-Napoca (UBB);Cluj-Napoca, Cluj;138;7.62;0.41;3.600 lei;Sisteme distribuite în internet;Public;Acreditat;Informatică;Informatică;Științe Exacte;Examen;63;75
Facultatea de Matematică şi Informatică;Universitatea "Babeş-Bolyai" din Cluj-Napoca (UBB);Cluj-Napoca, Cluj;216;8.42;0.21;3.600 lei;Inteligență computațională aplicată (în limba engleză);Public;Acreditat;Informatică;Informatică;Științe Exacte;Examen;64;152
Facultatea de Psihologie şi Ştiinţe ale Educaţiei;Universitatea "Babeş-Bolyai" din Cluj-Napoca (UBB);Cluj-Napoca, Cluj;40;8.16;0.93;3.000 lei;Psihologie judiciară;Public;Acreditat;Psihologie;Psihologie;Științe Sociale și Psihologie;Examen;25;15
Facultatea de Psihologie şi Ştiinţe ale Educaţiei;Universitatea "Babeş-Bolyai" din Cluj-Napoca (UBB);Cluj-Napoca, Cluj;75;9.06;1.00;3.200 lei;Psihologie clinică, consiliere psihologică şi psihoterapie;Public;Acreditat;Psihologie;Psihologie;Științe Sociale și Psihologie;Examen;50;25
Facultatea de Teologie Ortodoxă;Universitatea "Babeş-Bolyai" din Cluj-Napoca (UBB);Cluj-Napoca, Cluj;29;8.60;0.69;3.200 lei;Pastoraţie şi duhovnicie;Public;Acreditat;Teologie pastorală;Teologie;Teologie;Examen;14;15
Facultatea de Psihologie şi Ştiinţe ale Educaţiei;Universitatea "Babeş-Bolyai" din Cluj-Napoca (UBB);Cluj-Napoca, Cluj;50;N/A;N/A;2.700 lei;Designer instrucțional;Public;Acreditat;Pedagogie;Științe ale educației;Științe Politice și Comunicare;Examen;0;50
Facultatea de Ştiinţe Politice, Administrative şi ale Comunicării;Universitatea "Babeş-Bolyai" din Cluj-Napoca (UBB);Cluj-Napoca, Cluj;50;8.33;0.46;2.900 lei;Publicitate;Public;Acreditat;Publicitate;Ştiinţe ale comunicării;Științe Politice și Comunicare;Examen;17;33
Facultatea de Ştiinţe Politice, Administrative şi ale Comunicării;Universitatea "Babeş-Bolyai" din Cluj-Napoca (UBB);Cluj-Napoca, Cluj;38;9.70;0.53;2.800 lei;Managementul proiectelor și evaluarea programelor în sfera administraţiei publice;Public;Acreditat;Administraţie publică;Ştiinţe administrative;Științe Politice și Comunicare;Examen;9;29
Facultatea de Ştiinţe Politice, Administrative şi ale Comunicării;Universitatea "Babeş-Bolyai" din Cluj-Napoca (UBB);Cluj-Napoca, Cluj;40;N/A;N/A;3.500 lei;Analiza și managementul conflictelor/ Conflict analysis and management;Public;Acreditat;Administraţie publică;Ştiinţe administrative;Științe Politice și Comunicare;Examen;6;34
Facultatea de Ştiinţe Politice, Administrative şi ale Comunicării;Universitatea "Babeş-Bolyai" din Cluj-Napoca (UBB);Cluj-Napoca, Cluj;50;8.84;0.22;2.900 lei;Tehnici avansate de comunicare (în limba maghiară);Public;Acreditat;Comunicare şi relaţii publice;Ştiinţe ale comunicării;Științe Politice și Comunicare;Examen;16;34
Facultatea de Sociologie şi Asistenţă Socială;Universitatea "Babeş-Bolyai" din Cluj-Napoca (UBB);Cluj-Napoca, Cluj;40;6.99;0.25;2.500 lei;Cercetare sociologică avansată;Public;Acreditat;Sociologie;Sociologie;Științe Sociale și Psihologie;Dosar;10;30
Facultatea de Teatru şi Televiziune;Universitatea "Babeş-Bolyai" din Cluj-Napoca (UBB);Cluj-Napoca, Cluj;7;8.66;N/A;5.000 lei;Arte Performative și Film;Public;Acreditat;Artele spectacolului;Teatru şi artele spectacolului;Arte, Arhitectură și Urbanism ;Examen;4;3
Facultatea de Istorie şi Filosofie;Universitatea "Babeş-Bolyai" din Cluj-Napoca (UBB);Cluj-Napoca, Cluj;50;7.50;0.70;2.400 lei;Managementul securităţii în societatea contemporană;Public;Acreditat;Studii de securitate;Ştiinţe politice;Științe Politice și Comunicare;Examen;38;12
Facultatea de Istorie şi Filosofie;Universitatea "Babeş-Bolyai" din Cluj-Napoca (UBB);Cluj-Napoca, Cluj;50;8.00;0.14;2.400 lei;Filosofie, cultură, comunicare;Public;Acreditat;Filosofie;Filosofie;Științe Umaniste;Examen;6;44
Facultatea de Istorie şi Filosofie;Universitatea "Babeş-Bolyai" din Cluj-Napoca (UBB);Cluj-Napoca, Cluj;50;6.00;0.14;2.400 lei;Societate, artă, identităţi în Europa Centrală. De la medieval la modernitate;Public;Acreditat;Istorie;Istorie;Științe Umaniste;Examen;7;43
Facultatea de Istorie şi Filosofie;Universitatea "Babeş-Bolyai" din Cluj-Napoca (UBB);Cluj-Napoca, Cluj;50;10.00;0.02;2.400 lei;Studii iudaice;Public;Acreditat;Studii iudaice;Studii culturale;Științe Umaniste;Examen;3;47
Facultatea de Istorie şi Filosofie;Universitatea "Babeş-Bolyai" din Cluj-Napoca (UBB);Cluj-Napoca, Cluj;50;9.35;0.38;2.400 lei;Istoria şi socio-antropologia epocii moderne;Public;Acreditat;Istorie;Istorie;Științe Umaniste;Examen;12;38
Facultatea de Business;Universitatea "Babeş-Bolyai" din Cluj-Napoca (UBB);Cluj-Napoca, Cluj;56;6.81;0.45;3.000 lei;Administrarea afacerilor în ospitalitate și turism internațional;Public;Acreditat;Administrarea afacerilor în servicii de ospitalitate;Administrarea afacerilor;Științe Economice;Examen;23;33
Facultatea de Sociologie şi Asistenţă Socială;Universitatea "Babeş-Bolyai" din Cluj-Napoca (UBB);Cluj-Napoca, Cluj;48;8.04;0.56;2.500 lei;Managementul serviciilor sociale;Public;Acreditat;Sociologie;Sociologie;Științe Sociale și Psihologie;Dosar;29;19
Facultatea de Studii Europene;Universitatea "Babeş-Bolyai" din Cluj-Napoca (UBB);Cluj-Napoca, Cluj;50;9.00;0.18;3.000 lei;Management şi negocieri internaţionale şi europene;Public;Acreditat;Relaţii internaţionale şi studii europene;Relații internaționale și studii europene;Științe Politice și Comunicare;Examen;14;36
Facultatea de Biologie şi Geologie;Universitatea "Babeş-Bolyai" din Cluj-Napoca (UBB);Cluj-Napoca, Cluj;40;8.49;0.38;2.200 lei;Geologie aplicată;Public;Acreditat;Geologie;Geologie;Științe ale Naturii;Examen;17;23
Facultatea de Litere;Universitatea "Babeş-Bolyai" din Cluj-Napoca (UBB);Cluj-Napoca, Cluj;24;8.50;0.33;2.700 lei;Limba română în context romanic;Public;Acreditat;Limba şi literatura română;Filologie;Științe Umaniste;Examen;14;10
Facultatea de Sociologie şi Asistenţă Socială;Universitatea "Babeş-Bolyai" din Cluj-Napoca (UBB);Cluj-Napoca, Cluj;40;N/A;N/A;2.500 lei;Antropologie aplicată;Public;Acreditat;Antropologie;Sociologie;Științe Sociale și Psihologie;Dosar;10;30
Facultatea de Sociologie şi Asistenţă Socială;Universitatea "Babeş-Bolyai" din Cluj-Napoca (UBB);Cluj-Napoca, Cluj;35;9.70;0.09;2.500 lei;Sociologie aplicată în dezvoltarea locală;Public;Acreditat;Sociologie;Sociologie;Științe Sociale și Psihologie;Dosar;7;28
Facultatea de Teologie Ortodoxă;Universitatea "Babeş-Bolyai" din Cluj-Napoca (UBB);Cluj-Napoca, Cluj;30;9.02;0.40;3.200 lei;Artă sacră;Public;Acreditat;Studii religioase;Teologie;Teologie;Examen;11;19
Facultatea de Geografie;Universitatea "Babeş-Bolyai" din Cluj-Napoca (UBB);Cluj-Napoca, Cluj;50;8.54;0.96;2.800 lei;Geomatică;Public;Acreditat;Geografie;Geografie;Științe ale Naturii;Examen;47;3
Facultatea de Geografie;Universitatea "Babeş-Bolyai" din Cluj-Napoca (UBB);Cluj-Napoca, Cluj;50;7.08;0.72;2.800 lei;Turism şi dezvoltare teritorială (în limba maghiară);Public;Acreditat;Geografie;Geografie;Științe ale Naturii;Examen;34;16
Facultatea de Fizică;Universitatea "Babeş-Bolyai" din Cluj-Napoca (UBB);Cluj-Napoca, Cluj;29;N/A;N/A;2.000 lei;Biofizică şi fizică medicală;Public;Acreditat;Biofizică;Fizică;Științe Exacte;Examen;9;20
Facultatea de Studii Europene;Universitatea "Babeş-Bolyai" din Cluj-Napoca (UBB);Cluj-Napoca, Cluj;75;9.60;0.88;3.000 lei;Afaceri europene şi management de programe;Public;Acreditat;Relaţii internaţionale şi studii europene;Relații internaționale și studii europene;Științe Politice și Comunicare;Examen;58;17
Facultatea de Drept;Universitatea "Babeş-Bolyai" din Cluj-Napoca (UBB);Cluj-Napoca, Cluj;45;N/A;N/A;3.600 lei;Instituţii de drept privat;Public;Acreditat;Drept;Drept;Științe Juridice;Examen;21;24
Facultatea de Chimie şi Inginerie Chimică;Universitatea "Babeş-Bolyai" din Cluj-Napoca (UBB);Cluj-Napoca, Cluj;50;7.54;N/A;3.000 lei;Chimie avansată (în limbile română şi engleză);Public;Acreditat;Chimie;Chimie;Științe Exacte;Examen;11;39
Facultatea de Ştiinţe Economice şi Gestiunea Afacerilor;Universitatea "Babeş-Bolyai" din Cluj-Napoca (UBB);Cluj-Napoca, Cluj;50;6.23;0.60;3.500 lei;Auditul şi managementul financiar al fondurilor europene;Public;Acreditat;Contabilitate şi informatică de gestiune;Contabilitate;Științe Economice;Examen;30;20
Facultatea de Teologie Greco-Catolică;Universitatea "Babeş-Bolyai" din Cluj-Napoca (UBB);Cluj-Napoca, Cluj;50;6.50;0.38;2.500 lei;Fundamente creştine ale identităţii europene (Oradea);Public;Acreditat;Studii religioase;Teologie;Teologie;Examen;19;31
Facultatea de Chimie şi Inginerie Chimică;Universitatea "Babeş-Bolyai" din Cluj-Napoca (UBB);Cluj-Napoca, Cluj;50;N/A;N/A;2.500 lei;Modelare moleculară în chimie şi biochimie (în limba engleză);Public;Acreditat;Chimie;Chimie;Științe Exacte;Examen;0;50
Facultatea de Matematică şi Informatică;Universitatea "Babeş-Bolyai" din Cluj-Napoca (UBB);Cluj-Napoca, Cluj;50;N/A;N/A;2.600 lei;Informatică didactică (în limba maghiară);Public;Acreditat;Informatică;Informatică;Științe Exacte;Dosar;4;46
Facultatea de Psihologie şi Ştiinţe ale Educaţiei;Universitatea "Babeş-Bolyai" din Cluj-Napoca (UBB);Cluj-Napoca, Cluj;40;7.86;0.82;3.000 lei;Consiliere și intervenții psihologice în dezvoltarea umană;Public;Acreditat;Psihologie;Psihologie;Științe Sociale și Psihologie;Examen;25;15
Facultatea de Psihologie şi Ştiinţe ale Educaţiei;Universitatea "Babeş-Bolyai" din Cluj-Napoca (UBB);Cluj-Napoca, Cluj;40;7.85;0.97;3.000 lei;Psihologia resurselor umane şi sănătate organizaţională;Public;Acreditat;Psihologie;Psihologie;Științe Sociale și Psihologie;Examen;26;14
Facultatea de Psihologie şi Ştiinţe ale Educaţiei;Universitatea "Babeş-Bolyai" din Cluj-Napoca (UBB);Cluj-Napoca, Cluj;50;6.70;0.60;2.800 lei;Terapia limbajului și audiologie educațională;Public;Acreditat;Pedagogie;Științe ale educației;Științe Politice și Comunicare;Examen;34;16
Facultatea de Teologie Ortodoxă;Universitatea "Babeş-Bolyai" din Cluj-Napoca (UBB);Cluj-Napoca, Cluj;11;8.31;0.91;3.200 lei;Bioetică - morală, etică şi deontologie;Public;Acreditat;Studii religioase;Teologie;Teologie;Examen;11;0
Facultatea de Teologie Ortodoxă;Universitatea "Babeş-Bolyai" din Cluj-Napoca (UBB);Cluj-Napoca, Cluj;4;8.68;0.25;3.200 lei;Doctrină şi hermeneutica creştin ortodoxă;Public;Acreditat;Studii religioase;Teologie;Teologie;Examen;4;0
Facultatea de Ştiinţe Politice, Administrative şi ale Comunicării;Universitatea "Babeş-Bolyai" din Cluj-Napoca (UBB);Cluj-Napoca, Cluj;40;N/A;N/A;2.800 lei;Sănătate publică (în limba engleză);Public;Acreditat;Servicii şi politici de sănătate publică (Public Health);Ştiinţe administrative;Științe Politice și Comunicare;Examen;9;31
Facultatea de Ştiinţe Politice, Administrative şi ale Comunicării;Universitatea "Babeş-Bolyai" din Cluj-Napoca (UBB);Cluj-Napoca, Cluj;50;8.75;0.24;2.800 lei;Managementul organizaţiilor politice;Public;Acreditat;Ştiinţe politice;Ştiinţe politice;Științe Politice și Comunicare;Examen;18;32
Facultatea de Teatru şi Televiziune;Universitatea "Babeş-Bolyai" din Cluj-Napoca (UBB);Cluj-Napoca, Cluj;6;7.66;0.67;5.000 lei;Interactive Multimedia;Public;Acreditat;Cinematografie, fotografie, media;Cinematografie şi media;Arte, Arhitectură și Urbanism ;Examen;3;3
Facultatea de Business;Universitatea "Babeş-Bolyai" din Cluj-Napoca (UBB);Cluj-Napoca, Cluj;50;N/A;0.52;3.000 lei;Management hotelier (IFR);Public;Acreditat;Management;Management;Științe Economice;Examen;0;50
Facultatea de Ştiinţa şi Ingineria Mediului;Universitatea "Babeş-Bolyai" din Cluj-Napoca (UBB);Cluj-Napoca, Cluj;50;N/A;N/A;2.700 lei;Gestiunea și protecția mediului (IFR);Public;Acreditat;Ştiinţa mediului;Ştiinţa mediului;Științe ale Naturii;Examen;0;50
Facultatea de Ştiinţe Politice, Administrative şi ale Comunicării;Universitatea "Babeş-Bolyai" din Cluj-Napoca (UBB);Cluj-Napoca, Cluj;50;N/A;0.16;3.000 lei;Relații publice (IFR);Public;Acreditat;Comunicare şi relaţii publice;Ştiinţe ale comunicării;Științe Politice și Comunicare;Examen;0;50
Facultatea de Ştiinţe Politice, Administrative şi ale Comunicării;Universitatea "Babeş-Bolyai" din Cluj-Napoca (UBB);Cluj-Napoca, Cluj;30;9.41;0.27;3.000 lei;Studii media aplicate (limba maghiară);Public;Acreditat;Jurnalism;Ştiinţe ale comunicării;Științe Politice și Comunicare;Examen;8;22
Facultatea de Istorie şi Filosofie;Universitatea "Babeş-Bolyai" din Cluj-Napoca (UBB);Cluj-Napoca, Cluj;50;8.75;0.26;2.400 lei;Cercetarea şi valorificarea patrimoniului cultural;Public;Acreditat;Studiul patrimoniului și managementul bunurilor culturale;Istorie;Științe Umaniste;Examen;12;38
Facultatea de Istorie şi Filosofie;Universitatea "Babeş-Bolyai" din Cluj-Napoca (UBB);Cluj-Napoca, Cluj;50;8.00;0.16;2.400 lei;Istorie contemporană şi relaţii internaţionale;Public;Acreditat;Relaţii internaţionale şi studii europene;Relații internaționale și studii europene;Științe Politice și Comunicare;Examen;14;36
Facultatea de Litere;Universitatea "Babeş-Bolyai" din Cluj-Napoca (UBB);Cluj-Napoca, Cluj;48;8.33;0.23;2.700 lei;Comunicare multilingva si multiculturala;Public;Acreditat;Limbă şi literatură;Limbă şi literatură;Științe Umaniste;Examen;13;35
Facultatea de Educaţie Fizică şi Sport;Universitatea "Babeş-Bolyai" din Cluj-Napoca (UBB);Cluj-Napoca, Cluj;50;7.57;0.58;2.800 lei;Managementul organizaţiilor şi activităţilor sportive;Public;Acreditat;Educație fizică și sportivă ;Știința sportului și educației fizice;Ştiinţa Sportului şi Educaţiei Fizice;Dosar;20;30
Facultatea de Business;Universitatea "Babeş-Bolyai" din Cluj-Napoca (UBB);Cluj-Napoca, Cluj;48;6.87;0.38;3.000 lei;Management hotelier;Public;Acreditat;Administrarea afacerilor în servicii de ospitalitate;Administrarea afacerilor;Științe Economice;Examen;24;24
Facultatea de Studii Europene;Universitatea "Babeş-Bolyai" din Cluj-Napoca (UBB);Cluj-Napoca, Cluj;50;9.60;0.26;3.000 lei;Studii politice europene comparate (în limba franceză);Public;Acreditat;Relaţii internaţionale şi studii europene;Relații internaționale și studii europene;Științe Politice și Comunicare;Examen;14;36
Facultatea de Drept;Universitatea "Babeş-Bolyai" din Cluj-Napoca (UBB);Cluj-Napoca, Cluj;33;N/A;N/A;3.600 lei;Drept privat al Uniunii Europene (în limba maghiară);Public;Acreditat;Drept;Drept;Științe Juridice;Examen;14;19
Facultatea de Drept;Universitatea "Babeş-Bolyai" din Cluj-Napoca (UBB);Cluj-Napoca, Cluj;33;N/A;N/A;3.600 lei;Drept privat comparat/Droit prive compare;Public;Acreditat;Drept;Drept;Științe Juridice;Examen;5;28
Facultatea de Litere;Universitatea "Babeş-Bolyai" din Cluj-Napoca (UBB);Cluj-Napoca, Cluj;7;6.00;1.00;2.700 lei;Literatură şi civilizaţie - dialog intercultural în spaţiul francofon;Public;Acreditat;Limbă şi literatură;Filologie;Științe Umaniste;Examen;7;0
Facultatea de Sociologie şi Asistenţă Socială;Universitatea "Babeş-Bolyai" din Cluj-Napoca (UBB);Cluj-Napoca, Cluj;50;N/A;N/A;2.500 lei;Asistenţă socială şi economie socială;Public;Acreditat;Sociologie;Sociologie;Științe Sociale și Psihologie;Dosar;0;50
Facultatea de Biologie şi Geologie;Universitatea "Babeş-Bolyai" din Cluj-Napoca (UBB);Cluj-Napoca, Cluj;150;9.74;0.17;2.200 lei;Biotehnologie moleculară;Public;Acreditat;Biologie;Biologie;Științe ale Naturii;Dosar;56;94
Facultatea de Chimie şi Inginerie Chimică;Universitatea "Babeş-Bolyai" din Cluj-Napoca (UBB);Cluj-Napoca, Cluj;30;N/A;N/A;3.000 lei;Ingineria proceselor organice şi biochimice;Public;Acreditat;Inginerie biochimică;Inginerie chimică;Științe Inginerești;Examen;0;30
Facultatea de Ştiinţe Economice şi Gestiunea Afacerilor;Universitatea "Babeş-Bolyai" din Cluj-Napoca (UBB);Cluj-Napoca, Cluj;50;9.32;0.04;3.500 lei;Contabilitate și organizații/Accounting and organisations (în limba engleză);Public;Acreditat;Contabilitate şi informatică de gestiune;Contabilitate;Științe Economice;Examen;16;34
Facultatea de Ştiinţe Economice şi Gestiunea Afacerilor;Universitatea "Babeş-Bolyai" din Cluj-Napoca (UBB);Cluj-Napoca, Cluj;50;7.07;0.60;3.500 lei;Managementul afacerilor (în limba maghiară);Public;Acreditat;Management;Management;Științe Economice;Examen;22;28
Facultatea de Ştiinţe Economice şi Gestiunea Afacerilor;Universitatea "Babeş-Bolyai" din Cluj-Napoca (UBB);Cluj-Napoca, Cluj;50;6.87;0.50;3.500 lei;Dezvoltare regională durabilă;Public;Acreditat;Economie generală;Economie;Științe Economice;Examen;35;15
Facultatea de Ştiinţe Economice şi Gestiunea Afacerilor;Universitatea "Babeş-Bolyai" din Cluj-Napoca (UBB);Cluj-Napoca, Cluj;50;7.80;0.66;3.500 lei;Managementul dezvoltării afacerilor (în limba engleză);Public;Acreditat;Management;Management;Științe Economice;Examen;27;23
Facultatea de Ştiinţe Economice şi Gestiunea Afacerilor;Universitatea "Babeş-Bolyai" din Cluj-Napoca (UBB);Cluj-Napoca, Cluj;50;N/A;0.48;3.500 lei;Econometrie şi statistică aplicată;Public;Acreditat;Statistică şi previziune economică;Cibernetică și statistică;Științe Economice;Examen;25;25
Facultatea de Ştiinţe Economice şi Gestiunea Afacerilor;Universitatea "Babeş-Bolyai" din Cluj-Napoca (UBB);Cluj-Napoca, Cluj;50;6.85;0.34;3.500 lei;Managementul dezvoltării afacerilor Sf. Gheorghe;Public;Acreditat;Management;Management;Științe Economice;Examen;30;20
Facultatea de Chimie şi Inginerie Chimică;Universitatea "Babeş-Bolyai" din Cluj-Napoca (UBB);Cluj-Napoca, Cluj;50;N/A;N/A;3.000 lei;Tehnici moderne de sinteză în chimie (în limba maghiară);Public;Acreditat;Chimie;Chimie;Științe Exacte;Examen;8;42
Facultatea de Ştiinţe Economice şi Gestiunea Afacerilor;Universitatea "Babeş-Bolyai" din Cluj-Napoca (UBB);Cluj-Napoca, Cluj;50;6.92;0.20;3.500 lei;Gestiune financiară corporativă (în limbile maghiară şi engleză);Public;Acreditat;Finanţe şi bănci;Finanţe;Științe Economice;Examen;24;26
Facultatea de Geografie;Universitatea "Babeş-Bolyai" din Cluj-Napoca (UBB);Cluj-Napoca, Cluj;26;N/A;N/A;2.800 lei;Turismul sportiv şi agrementul din perspectiva ecodezvoltării (la Bistriţa);Public;Acreditat;Geografie;Geografie;Științe ale Naturii;Examen;5;21
Facultatea de Geografie;Universitatea "Babeş-Bolyai" din Cluj-Napoca (UBB);Cluj-Napoca, Cluj;50;7.83;0.36;2.800 lei;Planificare şi dezvoltare regională;Public;Acreditat;Geografie;Geografie;Științe ale Naturii;Examen;19;31
Facultatea de Fizică;Universitatea "Babeş-Bolyai" din Cluj-Napoca (UBB);Cluj-Napoca, Cluj;20;N/A;N/A;2.000 lei;Fizica corpului solid (în limba engleză);Public;Acreditat;Fizică;Fizică;Științe Exacte;Examen;5;15
Facultatea de Ştiinţa şi Ingineria Mediului;Universitatea "Babeş-Bolyai" din Cluj-Napoca (UBB);Cluj-Napoca, Cluj;47;8.41;0.32;2.500 lei;Evaluarea riscului şi securitatea mediului;Public;Acreditat;Ştiinţa mediului;Ştiinţa mediului;Științe ale Naturii;Examen;13;34
Facultatea de Ştiinţa şi Ingineria Mediului;Universitatea "Babeş-Bolyai" din Cluj-Napoca (UBB);Cluj-Napoca, Cluj;27;8.91;0.15;2.500 lei;Ingineria valorificării deșeurilor;Public;Acreditat;Ingineria valorificării deşeurilor;Ingineria mediului;Științe Inginerești;Examen;7;20
Facultatea de Matematică şi Informatică;Universitatea "Babeş-Bolyai" din Cluj-Napoca (UBB);Cluj-Napoca, Cluj;216;8.36;0.34;3.600 lei;Inginerie software (în limba engleză);Public;Acreditat;Informatică;Informatică;Științe Exacte;Examen;64;152
Facultatea de Matematică şi Informatică;Universitatea "Babeş-Bolyai" din Cluj-Napoca (UBB);Cluj-Napoca, Cluj;50;N/A;N/A;2.500 lei;Matematică computaţională (în limba maghiară);Public;Acreditat;Matematică;Matematică;Științe Exacte;Examen;13;37
Facultatea de Psihologie şi Ştiinţe ale Educaţiei;Universitatea "Babeş-Bolyai" din Cluj-Napoca (UBB);Cluj-Napoca, Cluj;76;8.36;1.00;3.200 lei;Tehnici psihologice pentru controlul comportamentului şi dezvoltarea potenţialului uman;Public;Acreditat;Psihologie;Psihologie;Științe Sociale și Psihologie;Examen;46;30
Facultatea de Psihologie şi Ştiinţe ale Educaţiei;Universitatea "Babeş-Bolyai" din Cluj-Napoca (UBB);Cluj-Napoca, Cluj;50;9.32;0.72;2.200 lei;Management curricular;Public;Acreditat;Pedagogie;Științe ale educației;Științe Politice și Comunicare;Examen;27;23
Facultatea de Ştiinţe Politice, Administrative şi ale Comunicării;Universitatea "Babeş-Bolyai" din Cluj-Napoca (UBB);Cluj-Napoca, Cluj;50;7.33;0.38;3.500 lei;Relaţii publice;Public;Acreditat;Comunicare şi relaţii publice;Ştiinţe ale comunicării;Științe Politice și Comunicare;Examen;20;30
Facultatea de Ştiinţe Politice, Administrative şi ale Comunicării;Universitatea "Babeş-Bolyai" din Cluj-Napoca (UBB);Cluj-Napoca, Cluj;40;N/A;N/A;2.800 lei;Știință, tehnologie și inovație în administrația publică/Science, technology and innovation in public governance (în limba engleză);Public;Acreditat;Administraţie publică;Ştiinţe administrative;Științe Politice și Comunicare;Examen;6;34
Facultatea de Ştiinţe Politice, Administrative şi ale Comunicării;Universitatea "Babeş-Bolyai" din Cluj-Napoca (UBB);Cluj-Napoca, Cluj;50;8.25;0.14;2.800 lei;Dezvoltare internaţională (în limba engleză);Public;Acreditat;Ştiinţe politice;Ştiinţe politice;Științe Politice și Comunicare;Examen;8;42
Facultatea de Teatru şi Televiziune;Universitatea "Babeş-Bolyai" din Cluj-Napoca (UBB);Cluj-Napoca, Cluj;17;9.00;N/A;6.500 lei;Producție film documentar/Documentary Filmmaking (limba engleză);Public;Acreditat;Filmologie;Cinematografie şi media;Arte, Arhitectură și Urbanism ;Examen;7;10
Facultatea de Ştiinţe Politice, Administrative şi ale Comunicării;Universitatea "Babeş-Bolyai" din Cluj-Napoca (UBB);Cluj-Napoca, Cluj;30;8.62;0.23;2.800 lei;Management media;Public;Acreditat;Publicitate;Ştiinţe ale comunicării;Științe Politice și Comunicare;Examen;12;18
Facultatea de Ştiinţe Politice, Administrative şi ale Comunicării;Universitatea "Babeş-Bolyai" din Cluj-Napoca (UBB);Cluj-Napoca, Cluj;50;N/A;N/A;2.800 lei;Administraţie publică;Public;Acreditat;Administraţie publică;Ştiinţe administrative;Științe Politice și Comunicare;Examen;25;25
Facultatea de Geografie;Universitatea "Babeş-Bolyai" din Cluj-Napoca (UBB);Cluj-Napoca, Cluj;50;N/A;N/A;2.800 lei;Amenajare şi dezvoltare turistică (IFR);Public;Acreditat;Geografia turismului;Geografie;Științe ale Naturii;Examen;0;50
Facultatea de Sociologie şi Asistenţă Socială;Universitatea "Babeş-Bolyai" din Cluj-Napoca (UBB);Cluj-Napoca, Cluj;50;8.00;0.72;2.500 lei;Analiza datelor complexe;Public;Acreditat;Sociologie;Sociologie;Științe Sociale și Psihologie;Dosar;16;34
Facultatea de Ştiinţa şi Ingineria Mediului;Universitatea "Babeş-Bolyai" din Cluj-Napoca (UBB);Cluj-Napoca, Cluj;100;N/A;N/A;2.700 lei;Evaluarea riscului şi securitatea mediului (IFR);Public;Acreditat;Ştiinţa mediului;Ştiinţa mediului;Științe ale Naturii;Examen;50;50
Facultatea de Teatru şi Televiziune;Universitatea "Babeş-Bolyai" din Cluj-Napoca (UBB);Cluj-Napoca, Cluj;10;8.00;0.60;5.000 lei;Actorie;Public;Acreditat;Artele spectacolului;Teatru şi artele spectacolului;Arte, Arhitectură și Urbanism ;Examen;5;5
Facultatea de Ştiinţe Politice, Administrative şi ale Comunicării;Universitatea "Babeş-Bolyai" din Cluj-Napoca (UBB);Cluj-Napoca, Cluj;50;N/A;0.04;2.800 lei;Publicitate (IFR);Public;Acreditat;Publicitate;Ştiinţe ale comunicării;Științe Politice și Comunicare;Examen;0;50
Facultatea de Istorie şi Filosofie;Universitatea "Babeş-Bolyai" din Cluj-Napoca (UBB);Cluj-Napoca, Cluj;50;9.80;0.06;2.400 lei;Istoria Europei de Sud-Est;Public;Acreditat;Istorie;Istorie;Științe Umaniste;Examen;3;47
Facultatea de Ştiinţe Economice şi Gestiunea Afacerilor;Universitatea "Babeş-Bolyai" din Cluj-Napoca (UBB);Cluj-Napoca, Cluj;147;6.36;0.12;3.000 lei;Administrarea afacerilor în turism, comerţ şi servicii;Public;Acreditat;Administrarea afacerilor în comerţ, turism, servicii, merceologie şi managementul calităţii;Administrarea afacerilor;Științe Economice;Examen;37;110
Facultatea de Studii Europene;Universitatea "Babeş-Bolyai" din Cluj-Napoca (UBB);Cluj-Napoca, Cluj;50;N/A;0.02;3.000 lei;Evaluarea dezvoltării regionale;Public;Acreditat;Relaţii internaţionale şi studii europene;Relații internaționale și studii europene;Științe Politice și Comunicare;Examen;0;50
Facultatea de Studii Europene;Universitatea "Babeş-Bolyai" din Cluj-Napoca (UBB);Cluj-Napoca, Cluj;48;9.00;0.23;3.000 lei;Guvernanţă europeană;Public;Acreditat;Relaţii internaţionale şi studii europene;Relații internaționale și studii europene;Științe Politice și Comunicare;Examen;11;37
Facultatea de Drept;Universitatea "Babeş-Bolyai" din Cluj-Napoca (UBB);Cluj-Napoca, Cluj;50;N/A;N/A;3.600 lei;Ştiinţe penale şi criminalistică;Public;Acreditat;Drept;Drept;Științe Juridice;Examen;25;25
Facultatea de Ştiinţe Economice şi Gestiunea Afacerilor;Universitatea "Babeş-Bolyai" din Cluj-Napoca (UBB);Cluj-Napoca, Cluj;50;9.99;0.74;3.500 lei;Management internaţional (în limba germană);Public;Acreditat;Economie internaţională;Economie şi afaceri internaţionale;Științe Economice;Examen;31;19
Facultatea de Chimie şi Inginerie Chimică;Universitatea "Babeş-Bolyai" din Cluj-Napoca (UBB);Cluj-Napoca, Cluj;39;N/A;N/A;3.000 lei;Chimie clinică;Public;Acreditat;Chimie;Chimie;Științe Exacte;Examen;17;22
Facultatea de Sociologie şi Asistenţă Socială;Universitatea "Babeş-Bolyai" din Cluj-Napoca (UBB);Cluj-Napoca, Cluj;50;7.39;N/A;2.500 lei;Asistenţa socială pentru sănătate mentală;Public;Acreditat;Sociologie;Sociologie;Științe Sociale și Psihologie;Dosar;10;40
Facultatea de Ştiinţe Economice şi Gestiunea Afacerilor;Universitatea "Babeş-Bolyai" din Cluj-Napoca (UBB);Cluj-Napoca, Cluj;50;6.57;0.74;3.500 lei;Fiscalitate;Public;Acreditat;Finanţe şi bănci;Finanţe;Științe Economice;Examen;33;17
Facultatea de Ştiinţe Economice şi Gestiunea Afacerilor;Universitatea "Babeş-Bolyai" din Cluj-Napoca (UBB);Cluj-Napoca, Cluj;50;6.29;0.80;3.500 lei;Bănci şi pieţe de capital;Public;Acreditat;Finanţe şi bănci;Finanţe;Științe Economice;Examen;35;15
Facultatea de Psihologie şi Ştiinţe ale Educaţiei;Universitatea "Babeş-Bolyai" din Cluj-Napoca (UBB);Cluj-Napoca, Cluj;40;8.06;0.62;3.000 lei;Psihologia sănătăţii publice și clinice;Public;Acreditat;Psihologie;Psihologie;Științe Sociale și Psihologie;Examen;22;18
Facultatea de Matematică şi Informatică;Universitatea "Babeş-Bolyai" din Cluj-Napoca (UBB);Cluj-Napoca, Cluj;100;8.57;0.14;3.600 lei;Analiza datelor și modelare (în limba maghiară);Public;Acreditat;Informatică;Informatică;Științe Exacte;Examen;32;68
Facultatea de Matematică şi Informatică;Universitatea "Babeş-Bolyai" din Cluj-Napoca (UBB);Cluj-Napoca, Cluj;220;N/A;0.06;3.600 lei;Programare bazată pe componente (în limba engleză);Public;Acreditat;Informatică;Informatică;Științe Exacte;Examen;64;156
Facultatea de Ştiinţe Politice, Administrative şi ale Comunicării;Universitatea "Babeş-Bolyai" din Cluj-Napoca (UBB);Cluj-Napoca, Cluj;50;N/A;N/A;2.800 lei;Proiectarea cercetării şi analiza datelor în ştiinţe sociale (în limba engleză);Public;Acreditat;Ştiinţe politice;Ştiinţe politice;Științe Politice și Comunicare;Examen;3;47
Facultatea de Ştiinţe Politice, Administrative şi ale Comunicării;Universitatea "Babeş-Bolyai" din Cluj-Napoca (UBB);Cluj-Napoca, Cluj;49;9.06;N/A;3.000 lei;Producţie media;Public;Acreditat;Jurnalism;Ştiinţe ale comunicării;Științe Politice și Comunicare;Examen;16;33
Facultatea de Ştiinţe Politice, Administrative şi ale Comunicării;Universitatea "Babeş-Bolyai" din Cluj-Napoca (UBB);Cluj-Napoca, Cluj;50;8.75;0.28;3.000 lei;Comunicare mediatică-Media communication (în limba engleză);Public;Acreditat;Comunicare şi relaţii publice;Ştiinţe ale comunicării;Științe Politice și Comunicare;Examen;15;35
Facultatea de Ştiinţe Politice, Administrative şi ale Comunicării;Universitatea "Babeş-Bolyai" din Cluj-Napoca (UBB);Cluj-Napoca, Cluj;40;9.75;0.15;2.800 lei;Administraţie publică (în limba engleză);Public;Acreditat;Administraţie publică;Ştiinţe administrative;Științe Politice și Comunicare;Examen;8;32
Facultatea de Ştiinţe Politice, Administrative şi ale Comunicării;Universitatea "Babeş-Bolyai" din Cluj-Napoca (UBB);Cluj-Napoca, Cluj;50;N/A;N/A;2.800 lei;Managementul instituţiilor publice şi nonprofit (în limba engleză);Public;Acreditat;Administraţie publică;Ştiinţe administrative;Științe Politice și Comunicare;Examen;15;35
Facultatea de Educaţie Fizică şi Sport;Universitatea "Babeş-Bolyai" din Cluj-Napoca (UBB);Cluj-Napoca, Cluj;50;7.92;N/A;2.800 lei;Antrenament şi performanţă sportivă;Public;Acreditat;Educație fizică și sportivă ;Știința sportului și educației fizice;Ştiinţa Sportului şi Educaţiei Fizice;Examen;32;18
Facultatea de Educaţie Fizică şi Sport;Universitatea "Babeş-Bolyai" din Cluj-Napoca (UBB);Cluj-Napoca, Cluj;50;7.51;N/A;2.800 lei;Educaţie fizică, fitness şi agrement în turism;Public;Acreditat;Educație fizică și sportivă ;Știința sportului și educației fizice;Ştiinţa Sportului şi Educaţiei Fizice;Dosar;15;35
Facultatea de Istorie şi Filosofie;Universitatea "Babeş-Bolyai" din Cluj-Napoca (UBB);Cluj-Napoca, Cluj;50;7.75;0.34;2.400 lei;Leadership şi comunicare în organizaţii internaţionale;Public;Acreditat;Relaţii internaţionale şi studii europene;Relații internaționale și studii europene;Științe Politice și Comunicare;Examen;20;30
Facultatea de Istorie şi Filosofie;Universitatea "Babeş-Bolyai" din Cluj-Napoca (UBB);Cluj-Napoca, Cluj;50;9.25;0.06;2.400 lei;Teorie critică şi studii multiculturale;Public;Acreditat;Filosofie;Filosofie;Științe Umaniste;Examen;8;42
Facultatea de Biologie şi Geologie;Universitatea "Babeş-Bolyai" din Cluj-Napoca (UBB);Cluj-Napoca, Cluj;150;7.05;0.07;2.200 lei;Ecologie sistemică şi conservare;Public;Acreditat;Ecologie şi protecţia mediului;Ştiinţa mediului;Științe ale Naturii;Examen;56;94
Facultatea de Biologie şi Geologie;Universitatea "Babeş-Bolyai" din Cluj-Napoca (UBB);Cluj-Napoca, Cluj;150;N/A;N/A;2.200 lei;Ecologie terestră şi acvatică;Public;Acreditat;Ecologie şi protecţia mediului;Ştiinţa mediului;Științe ale Naturii;Examen;56;94
Facultatea de Litere;Universitatea "Babeş-Bolyai" din Cluj-Napoca (UBB);Cluj-Napoca, Cluj;50;6.81;0.54;2.700 lei;Studii de lingvistică şi literatură maghiară;Public;Acreditat;Limbă şi literatură;Filologie;Științe Umaniste;Examen;20;30
Facultatea de Biologie şi Geologie;Universitatea "Babeş-Bolyai" din Cluj-Napoca (UBB);Cluj-Napoca, Cluj;50;N/A;0.26;2.200 lei;Ştiinţele nutriţiei;Public;Acreditat;Biologie;Biologie;Științe ale Naturii;Dosar;0;50
Facultatea de Geografie;Universitatea "Babeş-Bolyai" din Cluj-Napoca (UBB);Cluj-Napoca, Cluj;25;N/A;N/A;2.800 lei;Ecoturism şi dezvoltare durabilă (în limba maghiară) Gheorgheni;Public;Acreditat;Geografie;Geografie;Științe ale Naturii;Examen;0;25
Facultatea de Matematică şi Informatică;Universitatea "Babeş-Bolyai" din Cluj-Napoca (UBB);Cluj-Napoca, Cluj;50;6.41;0.58;2.500 lei;Matematică didactică;Public;Acreditat;Matematică;Matematică;Științe Exacte;Examen;23;27
Facultatea de Ştiinţa şi Ingineria Mediului;Universitatea "Babeş-Bolyai" din Cluj-Napoca (UBB);Cluj-Napoca, Cluj;48;8.16;0.21;2.500 lei;Calitatea mediului şi surse energetice;Public;Acreditat;Ştiinţa mediului;Ştiinţa mediului;Științe ale Naturii;Examen;12;36
Facultatea de Matematică şi Informatică;Universitatea "Babeş-Bolyai" din Cluj-Napoca (UBB);Cluj-Napoca, Cluj;30;7.01;0.33;2.500 lei;Matematici avansate (în limba engleză);Public;Acreditat;Matematică;Matematică;Științe Exacte;Examen;9;21
Facultatea de Ştiinţe Economice şi Gestiunea Afacerilor;Universitatea "Babeş-Bolyai" din Cluj-Napoca (UBB);Cluj-Napoca, Cluj;13;8.38;4.62;3.500 lei;Managementul resurselor umane;Public;Acreditat;Management;Management;Științe Economice;Examen;4;9
Facultatea de Ştiinţe Economice şi Gestiunea Afacerilor;Universitatea "Babeş-Bolyai" din Cluj-Napoca (UBB);Cluj-Napoca, Cluj;48;6.25;1.04;3.500 lei;Strategii şi politici de marketing;Public;Acreditat;Marketing;Marketing;Științe Economice;Examen;34;14
Facultatea de Ştiinţe Economice şi Gestiunea Afacerilor;Universitatea "Babeş-Bolyai" din Cluj-Napoca (UBB);Cluj-Napoca, Cluj;28;7.44;1.00;3.500 lei;E-business;Public;Acreditat;Informatică economică;Informatică economică;Științe Economice;Examen;25;3
Facultatea de Teologie Greco-Catolică;Universitatea "Babeş-Bolyai" din Cluj-Napoca (UBB);Cluj-Napoca, Cluj;50;8.20;0.20;2.500 lei;Teologie Biblică;Public;Acreditat;Studii religioase;Teologie;Teologie;Examen;15;35
Facultatea de Psihologie şi Ştiinţe ale Educaţiei;Universitatea "Babeş-Bolyai" din Cluj-Napoca (UBB);Cluj-Napoca, Cluj;50;8.00;1.00;3.000 lei;Consultanță și intervenție psihologică (în limba maghiară);Public;Acreditat;Psihologie;Psihologie;Științe Sociale și Psihologie;Examen;35;15
Facultatea de Psihologie şi Ştiinţe ale Educaţiei;Universitatea "Babeş-Bolyai" din Cluj-Napoca (UBB);Cluj-Napoca, Cluj;50;7.85;0.74;2.800 lei;Management, consiliere și asistență psihopedagogică în instituțiile incluzive;Public;Acreditat;Pedagogie;Științe ale educației;Științe Politice și Comunicare;Examen;35;15
Facultatea de Psihologie şi Ştiinţe ale Educaţiei;Universitatea "Babeş-Bolyai" din Cluj-Napoca (UBB);Cluj-Napoca, Cluj;50;7.00;0.26;2.800 lei;Metode și practici alternative în învățământul primar și preșcolar (în limba maghiară);Public;Acreditat;Pedagogia învăţământului primar şi preşcolar;Științe ale educației;Științe Politice și Comunicare;Examen;17;33
Facultatea de Teologie Ortodoxă;Universitatea "Babeş-Bolyai" din Cluj-Napoca (UBB);Cluj-Napoca, Cluj;12;8.47;0.83;3.200 lei;Ortodoxie românească şi viaţa liturgică;Public;Acreditat;Studii religioase;Teologie;Teologie;Examen;12;0
Facultatea de Teologie Ortodoxă;Universitatea "Babeş-Bolyai" din Cluj-Napoca (UBB);Cluj-Napoca, Cluj;29;8.24;0.52;3.200 lei;Consiliere pastorală și asistență psihosocială;Public;Acreditat;Teologie pastorală;Teologie;Teologie;Examen;16;13
Facultatea de Istorie şi Filosofie;Universitatea "Babeş-Bolyai" din Cluj-Napoca (UBB);Cluj-Napoca, Cluj;50;N/A;0.20;2.400 lei;Securitate, inteligență și competitivitate în organizații;Public;Acreditat;Studii de securitate;Ştiinţe politice;Științe Politice și Comunicare;Examen;0;50
Facultatea de Studii Europene;Universitatea "Babeş-Bolyai" din Cluj-Napoca (UBB);Cluj-Napoca, Cluj;50;9.55;0.88;3.000 lei;Relații internaționale, politică externă și managementul crizelor (limba engleză);Public;Acreditat;Relaţii internaţionale şi studii europene;Relații internaționale și studii europene;Științe Politice și Comunicare;Examen;17;33
Facultatea de Ştiinţe Politice, Administrative şi ale Comunicării;Universitatea "Babeş-Bolyai" din Cluj-Napoca (UBB);Cluj-Napoca, Cluj;29;9.40;1.21;2.800 lei;Managementul resurselor umane în sectorul public;Public;Acreditat;Resurse umane;Sociologie;Științe Sociale și Psihologie;Examen;16;13
Facultatea de Sociologie şi Asistenţă Socială;Universitatea "Babeş-Bolyai" din Cluj-Napoca (UBB);Cluj-Napoca, Cluj;35;7.50;0.11;2.500 lei;Managementul resurselor umane şi sociologia organizaţiilor;Public;Acreditat;Resurse umane;Sociologie;Științe Sociale și Psihologie;Dosar;7;28
Facultatea de Teatru şi Televiziune;Universitatea "Babeş-Bolyai" din Cluj-Napoca (UBB);Cluj-Napoca, Cluj;8;7.00;N/A;5.000 lei;Regie de teatru;Public;Acreditat;Teatrologie ;Teatru şi artele spectacolului;Arte, Arhitectură și Urbanism ;Examen;4;4
Facultatea de Litere;Universitatea "Babeş-Bolyai" din Cluj-Napoca (UBB);Cluj-Napoca, Cluj;49;6.00;0.14;2.700 lei;Studii irlandeze;Public;Acreditat;Limbă şi literatură;Limbă şi literatură;Științe Umaniste;Examen;7;42
Facultatea de Istorie şi Filosofie;Universitatea "Babeş-Bolyai" din Cluj-Napoca (UBB);Cluj-Napoca, Cluj;50;9.00;0.12;2.400 lei;Filosofie antică şi medievală;Public;Acreditat;Filosofie;Filosofie;Științe Umaniste;Examen;6;44
Facultatea de Biologie şi Geologie;Universitatea "Babeş-Bolyai" din Cluj-Napoca (UBB);Cluj-Napoca, Cluj;150;N/A;N/A;2.200 lei;Biotransformări celulare;Public;Acreditat;Biologie;Biologie;Științe ale Naturii;Examen;56;94
Facultatea de Biologie şi Geologie;Universitatea "Babeş-Bolyai" din Cluj-Napoca (UBB);Cluj-Napoca, Cluj;150;7.83;0.39;2.200 lei;Biologie medicală;Public;Acreditat;Biologie;Biologie;Științe ale Naturii;Examen;56;94
Facultatea de Sociologie şi Asistenţă Socială;Universitatea "Babeş-Bolyai" din Cluj-Napoca (UBB);Cluj-Napoca, Cluj;50;6.40;0.12;2.500 lei;Comunicare, societate şi mass media;Public;Acreditat;Sociologie;Sociologie;Științe Sociale și Psihologie;Dosar;10;40
Facultatea de Business;Universitatea "Babeş-Bolyai" din Cluj-Napoca (UBB);Cluj-Napoca, Cluj;47;7.21;0.34;3.000 lei;Administrarea afacerilor internaționale;Public;Acreditat;Administrarea afacerilor;Administrarea afacerilor;Științe Economice;Examen;27;20
Facultatea de Sociologie şi Asistenţă Socială;Universitatea "Babeş-Bolyai" din Cluj-Napoca (UBB);Cluj-Napoca, Cluj;52;8.46;0.21;2.500 lei;Asistenţa socială în spaţiul justiţiei. Probaţiune şi mediere;Public;Acreditat;Sociologie;Sociologie;Științe Sociale și Psihologie;Dosar;16;36
Facultatea de Sociologie şi Asistenţă Socială;Universitatea "Babeş-Bolyai" din Cluj-Napoca (UBB);Cluj-Napoca, Cluj;47;8.09;0.06;2.500 lei;Consiliere şi asistenţă în serviciile sociale;Public;Acreditat;Sociologie;Sociologie;Științe Sociale și Psihologie;Dosar;8;39
Facultatea de Litere;Universitatea "Babeş-Bolyai" din Cluj-Napoca (UBB);Cluj-Napoca, Cluj;50;9.33;1.00;2.700 lei;Studii literare românești;Public;Acreditat;Limba şi literatura română;Filologie;Științe Umaniste;Examen;12;38
Facultatea de Geografie;Universitatea "Babeş-Bolyai" din Cluj-Napoca (UBB);Cluj-Napoca, Cluj;50;7.24;0.40;2.800 lei;Turism şi amenajarea teritoriului (la Sighetu-Marmaţiei);Public;Acreditat;Geografie;Geografie;Științe ale Naturii;Examen;27;23
Facultatea de Geografie;Universitatea "Babeş-Bolyai" din Cluj-Napoca (UBB);Cluj-Napoca, Cluj;50;7.29;0.30;2.800 lei;Resurse şi riscuri în mediul hidroatmosferic;Public;Acreditat;Geografie;Geografie;Științe ale Naturii;Examen;15;35
Facultatea de Matematică şi Informatică;Universitatea "Babeş-Bolyai" din Cluj-Napoca (UBB);Cluj-Napoca, Cluj;100;7.93;0.43;3.600 lei;Proiectarea și dezvoltarea aplicațiilor enterprise (în limba maghiară);Public;Acreditat;Informatică;Informatică;Științe Exacte;Examen;32;68
Facultatea de Matematică şi Informatică;Universitatea "Babeş-Bolyai" din Cluj-Napoca (UBB);Cluj-Napoca, Cluj;50;7.66;0.06;2.500 lei;Matematică didactică (în limba maghiară);Public;Acreditat;Matematică;Matematică;Științe Exacte;Examen;13;37
Facultatea de Matematică şi Informatică;Universitatea "Babeş-Bolyai" din Cluj-Napoca (UBB);Cluj-Napoca, Cluj;138;7.67;0.45;3.600 lei;Baze de date;Public;Acreditat;Informatică;Informatică;Științe Exacte;Examen;63;75
Facultatea de Matematică şi Informatică;Universitatea "Babeş-Bolyai" din Cluj-Napoca (UBB);Cluj-Napoca, Cluj;50;N/A;N/A;3.600 lei;Informatică didactică;Public;Acreditat;Informatică;Informatică;Științe Exacte;Dosar;5;45
Facultatea de Psihologie şi Ştiinţe ale Educaţiei;Universitatea "Babeş-Bolyai" din Cluj-Napoca (UBB);Cluj-Napoca, Cluj;60;7.25;0.43;2.700 lei;Consiliere școlară și asistență psihopedagogică;Public;Acreditat;Pedagogia învăţământului primar şi preşcolar;Științe ale educației;Științe Politice și Comunicare;Examen;29;31
Facultatea de Ştiinţe Politice, Administrative şi ale Comunicării;Universitatea "Babeş-Bolyai" din Cluj-Napoca (UBB);Cluj-Napoca, Cluj;20;8.19;0.70;2.900 lei;Publicitate şi relaţii publice (în limbile germană și engleză);Public;Acreditat;Comunicare şi relaţii publice;Ştiinţe ale comunicării;Științe Politice și Comunicare;Examen;11;9
Facultatea de Teatru şi Televiziune;Universitatea "Babeş-Bolyai" din Cluj-Napoca (UBB);Cluj-Napoca, Cluj;10;8.00;N/A;6.500 lei;Arta scurtmetrajului (limba maghiară);Public;Acreditat;Filmologie;Cinematografie şi media;Arte, Arhitectură și Urbanism ;Examen;5;5
Facultatea de Istorie şi Filosofie;Universitatea "Babeş-Bolyai" din Cluj-Napoca (UBB);Cluj-Napoca, Cluj;50;7.99;0.32;2.400 lei;Arheologie şi studii clasice;Public;Acreditat;Arheologie;Istorie;Științe Umaniste;Examen;12;38
Facultatea de Istorie şi Filosofie;Universitatea "Babeş-Bolyai" din Cluj-Napoca (UBB);Cluj-Napoca, Cluj;50;9.00;0.12;2.400 lei;Ştiinţele informării şi documentării;Public;Acreditat;Științe ale informării și documentării;Ştiinţe ale comunicării;Științe Politice și Comunicare;Examen;6;44
Facultatea de Istorie şi Filosofie;Universitatea "Babeş-Bolyai" din Cluj-Napoca (UBB);Cluj-Napoca, Cluj;50;8.50;0.14;2.400 lei;Patrimoniu şi turism cultural;Public;Acreditat;Turism cultural;Studii culturale;Științe Umaniste;Examen;10;40
Facultatea de Ştiinţa şi Ingineria Mediului;Universitatea "Babeş-Bolyai" din Cluj-Napoca (UBB);Cluj-Napoca, Cluj;30;8.75;0.17;2.500 lei;Dezvoltare sustenabilă și managementul mediului;Public;Acreditat;Ingineria mediului;Ingineria mediului;Științe Inginerești;Examen;7;23
Facultatea de Studii Europene;Universitatea "Babeş-Bolyai" din Cluj-Napoca (UBB);Cluj-Napoca, Cluj;25;9.20;0.12;3.000 lei;Studii transatlantice (în limba engleză);Public;Acreditat;Relaţii internaţionale şi studii europene;Relații internaționale și studii europene;Științe Politice și Comunicare;Examen;3;22
Facultatea de Geografie;Universitatea "Babeş-Bolyai" din Cluj-Napoca (UBB);Cluj-Napoca, Cluj;75;8.41;0.85;2.800 lei;Amenajare şi dezvoltare turistică;Public;Acreditat;Geografie;Geografie;Științe ale Naturii;Examen;59;16
Facultatea de Chimie şi Inginerie Chimică;Universitatea "Babeş-Bolyai" din Cluj-Napoca (UBB);Cluj-Napoca, Cluj;40;8.24;0.33;3.000 lei;Inginerie chimică avansată de proces (în limba engleză);Public;Acreditat;Inginerie chimică;Inginerie chimică;Științe Inginerești;Examen;14;26
Facultatea de Drept;Universitatea "Babeş-Bolyai" din Cluj-Napoca (UBB);Cluj-Napoca, Cluj;40;N/A;N/A;3.600 lei;Dreptul internațional și comparat al afacerilor/ International and comparative business law;Public;Acreditat;Drept;Drept;Științe Juridice;Examen;16;24
Facultatea de Ştiinţe Economice şi Gestiunea Afacerilor;Universitatea "Babeş-Bolyai" din Cluj-Napoca (UBB);Cluj-Napoca, Cluj;50;6.23;0.48;3.500 lei;Diagnostic şi evaluare;Public;Acreditat;Contabilitate şi informatică de gestiune;Contabilitate;Științe Economice;Examen;30;20
Facultatea de Chimie şi Inginerie Chimică;Universitatea "Babeş-Bolyai" din Cluj-Napoca (UBB);Cluj-Napoca, Cluj;3;N/A;N/A;3.000 lei;Procesarea şi controlul alimentelor;Public;Acreditat;Controlul şi securitatea produselor alimentare;Inginerie chimică;Științe Inginerești;Examen;3;0
Facultatea de Ştiinţe Economice şi Gestiunea Afacerilor;Universitatea "Babeş-Bolyai" din Cluj-Napoca (UBB);Cluj-Napoca, Cluj;60;7.60;1.00;3.500 lei;Expertiză contabilă şi audit;Public;Acreditat;Contabilitate şi informatică de gestiune;Contabilitate;Științe Economice;Examen;45;15
Facultatea de Ştiinţe Economice şi Gestiunea Afacerilor;Universitatea "Babeş-Bolyai" din Cluj-Napoca (UBB);Cluj-Napoca, Cluj;22;7.52;0.45;3.500 lei;Modelarea afacerilor și calcul distribuit/Business Modeling and Distributed Computing (limba engleză);Public;Acreditat;Informatică economică;Informatică economică;Științe Economice;Examen;20;2
Facultatea de Psihologie şi Ştiinţe ale Educaţiei;Universitatea "Babeş-Bolyai" din Cluj-Napoca (UBB);Cluj-Napoca, Cluj;25;N/A;N/A;2.400 lei;Didactica limbii şi literaturii germane, cultura şi civilizaţia germană a Europei Centrale şi de Sud Est (în limba germană);Public;Acreditat;Pedagogie;Științe ale educației;Științe Politice și Comunicare;Examen;5;20
Facultatea de Studii Europene;Universitatea "Babeş-Bolyai" din Cluj-Napoca (UBB);Cluj-Napoca, Cluj;49;9.60;0.24;3.000 lei;Comunicare internațională;Public;Acreditat;Ştiinţe politice;Ştiinţe politice;Științe Politice și Comunicare;Examen;7;42
Facultatea de Sociologie şi Asistenţă Socială;Universitatea "Babeş-Bolyai" din Cluj-Napoca (UBB);Cluj-Napoca, Cluj;50;N/A;N/A;2.500 lei;Gerontologie socială;Public;Acreditat;Sociologie;Sociologie;Științe Sociale și Psihologie;Dosar;16;34
Facultatea de Ştiinţe Politice, Administrative şi ale Comunicării;Universitatea "Babeş-Bolyai" din Cluj-Napoca (UBB);Cluj-Napoca, Cluj;30;9.50;0.40;2.800 lei;Management si politici publice (limba maghiara);Public;Acreditat;Management;Management;Științe Economice;Examen;9;21
Facultatea de Ştiinţe Economice;Universitatea "Bogdan Vodă" din Cluj-Napoca;Cluj-Napoca, Cluj;N/A;N/A;N/A;N/A;Managementul resurselor umane;Public;Acreditat;Management;Management;Științe Economice;Dosar;0;0
Facultatea de Ştiinţe Economice;Universitatea "Bogdan Vodă" din Cluj-Napoca;Cluj-Napoca, Cluj;N/A;N/A;N/A;N/A;Managementul societăților comerciale și de credit;Public;Acreditat;Management;Management;Științe Economice;Dosar;0;0
Facultatea de Ştiinţe Economice;Universitatea "Bogdan Vodă" din Cluj-Napoca;Cluj-Napoca, Cluj;N/A;N/A;N/A;N/A;Managementul afacerilor;Public;Acreditat;Management;Management;Științe Economice;Dosar;0;0
Facultatea de Ştiinţe Economice;Universitatea "Bogdan Vodă" din Cluj-Napoca;Cluj-Napoca, Cluj;N/A;N/A;N/A;N/A;Managementul organizațiilor sportive;Public;Acreditat;Management;Management;Științe Economice;Dosar;0;0
Facultatea de Ştiinţe Economice;Universitatea "Bogdan Vodă" din Cluj-Napoca;Cluj-Napoca, Cluj;N/A;N/A;N/A;N/A;Bănci, asigurări şi pieţe financiare;Public;Acreditat;Finanţe şi bănci;Finanţe;Științe Economice;Dosar;0;0
Facultatea de Management, Marketing în Afaceri Economice din Brăila;Universitatea "Constantin Brâncoveanu" din Piteşti;Braila, Braila;N/A;N/A;N/A;3.000 lei;Management şi strategii în resurse umane;Public;Acreditat;Management;Management;Științe Economice;Dosar;0;0
Facultatea de Management, Marketing în Afaceri Economice;Universitatea "Constantin Brâncoveanu" din Piteşti;Pitesti, Arges;83;N/A;N/A;N/A;Managementul afacerilor;Public;Acreditat;Management;Management;Științe Economice;Dosar;33;50
Facultatea de Management, Marketing în Afaceri Economice;Universitatea "Constantin Brâncoveanu" din Piteşti;Pitesti, Arges;N/A;N/A;N/A;3.000 lei;Managementul resurselor umane;Public;Acreditat;Management;Management;Științe Economice;Dosar;0;0
Facultatea de Management, Marketing în Afaceri Economice din Brăila;Universitatea "Constantin Brâncoveanu" din Piteşti;Braila, Braila;N/A;N/A;N/A;3.000 lei;Managementul serviciilor publice;Public;Acreditat;Management;Management;Științe Economice;Dosar;0;0
Facultatea de Management, Marketing în Afaceri Economice din Brăila;Universitatea "Constantin Brâncoveanu" din Piteşti;Braila, Braila;N/A;N/A;N/A;3.000 lei;Managementul afacerilor;Public;Acreditat;Management;Management;Științe Economice;Dosar;0;0
Facultatea de Management, Marketing în Afaceri Economice;Universitatea "Constantin Brâncoveanu" din Piteşti;Pitesti, Arges;N/A;N/A;N/A;3.000 lei;Marketingul serviciilor;Public;Acreditat;Marketing;Marketing;Științe Economice;Dosar;0;0
Facultatea de Ştiinţe Juridice, Administrative şi ale Comunicării;Universitatea "Constantin Brâncoveanu" din Piteşti;Pitesti, Arges;83;N/A;N/A;N/A;Comunicare managerială şi relaţii publice;Public;Acreditat;Comunicare şi relaţii publice;Ştiinţe ale comunicării;Științe Politice și Comunicare;Dosar;33;50
Facultatea de Finanţe - Contabilitate;Universitatea "Constantin Brâncoveanu" din Piteşti;Pitesti, Arges;N/A;N/A;N/A;3.000 lei;Management financiar-bancar;Public;Acreditat;Finanţe şi bănci;Finanţe;Științe Economice;Dosar;0;0
Facultatea de Management, Marketing în Afaceri Economice;Universitatea "Constantin Brâncoveanu" din Piteşti;Pitesti, Arges;N/A;N/A;N/A;3.000 lei;Business to business marketing;Public;Acreditat;Marketing;Marketing;Științe Economice;Dosar;0;0
Facultatea de Finanţe - Contabilitate;Universitatea "Constantin Brâncoveanu" din Piteşti;Pitesti, Arges;N/A;N/A;N/A;3.000 lei;Standarde, reglementări şi politici contabile;Public;Acreditat;Contabilitate şi informatică de gestiune;Contabilitate;Științe Economice;Dosar;0;0
Facultatea de Management, Marketing în Afaceri Economice;Universitatea "Constantin Brâncoveanu" din Piteşti;Pitesti, Arges;N/A;N/A;N/A;3.000 lei;Management în administraţie şi servicii publice;Public;Acreditat;Management;Management;Științe Economice;Dosar;0;0
Facultatea de Ştiinţe Juridice, Administrative şi ale Comunicării;Universitatea "Constantin Brâncoveanu" din Piteşti;Pitesti, Arges;N/A;N/A;N/A;3.000 lei;Drept privat;Public;Acreditat;Drept;Drept;Științe Juridice;Dosar;0;0
Facultatea de Management, Marketing în Afaceri Economice;Universitatea "Constantin Brâncoveanu" din Piteşti;Pitesti, Arges;N/A;N/A;N/A;3.000 lei;Managementul economic al unităţilor şcolare;Public;Acreditat;Management;Management;Științe Economice;Dosar;0;0
Facultatea de Management, Marketing în Afaceri Economice;Universitatea "Constantin Brâncoveanu" din Piteşti;Pitesti, Arges;N/A;N/A;N/A;3.000 lei;Management și logistică;Public;Acreditat;Management;Management;Științe Economice;Dosar;0;0
Facultatea de Management, Marketing în Afaceri Economice din Brăila;Universitatea "Constantin Brâncoveanu" din Piteşti;Braila, Braila;N/A;N/A;N/A;3.000 lei;Standarde, reglementări şi politici contabile;Public;Acreditat;Contabilitate şi informatică de gestiune;Contabilitate;Științe Economice;Dosar;0;0
Facultatea De Management Marketing In Afaceri Economice;Universitatea "Constantin Brâncoveanu" din Pitești - extensia Râmnicu Vâlcea;Ramnicu Valcea, Valcea;N/A;N/A;N/A;3.000 lei;Gestiune financiară şi contabilă;Public;Acreditat;Contabilitate şi informatică de gestiune;Contabilitate;Științe Economice;Dosar;0;0
Facultatea De Management Marketing In Afaceri Economice;Universitatea "Constantin Brâncoveanu" din Pitești - extensia Râmnicu Vâlcea;Ramnicu Valcea, Valcea;N/A;N/A;N/A;3.000 lei;Turism, gestiune hotelieră şi politici în industria ospitalităţii;Public;Acreditat;Administrarea afacerilor în servicii de ospitalitate;Administrarea afacerilor;Științe Economice;Dosar;0;0
Facultatea De Management Marketing In Afaceri Economice;Universitatea "Constantin Brâncoveanu" din Pitești - extensia Râmnicu Vâlcea;Ramnicu Valcea, Valcea;20;N/A;N/A;3.000 lei;Managementul afacerilor;Public;Acreditat;Management;Management;Științe Economice;Dosar;3;17
Facultatea De Management Marketing In Afaceri Economice;Universitatea "Constantin Brâncoveanu" din Pitești - extensia Râmnicu Vâlcea;Ramnicu Valcea, Valcea;20;N/A;N/A;3.000 lei;Management şi strategii în resurse umane;Public;Acreditat;Management;Management;Științe Economice;Dosar;3;17
Facultatea De Management Marketing In Afaceri Economice;Universitatea "Constantin Brâncoveanu" din Pitești - extensia Râmnicu Vâlcea;Ramnicu Valcea, Valcea;20;N/A;N/A;3.000 lei;Standarde, reglementări şi politici contabile;Public;Acreditat;Contabilitate şi informatică de gestiune;Contabilitate;Științe Economice;Dosar;4;16
Facultatea de Științe ale Educației, Drept și Administrație Publică;Universitatea "Constantin Brâncuşi" din Târgu Jiu;Targu Jiu, Gorj;50;9.00;N/A;3.000 lei;Administraţie publică europeană;Public;Acreditat;Administraţie europeană;Ştiinţe administrative;Științe Politice și Comunicare;Examen;11;39
Facultatea de Științe ale Educației, Drept și Administrație Publică;Universitatea "Constantin Brâncuşi" din Târgu Jiu;Targu Jiu, Gorj;25;9.51;N/A;3.000 lei;Carieră judiciară;Public;Acreditat;Drept;Drept;Științe Juridice;Examen;6;19
Facultatea de Științe ale Educației, Drept și Administrație Publică;Universitatea "Constantin Brâncuşi" din Târgu Jiu;Targu Jiu, Gorj;25;9.40;N/A;3.000 lei;Protecția juridică a persoanei și a patrimoniului său;Public;Acreditat;Drept;Drept;Științe Juridice;Examen;6;19
Facultatea de Științe ale Educației, Drept și Administrație Publică;Universitatea "Constantin Brâncuşi" din Târgu Jiu;Targu Jiu, Gorj;50;8.80;N/A;3.000 lei;Securitate și relații internaționale;Public;Acreditat;Drept european și internațional;Drept;Științe Juridice;Examen;9;41
Facultatea de Științe ale Educației, Drept și Administrație Publică;Universitatea "Constantin Brâncuşi" din Târgu Jiu;Targu Jiu, Gorj;75;9.40;N/A;3.000 lei;Administrarea şi conducerea unităţilor de învăţământ;Public;Acreditat;Administraţie publică;Ştiinţe administrative;Științe Politice și Comunicare;Examen;11;64
Facultatea de Științe ale Educației, Drept și Administrație Publică;Universitatea "Constantin Brâncuşi" din Târgu Jiu;Targu Jiu, Gorj;25;8.89;N/A;3.000 lei;Managementul poliției locale;Public;Acreditat;Resurse umane;Sociologie;Științe Sociale și Psihologie;Examen;4;21
Facultatea de Ştiinţe Economice;Universitatea "Danubius" din Galaţi;Galati, Galati;50;N/A;N/A;4.100 lei;Administrarea Afacerilor în Turism și Industria Ospitalității;Public;Acreditat;Administrarea afacerilor în servicii de ospitalitate;Administrarea afacerilor;Științe Economice;Dosar;25;25
Facultatea de Ştiinţe Economice;Universitatea "Danubius" din Galaţi;Galati, Galati;25;N/A;N/A;4.100 lei;Gestiunea financiară a afacerilor în spațiul european;Public;Acreditat;Contabilitate şi informatică de gestiune;Contabilitate;Științe Economice;Dosar;10;15
Facultatea de Ştiinţe Economice;Universitatea "Danubius" din Galaţi;Galati, Galati;75;N/A;N/A;4.100 lei;Management financiar public și privat;Public;Acreditat;Management;Management;Științe Economice;Examen;30;45
Facultatea de Drept;Universitatea "Danubius" din Galaţi;Galati, Galati;50;N/A;N/A;4.100 lei;Drept și administrație publică europeană;Public;Acreditat;Drept;Drept;Științe Juridice;Dosar;25;25
Facultatea de Ştiinţe Economice;Universitatea "Danubius" din Galaţi;Galati, Galati;25;N/A;N/A;6.000 lei;Managementul afacerilor în comerț și turism (în limba engleză);Public;Acreditat;Management;Management;Științe Economice;Dosar;10;15
Facultatea de Ştiinţe Economice;Universitatea "Danubius" din Galaţi;Galati, Galati;25;N/A;N/A;4.100 lei;Shiping, finanțe și comerț internațional/ Shipping, international trade and finance (intredisciplinar cu domeniul: Finanţe);Public;Acreditat;Administrarea afacerilor în comerţ, turism, servicii, merceologie şi managementul calităţii;Administrarea afacerilor;Științe Economice;Dosar;10;15
Facultatea de Ştiinţe Economice;Universitatea "Danubius" din Galaţi;Galati, Galati;25;N/A;N/A;4.100 lei;Managementul bioeconomiei în contextul creșterii durabile;Public;Acreditat;Managementul dezvoltării rurale durabile;Management;Științe Economice;Dosar;10;15
Facultatea de Drept;Universitatea "Danubius" din Galaţi;Galati, Galati;50;N/A;N/A;4.100 lei;Ştiinţe penale;Public;Acreditat;Drept;Drept;Științe Juridice;Dosar;25;25
Facultatea de Comunicare şi Relaţii Internaționale;Universitatea "Danubius" din Galaţi;Galati, Galati;50;N/A;N/A;4.100 lei;Afaceri și economie internațională (intredisciplinar cu domeniul: Științe ale comunicării);Public;Acreditat;Administrarea afacerilor;Administrarea afacerilor;Științe Economice;Dosar;25;25
Facultatea de Ştiinţe Economice;Universitatea "Danubius" din Galaţi;Galati, Galati;50;N/A;N/A;4.100 lei;Managementul afacerilor în comerț și turism;Public;Acreditat;Management;Management;Științe Economice;Dosar;25;25
Facultatea de Drept;Universitatea "Danubius" din Galaţi;Galati, Galati;25;N/A;N/A;4.100 lei;Dreptul Uniunii Europene;Public;Acreditat;Drept european și internațional;Drept;Științe Juridice;Dosar;10;15
Facultatea de Psihologie şi Ştiinţe ale Educaţiei;Universitatea "Dimitrie Cantemir" din Târgu Mureş;Targu Mures, Mures;N/A;N/A;N/A;2.700 lei;Asigurare calității învățământului;Public;Acreditat;Psihologie;Psihologie;Științe Sociale și Psihologie;Dosar;0;0
Facultatea de Geografie;Universitatea "Dimitrie Cantemir" din Târgu Mureş;Targu Mures, Mures;N/A;N/A;N/A;2.700 lei;Resurse turistice și protecția mediului;Public;Acreditat;Geografia turismului;Geografie;Științe ale Naturii;Dosar;0;0
Facultatea de Drept;Universitatea "Dimitrie Cantemir" din Târgu Mureş;Targu Mures, Mures;N/A;N/A;N/A;5.000 lei;Proceduri judiciare și profesii liberale;Public;Acreditat;Drept;Drept;Științe Juridice;Examen;0;0
Facultatea de Psihologie şi Ştiinţe ale Educaţiei;Universitatea "Dimitrie Cantemir" din Târgu Mureş;Targu Mures, Mures;N/A;N/A;N/A;2.700 lei;Managementul resurselor umane;Public;Acreditat;Psihologie;Psihologie;Științe Sociale și Psihologie;Dosar;0;0
Facultatea de Psihologie şi Ştiinţe ale Educaţiei;Universitatea "Dimitrie Cantemir" din Târgu Mureş;Targu Mures, Mures;N/A;N/A;N/A;2.700 lei;Psihologie clinică și tehnici de intervenție prin consiliere și psihoterapie;Public;Acreditat;Psihologie;Psihologie;Științe Sociale și Psihologie;Dosar;0;0
Facultatea de Inginerie;Universitatea "Dunărea de Jos" din Galaţi;Galati, Galati;88;N/A;N/A;3.000 lei;Dezvoltare durabilă și securitate în industrie (în limba engleză);Public;Acreditat;Ingineria şi protecţia mediului în industrie;Ingineria mediului;Științe Inginerești;Dosar;22;66
Facultatea de Ştiinţa şi Ingineria Alimentelor;Universitatea "Dunărea de Jos" din Galaţi;Galati, Galati;40;N/A;N/A;3.000 lei;Ştiinţa şi Ingineria Alimentelor;Public;Acreditat;Ingineria produselor alimentare;Ingineria produselor alimentare;Științe Agricole;Examen;17;23
Facultatea de Ştiinţa şi Ingineria Alimentelor;Universitatea "Dunărea de Jos" din Galaţi;Galati, Galati;50;8.25;0.36;3.000 lei;Controlul şi Expertizarea Calităţii Mediului;Public;Acreditat;Ştiinţa mediului;Ştiinţa mediului;Științe ale Naturii;Examen;20;30
Facultatea de Științe Juridice, Sociale și Politice;Universitatea "Dunărea de Jos" din Galaţi;Galati, Galati;28;N/A;N/A;3.000 lei;Dreptul European al Afacerilor;Public;Acreditat;Afaceri internaţionale;Economie şi afaceri internaţionale;Științe Economice;Examen;26;2
Facultatea de Ştiinţe și Mediu;Universitatea "Dunărea de Jos" din Galaţi;Galati, Galati;50;N/A;N/A;3.000 lei;Științe- Abordarea Integrată a Științelor Naturii;Public;Acreditat;Ştiinţa mediului;Ştiinţa mediului;Științe ale Naturii;Examen;0;50
Facultatea de Economie și Administrarea Afacerilor;Universitatea "Dunărea de Jos" din Galaţi;Galati, Galati;50;N/A;N/A;3.000 lei;Management Financiar şi Bancar;Public;Acreditat;Management;Management;Științe Economice;Examen;20;30
Facultatea de Economie și Administrarea Afacerilor;Universitatea "Dunărea de Jos" din Galaţi;Galati, Galati;48;N/A;N/A;3.000 lei;Economie şi Administrarea Afacerilor (în limba engleză);Public;Acreditat;Economie generală;Economie;Științe Economice;Examen;12;36
Facultatea de Automatică, Calculatoare, Inginerie Electrică şi Electronică;Universitatea "Dunărea de Jos" din Galaţi;Galati, Galati;47;N/A;N/A;3.000 lei;Utilizarea Eficientă a Energiei şi Surse Regenerabile;Public;Acreditat;Electronică de putere şi acţionări electrice;Inginerie electrică;Științe Inginerești;Examen;27;20
Facultatea de Educaţie Fizică și Sport;Universitatea "Dunărea de Jos" din Galaţi;Galati, Galati;50;N/A;N/A;3.000 lei;Management Educaţional;Public;Acreditat;Management;Management;Științe Economice;Examen;15;35
Facultatea Transfrontalieră de Ştiinţe Umaniste, Economice şi Inginereşti;Universitatea "Dunărea de Jos" din Galaţi;Galati, Galati;N/A;N/A;N/A;3.000 lei;Contabilitate şi Audit;Public;Acreditat;Contabilitate şi informatică de gestiune;Contabilitate;Științe Economice;Dosar;0;0
Facultatea de Inginerie;Universitatea "Dunărea de Jos" din Galaţi;Galati, Galati;88;N/A;N/A;3.000 lei;Nanotehnologii şi materiale multifuncţionale;Public;Acreditat;Ştiinţa materialelor;Ingineria materialelor;Științe Inginerești;Dosar;22;66
Facultatea de Inginerie;Universitatea "Dunărea de Jos" din Galaţi;Galati, Galati;60;6.64;0.75;3.000 lei;Managementul calității în inginerie industrială;Public;Acreditat;Ingineria şi managementul calităţii;Inginerie industrială;Științe Inginerești;Dosar;25;35
Facultatea de Inginerie;Universitatea "Dunărea de Jos" din Galaţi;Galati, Galati;88;6.67;0.23;3.000 lei;Materiale avansate și tehnologii inovative;Public;Acreditat;Ştiinţa materialelor;Ingineria materialelor;Științe Inginerești;Dosar;22;66
Facultatea de Ştiinţa şi Ingineria Alimentelor;Universitatea "Dunărea de Jos" din Galaţi;Galati, Galati;50;8.72;0.32;3.000 lei;Inginerie şi management în alimentaţia publică şi agroturism;Public;Acreditat;Inginerie şi management în alimentaţia publică şi agroturism;Inginerie şi management în agricultură și dezvoltare rurală;Științe Agricole;Examen;25;25
Facultatea de Economie și Administrarea Afacerilor;Universitatea "Dunărea de Jos" din Galaţi;Galati, Galati;50;N/A;N/A;3.000 lei;Administrarea Afacerilor Internaţionale;Public;Acreditat;Administrarea afacerilor;Administrarea afacerilor;Științe Economice;Examen;20;30
Facultatea de Automatică, Calculatoare, Inginerie Electrică şi Electronică;Universitatea "Dunărea de Jos" din Galaţi;Galati, Galati;47;N/A;N/A;3.000 lei;Sisteme Informatice de Conducere Avansată;Public;Acreditat;Automatică şi informatică aplicată;Ingineria sistemelor și inginerie mecanică;Științe Inginerești;Examen;26;21
Facultatea de Educaţie Fizică și Sport;Universitatea "Dunărea de Jos" din Galaţi;Galati, Galati;50;N/A;N/A;3.000 lei;Kinetoterapie la domiciliu;Public;Acreditat;Kinetoterapie și motricitate specială;Știința sportului și educației fizice;Ştiinţa Sportului şi Educaţiei Fizice;Examen;19;31
Facultatea Transfrontalieră de Ştiinţe Umaniste, Economice şi Inginereşti;Universitatea "Dunărea de Jos" din Galaţi;Galati, Galati;N/A;N/A;N/A;3.000 lei;Modelare şi Simulare în Inginerie Mecanică;Public;Acreditat;Inginerie mecanică;Ingineria sistemelor și inginerie mecanică;Științe Inginerești;Dosar;0;0
Facultatea Transfrontalieră de Ştiinţe Umaniste, Economice şi Inginereşti;Universitatea "Dunărea de Jos" din Galaţi;Galati, Galati;N/A;N/A;N/A;3.000 lei;Loisir - Fitness;Public;Acreditat;Educație fizică și sportivă ;Știința sportului și educației fizice;Ştiinţa Sportului şi Educaţiei Fizice;Dosar;0;0
Facultatea de Litere;Universitatea "Dunărea de Jos" din Galaţi;Galati, Galati;50;N/A;N/A;3.000 lei;Discurs specializat. Terminologii. Traduceri;Public;Acreditat;Traducere și interpretare;Filologie;Științe Umaniste;Examen;25;25
Facultatea de Inginerie;Universitatea "Dunărea de Jos" din Galaţi;Galati, Galati;35;6.54;1.00;3.000 lei;Modelare și Simulare în Inginerie Mecanică;Public;Acreditat;Inginerie mecanică;Ingineria sistemelor și inginerie mecanică;Științe Inginerești;Dosar;25;10
Facultatea de Ştiinţa şi Ingineria Alimentelor;Universitatea "Dunărea de Jos" din Galaţi;Galati, Galati;40;8.25;0.45;3.000 lei;Controlul, Expertizarea şi Siguranţa Alimentelor;Public;Acreditat;Controlul şi expertiza produselor alimentare;Ingineria produselor alimentare;Științe Agricole;Examen;18;22
Facultatea de Inginerie;Universitatea "Dunărea de Jos" din Galaţi;Galati, Galati;35;N/A;N/A;3.000 lei;Materiale și Ingineria Fabricării- Materials and manufactoring engineering (în limba engleză);Public;Acreditat;Inginerie mecanică;Ingineria sistemelor și inginerie mecanică;Științe Inginerești;Dosar;25;10
Facultatea de Economie și Administrarea Afacerilor;Universitatea "Dunărea de Jos" din Galaţi;Galati, Galati;50;N/A;N/A;3.000 lei;Administrarea și Dezvoltarea Afacerilor în Turism;Public;Acreditat;Economia comerţului, turismului şi serviciilor;Administrarea afacerilor;Științe Economice;Examen;20;30
Facultatea de Economie și Administrarea Afacerilor;Universitatea "Dunărea de Jos" din Galaţi;Galati, Galati;50;N/A;N/A;3.000 lei;Contabilitate şi Audit;Public;Acreditat;Contabilitate şi informatică de gestiune;Contabilitate;Științe Economice;Examen;21;29
Facultatea de Economie și Administrarea Afacerilor;Universitatea "Dunărea de Jos" din Galaţi;Galati, Galati;50;N/A;N/A;3.000 lei;Marketing şi Comunicare în Afaceri;Public;Acreditat;Marketing;Marketing;Științe Economice;Examen;20;30
Facultatea de Automatică, Calculatoare, Inginerie Electrică şi Electronică;Universitatea "Dunărea de Jos" din Galaţi;Galati, Galati;46;N/A;N/A;3.000 lei;Tehnologii Informatice Avansate;Public;Acreditat;Automatică şi informatică aplicată;Ingineria sistemelor și inginerie mecanică;Științe Inginerești;Examen;26;20
Facultatea de Ştiinţe și Mediu;Universitatea "Dunărea de Jos" din Galaţi;Galati, Galati;50;N/A;N/A;3.000 lei;Matematică Didactică;Public;Acreditat;Matematică;Matematică;Științe Exacte;Examen;21;29
Facultatea Transfrontalieră de Ştiinţe Umaniste, Economice şi Inginereşti;Universitatea "Dunărea de Jos" din Galaţi;Galati, Galati;N/A;N/A;N/A;3.000 lei;Spaţiul Românesc Între Orient şi Occident;Public;Acreditat;Istorie;Istorie;Științe Umaniste;Dosar;0;0
Facultatea de Istorie, Filosofie şi Teologie;Universitatea "Dunărea de Jos" din Galaţi;Galati, Galati;45;N/A;N/A;3.000 lei;Spiritualitatea ortodoxă și asistență socială;Public;Acreditat;Teologie asistenţă socială;Teologie;Teologie;Examen;15;30
Facultatea de Arhitectură Navală;Universitatea "Dunărea de Jos" din Galaţi;Galati, Galati;90;N/A;N/A;3.000 lei;Arhitectură navală (în limba engleză);Public;Acreditat;Arhitectură navală;Arhitectură navală;Științe Inginerești;Dosar;85;5
Facultatea de Ştiinţa şi Ingineria Alimentelor;Universitatea "Dunărea de Jos" din Galaţi;Galati, Galati;47;N/A;N/A;3.000 lei;Biotehnologia resurselor naturale;Public;Acreditat;Inginerie genetică;Biotehnologii;Științe Agricole;Examen;18;29
Facultatea de Economie și Administrarea Afacerilor;Universitatea "Dunărea de Jos" din Galaţi;Galati, Galati;50;N/A;N/A;3.000 lei;Strategii şi Politici Manageriale;Public;Acreditat;Management;Management;Științe Economice;Examen;20;30
Facultatea de Economie și Administrarea Afacerilor;Universitatea "Dunărea de Jos" din Galaţi;Galati, Galati;50;N/A;N/A;3.000 lei;Sisteme Informatice pentru Managementul Resurselor;Public;Acreditat;Informatică economică;Informatică economică;Științe Economice;Examen;19;31
Facultatea de Științe Juridice, Sociale și Politice;Universitatea "Dunărea de Jos" din Galaţi;Galati, Galati;50;N/A;N/A;3.000 lei;Administrație Publică și Integrare Europeană;Public;Acreditat;Administraţie publică;Ştiinţe administrative;Științe Politice și Comunicare;Examen;28;22
Facultatea de Automatică, Calculatoare, Inginerie Electrică şi Electronică;Universitatea "Dunărea de Jos" din Galaţi;Galati, Galati;46;N/A;N/A;3.000 lei;Electronică de Putere şi Sisteme Avansate de Conversie;Public;Acreditat;Electronică aplicată;Inginerie electronică, telecomunicații și tehnologii informaționale;Științe Inginerești;Examen;26;20
Facultatea de Educaţie Fizică și Sport;Universitatea "Dunărea de Jos" din Galaţi;Galati, Galati;50;N/A;N/A;3.000 lei;Educaţie Fizică Școlară şi Management Sportiv;Public;Acreditat;Educație fizică și sportivă ;Știința sportului și educației fizice;Ştiinţa Sportului şi Educaţiei Fizice;Examen;25;25
Facultatea de Inginerie şi Agronomie din Brăila;Universitatea "Dunărea de Jos" din Galaţi;Braila, Braila;40;N/A;N/A;3.000 lei;Ingineria și Protecția Mediului;Public;Acreditat;Ingineria şi protecţia mediului în industrie;Ingineria mediului;Științe Inginerești;Examen;25;15
Facultatea Transfrontalieră de Ştiinţe Umaniste, Economice şi Inginereşti;Universitatea "Dunărea de Jos" din Galaţi;Galati, Galati;40;N/A;N/A;3.000 lei;Adminstrație Publică şi Integrare Europeană;Public;Acreditat;Administraţie publică;Ştiinţe administrative;Științe Politice și Comunicare;Dosar;15;25
Facultatea Transfrontalieră de Ştiinţe Umaniste, Economice şi Inginereşti;Universitatea "Dunărea de Jos" din Galaţi;Galati, Galati;N/A;N/A;N/A;3.000 lei;Drept European al Afacerilor;Public;Acreditat;Administrarea afacerilor;Administrarea afacerilor;Științe Economice;Dosar;0;0
Facultatea de Litere;Universitatea "Dunărea de Jos" din Galaţi;Galati, Galati;50;N/A;N/A;3.000 lei;Identitate, interculturalitate și multiculturalism în literatura română și europeană;Public;Acreditat;Limba şi literatura română;Filologie;Științe Umaniste;Examen;25;25
Facultatea de Istorie, Filosofie şi Teologie;Universitatea "Dunărea de Jos" din Galaţi;Galati, Galati;42;N/A;N/A;3.000 lei;Geopolitică şi interferenţe sociale şi culturale est-europene;Public;Acreditat;Istorie;Istorie;Științe Umaniste;Examen;27;15
Facultatea de Inginerie;Universitatea "Dunărea de Jos" din Galaţi;Galati, Galati;88;7.15;0.25;3.000 lei;Calitatea mediului și dezvoltare durabilă;Public;Acreditat;Ingineria mediului;Ingineria mediului;Științe Inginerești;Dosar;22;66
Facultatea de Inginerie;Universitatea "Dunărea de Jos" din Galaţi;Galati, Galati;33;6.78;0.91;3.000 lei;Sisteme și echipamente termice și protecția mediului;Public;Acreditat;Sisteme şi echipamente termice;Ingineria sistemelor și inginerie mecanică;Științe Inginerești;Dosar;23;10
Facultatea de Ştiinţa şi Ingineria Alimentelor;Universitatea "Dunărea de Jos" din Galaţi;Galati, Galati;50;8.83;0.68;3.000 lei;Nutriţie;Public;Acreditat;Nutriţie şi dietetică;Sănătate;Medicină;Examen;33;17
Facultatea de Ştiinţa şi Ingineria Alimentelor;Universitatea "Dunărea de Jos" din Galaţi;Galati, Galati;40;N/A;N/A;3.000 lei;Ştiinţa şi Ingineria Bioresurselor Acvatice;Public;Acreditat;Ştiinţa mediului;Ştiinţa mediului;Științe ale Naturii;Examen;18;22
Facultatea de Ştiinţe și Mediu;Universitatea "Dunărea de Jos" din Galaţi;Galati, Galati;50;N/A;N/A;3.000 lei;Monitorizarea și Managementul Mediului;Public;Acreditat;Ştiinţa mediului;Ştiinţa mediului;Științe ale Naturii;Examen;32;18
Facultatea de Arte;Universitatea "Dunărea de Jos" din Galaţi;Galati, Galati;15;N/A;N/A;3.000 lei;Teatru Muzical;Public;Acreditat;Artele spectacolului;Teatru şi artele spectacolului;Arte, Arhitectură și Urbanism ;Examen;10;5
Facultatea de Inginerie şi Agronomie din Brăila;Universitatea "Dunărea de Jos" din Galaţi;Braila, Braila;40;N/A;N/A;3.000 lei;Analiză Asistată de Calculator a Dinamicii Mașinilor și Echipamentelor Tehnologice;Public;Acreditat;Inginerie mecanică;Ingineria sistemelor și inginerie mecanică;Științe Inginerești;Examen;25;15
Facultatea Transfrontalieră de Ştiinţe Umaniste, Economice şi Inginereşti;Universitatea "Dunărea de Jos" din Galaţi;Galati, Galati;N/A;N/A;N/A;3.000 lei;Controlul, Expertizarea şi Siguranţa Alimentelor;Public;Acreditat;Controlul şi expertiza produselor alimentare;Ingineria produselor alimentare;Științe Agricole;Dosar;0;0
Facultatea de Litere;Universitatea "Dunărea de Jos" din Galaţi;Galati, Galati;50;N/A;N/A;3.000 lei;Literatură, film şi reprezentări culturale;Public;Acreditat;Limbă şi literatură;Filologie;Științe Umaniste;Examen;25;25
Facultatea de Inginerie şi Management;Universitatea "Eftimie Murgu" din Reşiţa;Resita, Caras-Severin;100;N/A;N/A;2.700 lei;Managementul afacerilor în industrie;Public;Acreditat;Inginerie economică industrială;Inginerie și management;Științe Inginerești;Dosar;23;77
Facultatea de Inginerie şi Management;Universitatea "Eftimie Murgu" din Reşiţa;Resita, Caras-Severin;100;8.00;N/A;2.700 lei;Sisteme electromecanice avansate;Public;Acreditat;Electromecanică;Inginerie electrică;Științe Inginerești;Dosar;23;77
Facultatea de Ştiinţe Economice;Universitatea "Eftimie Murgu" din Reşiţa;Resita, Caras-Severin;50;7.73;0.34;2.700 lei;Expertiză contabilă şi evaluarea firmei;Public;Acreditat;Contabilitate şi informatică de gestiune;Contabilitate;Științe Economice;Dosar;21;29
Facultatea de Inginerie şi Management;Universitatea "Eftimie Murgu" din Reşiţa;Resita, Caras-Severin;60;8.00;N/A;2.700 lei;Concepţia, testarea şi diagnosticarea echipamentelor industriale;Public;Acreditat;Inginerie industrială;Inginerie industrială;Științe Inginerești;Dosar;21;39
Facultatea de Ştiinţe Sociale;Universitatea "Eftimie Murgu" din Reşiţa;Resita, Caras-Severin;99;8.08;0.37;2.700 lei;Administraţie Publică Europeană;Public;Acreditat;Administraţie publică;Ştiinţe administrative;Științe Politice și Comunicare;Dosar;23;76
Facultatea de Ştiinţe Economice;Universitatea "Eftimie Murgu" din Reşiţa;Resita, Caras-Severin;50;7.00;0.58;2.700 lei;Marketing şi comunicare în afaceri;Public;Acreditat;Marketing;Marketing;Științe Economice;Dosar;24;26
Facultatea de Ştiinţe Sociale;Universitatea "Eftimie Murgu" din Reşiţa;Resita, Caras-Severin;50;6.50;0.28;2.700 lei;Studii de teologie pastorală şi misiune creştină;Public;Acreditat;Teologie pastorală;Teologie;Teologie;Dosar;20;30
Facultatea de Inginerie şi Management;Universitatea "Eftimie Murgu" din Reşiţa;Resita, Caras-Severin;N/A;N/A;N/A;2.700 lei;Procesarea avansată a materialelor metalice;Public;Acreditat;Ingineria elaborării materialelor metalice;Ingineria materialelor;Științe Inginerești;Dosar;0;0
Facultatea de Ştiinţe Economice;Universitatea "Eftimie Murgu" din Reşiţa;Resita, Caras-Severin;50;7.66;0.54;2.700 lei;Administrarea afacerilor în turism, comerţ şi servicii;Public;Acreditat;Economia comerţului, turismului şi serviciilor;Administrarea afacerilor;Științe Economice;Dosar;24;26
Facultatea de Ştiinţe Sociale;Universitatea "Eftimie Murgu" din Reşiţa;Resita, Caras-Severin;50;6.50;0.28;2.700 lei;Managementul serviciilor de asistenţă socială;Public;Acreditat;Asistenţă socială;Asistenţă socială;Științe Sociale și Psihologie;Dosar;21;29
Facultatea de Teologie;Universitatea "Emanuel" din Oradea;Oradea, Bihor;N/A;N/A;N/A;200 lei;Programe și proiecte comunitare în asistență socială;Public;Acreditat;Asistenţă socială;Asistenţă socială;Științe Sociale și Psihologie;Examen;0;0
Facultatea de Management;Universitatea "Emanuel" din Oradea;Oradea, Bihor;40;N/A;N/A;200 lei;Management antreprenorial;Public;Acreditat;Management;Management;Științe Economice;Examen;20;20
Facultatea de Teologie;Universitatea "Emanuel" din Oradea;Oradea, Bihor;40;N/A;N/A;200 lei;Teologie pastorală și misiologie;Public;Acreditat;Teologie pastorală;Teologie;Teologie;Examen;20;20
Facultatea de Teologie;Universitatea "Emanuel" din Oradea;Oradea, Bihor;40;N/A;N/A;200 lei;Artă muzicală;Public;Acreditat;Muzică religioasă;Muzică;Arte, Arhitectură și Urbanism ;Examen;20;20
Facultatea de Ştiinţe Economice, Juridice și Administrative;Universitatea "George Bacovia" din Bacău;Bacau, Bacau;50;N/A;N/A;3.500 lei;Diagnostic financiar și auditul firmei;Public;Acreditat;Finanţe şi bănci;Finanţe;Științe Economice;Dosar;25;25
Facultatea de Ştiinţe Economice, Juridice și Administrative;Universitatea "George Bacovia" din Bacău;Bacau, Bacau;50;N/A;N/A;3.500 lei;Managementul instituțiilor din administrația publică;Public;Acreditat;Management;Management;Științe Economice;Dosar;25;25
Facultatea de Ştiinţe Economice, Juridice și Administrative;Universitatea "George Bacovia" din Bacău;Bacau, Bacau;50;N/A;N/A;3.500 lei;Managementul afacerilor;Public;Acreditat;Management;Management;Științe Economice;Dosar;25;25
Facultatea de Ştiinţe Economice, Juridice și Administrative;Universitatea "George Bacovia" din Bacău;Bacau, Bacau;50;N/A;N/A;3.500 lei;Management - marketing;Public;Acreditat;Marketing;Marketing;Științe Economice;Dosar;25;25
Facultatea de Ştiinţe Economice, Juridice și Administrative;Universitatea "George Bacovia" din Bacău;Bacau, Bacau;75;N/A;N/A;3.500 lei;Management financiar contabil;Public;Acreditat;Finanţe şi bănci;Finanţe;Științe Economice;Dosar;30;45
Facultatea de Ştiinţe Economice, Juridice și Administrative;Universitatea "George Bacovia" din Bacău;Bacau, Bacau;N/A;25.00;N/A;3.500 lei;Marketing în afaceri;Public;Acreditat;Marketing;Marketing;Științe Economice;Dosar;0;0
Facultatea de Psihologie și Științe ale Educației;Universitatea "Hyperion" din Bucureşti;Bucuresti, Bucuresti;50;N/A;N/A;2.600 lei;Politici comunitare și intervenții sociale;Public;Acreditat;Sociologie;Sociologie;Științe Sociale și Psihologie;Examen;50;0
Facultatea de Științe Exacte și Inginerești;Universitatea "Hyperion" din Bucureşti;Bucuresti, Bucuresti;50;N/A;N/A;3.200 lei;Managementul proiectelor tehnice și tehnologice;Public;Acreditat;Informatică aplicată;Informatică;Științe Exacte;Examen;0;50
Facultatea de Ştiinţe Economice;Universitatea "Hyperion" din Bucureşti;Bucuresti, Bucuresti;50;N/A;N/A;3.000 lei;Audit financiar-contabil și consiliere;Public;Acreditat;Contabilitate şi informatică de gestiune;Contabilitate;Științe Economice;Examen;0;50
Facultatea de Arte;Universitatea "Hyperion" din Bucureşti;Bucuresti, Bucuresti;30;N/A;N/A;3.600 lei;Arta Actorului. Metode de înnoire a mijloacelor de expresie;Public;Acreditat;Artele spectacolului;Teatru şi artele spectacolului;Arte, Arhitectură și Urbanism ;Examen;0;30
Facultatea de Ştiinţe Economice;Universitatea "Hyperion" din Bucureşti;Bucuresti, Bucuresti;50;N/A;N/A;3.000 lei;Guvernanță economică europeană;Public;Acreditat;Studii europene;Economie şi afaceri internaţionale;Științe Economice;Examen;0;50
Facultatea de Științe Sociale, Umaniste și ale Naturii;Universitatea "Hyperion" din Bucureşti;Bucuresti, Bucuresti;50;N/A;N/A;3.000 lei;Comunicare interculturală și traducere profesională;Public;Acreditat;Traducere și interpretare;Filologie;Științe Umaniste;Examen;0;50
Facultatea de Arte;Universitatea "Hyperion" din Bucureşti;Bucuresti, Bucuresti;30;N/A;N/A;3.600 lei;Dramaturgie cinematografică. Scenaristică film și TV;Public;Acreditat;Cinematografie, fotografie, media;Cinematografie şi media;Arte, Arhitectură și Urbanism ;Dosar;0;30
Facultatea de Ştiinţe Economice;Universitatea "Hyperion" din Bucureşti;Bucuresti, Bucuresti;50;N/A;N/A;3.000 lei;Leadership și managementul resurselor umane;Public;Acreditat;Management;Management;Științe Economice;Examen;0;50
Facultatea de Ştiinţe Economice;Universitatea "Hyperion" din Bucureşti;Bucuresti, Bucuresti;50;N/A;N/A;3.000 lei;Managementul investițiilor;Public;Acreditat;Management;Management;Științe Economice;Examen;0;50
Facultatea de Științe Sociale, Umaniste și ale Naturii;Universitatea "Hyperion" din Bucureşti;Bucuresti, Bucuresti;50;N/A;N/A;2.800 lei;Diplomație culturală;Public;Acreditat;Ştiinţe politice;Ştiinţe politice;Științe Politice și Comunicare;Examen;0;50
Facultatea de Jurnalism;Universitatea "Hyperion" din Bucureşti;Bucuresti, Bucuresti;50;N/A;N/A;3.000 lei;Comunicare mediatică și publicitate;Public;Acreditat;Jurnalism;Ştiinţe ale comunicării;Științe Politice și Comunicare;Examen;0;50
Facultatea de Ştiinţe Juridice;Universitatea "Hyperion" din Bucureşti;Bucuresti, Bucuresti;50;N/A;N/A;N/A;Dreptul penal al afacerilor;Public;Acreditat;Drept;Drept;Științe Juridice;Examen;0;50
Facultatea de Științe Sociale, Umaniste și ale Naturii;Universitatea "Hyperion" din Bucureşti;Bucuresti, Bucuresti;50;N/A;N/A;2.800 lei;Geopolitică, istorie și relații internaționale;Public;Acreditat;Istorie;Istorie;Științe Umaniste;Examen;0;50
Facultatea de Psihologie și Științe ale Educației;Universitatea "Hyperion" din Bucureşti;Bucuresti, Bucuresti;50;N/A;N/A;3.600 lei;Psihologie clinică și consiliere psihologică;Public;Acreditat;Psihologie;Psihologie;Științe Sociale și Psihologie;Examen;0;50
Facultatea de Științe Sociale, Umaniste și ale Naturii;Universitatea "Hyperion" din Bucureşti;Bucuresti, Bucuresti;50;N/A;N/A;2.600 lei;Managementul mediului și dezvoltarea durabilă;Public;Acreditat;Geografie;Geografie;Științe ale Naturii;Examen;0;50
Facultatea de Științe Exacte și Inginerești;Universitatea "Hyperion" din Bucureşti;Bucuresti, Bucuresti;50;N/A;N/A;3.200 lei;Fizica materialelor și aplicații;Public;Acreditat;Fizică;Fizică;Științe Exacte;Examen;50;0
Facultatea de Litere şi Arte;Universitatea "Lucian Blaga" din Sibiu (ULBS);Sibiu, Sibiu;30;N/A;N/A;2.500 lei;Comunicare interculturală în domeniul economic. Limba germană;Public;Acreditat;Limbă şi literatură;Filologie;Științe Umaniste;Dosar;18;12
Facultatea de Litere şi Arte;Universitatea "Lucian Blaga" din Sibiu (ULBS);Sibiu, Sibiu;N/A;N/A;N/A;N/A;Limba şi literatura română;Public;Acreditat;Limba şi literatura română;Filologie;Științe Umaniste;Dosar;0;0
Facultatea de Ştiinţe;Universitatea "Lucian Blaga" din Sibiu (ULBS);Sibiu, Sibiu;30;7.33;0.67;3.200 lei;Biologie aplicată;Public;Acreditat;Biologie;Biologie;Științe ale Naturii;Examen;16;14
Facultatea de Inginerie;Universitatea "Lucian Blaga" din Sibiu (ULBS);Sibiu, Sibiu;40;8.49;0.82;3.600 lei;Managementul afacerilor industriale;Public;Acreditat;Ingineria şi managementul afacerilor;Inginerie și management;Științe Inginerești;Examen;20;20
Facultatea de Inginerie;Universitatea "Lucian Blaga" din Sibiu (ULBS);Sibiu, Sibiu;30;7.20;0.73;3.600 lei;Aplicaţii avansate în inginerie electrică;Public;Acreditat;Inginerie electrică şi calculatoare;Inginerie electrică;Științe Inginerești;Examen;19;11
Facultatea de Ştiinţe Economice;Universitatea "Lucian Blaga" din Sibiu (ULBS);Sibiu, Sibiu;50;N/A;0.50;3.600 lei;Administrarea afacerilor în turism și servicii;Public;Acreditat;Economia comerţului, turismului şi serviciilor;Administrarea afacerilor;Științe Economice;Examen;25;25
Facultatea de Ştiinţe Economice;Universitatea "Lucian Blaga" din Sibiu (ULBS);Sibiu, Sibiu;60;8.80;0.80;3.600 lei;Strategii și politici de management și marketing ale firmei;Public;Acreditat;Management;Management;Științe Economice;Examen;35;25
Facultatea de Drept;Universitatea "Lucian Blaga" din Sibiu (ULBS);Sibiu, Sibiu;39;8.85;0.90;3.000 lei;Drept european;Public;Acreditat;Drept;Drept;Științe Juridice;Examen;14;25
Facultatea de Drept;Universitatea "Lucian Blaga" din Sibiu (ULBS);Sibiu, Sibiu;35;7.96;0.43;3.000 lei;Drept judiciar privat;Public;Acreditat;Drept;Drept;Științe Juridice;Examen;14;21
Facultatea de Teologie;Universitatea "Lucian Blaga" din Sibiu (ULBS);Sibiu, Sibiu;40;9.45;0.55;2.900 lei;Teologie practică;Public;Acreditat;Studii religioase;Teologie;Teologie;Examen;14;26
Facultatea de Litere şi Arte;Universitatea "Lucian Blaga" din Sibiu (ULBS);Sibiu, Sibiu;25;7.00;0.68;3.000 lei;Teoria şi practica traducerii şi a interpretării. Limba franceză;Public;Acreditat;Traducere și interpretare;Filologie;Științe Umaniste;Examen;17;8
Facultatea de Inginerie;Universitatea "Lucian Blaga" din Sibiu (ULBS);Sibiu, Sibiu;30;7.46;0.80;3.600 lei;Embedded Systems;Public;Acreditat;Tehnologia informaţiei;Calculatoare și tehnologia informației;Științe Inginerești;Examen;15;15
Facultatea de Inginerie;Universitatea "Lucian Blaga" din Sibiu (ULBS);Sibiu, Sibiu;40;8.80;0.68;3.600 lei;Sisteme CAD-CAE-CAM în deformarea plastică;Public;Acreditat;Design industrial;Inginerie industrială;Științe Inginerești;Examen;20;20
Facultatea de Ştiinţe Agricole, Industrie Alimentară şi Protecţia Mediului;Universitatea "Lucian Blaga" din Sibiu (ULBS);Sibiu, Sibiu;30;8.60;0.90;2.400 lei;Asigurarea calităţii şi siguranţei alimentelor;Public;Acreditat;Controlul şi expertiza produselor alimentare;Ingineria produselor alimentare;Științe Agricole;Dosar;17;13
Facultatea de Ştiinţe;Universitatea "Lucian Blaga" din Sibiu (ULBS);Sibiu, Sibiu;40;7.78;1.00;3.200 lei;Sisteme şi tehnologii informatice avansate;Public;Acreditat;Automatică şi informatică aplicată;Ingineria sistemelor și inginerie mecanică;Științe Inginerești;Examen;30;10
Facultatea de Inginerie;Universitatea "Lucian Blaga" din Sibiu (ULBS);Sibiu, Sibiu;40;8.80;0.75;3.600 lei;Advanced Computing Systems;Public;Acreditat;Tehnologia informaţiei;Calculatoare și tehnologia informației;Științe Inginerești;Examen;20;20
Facultatea de Ştiinţe Agricole, Industrie Alimentară şi Protecţia Mediului;Universitatea "Lucian Blaga" din Sibiu (ULBS);Sibiu, Sibiu;37;8.00;1.00;2.900 lei;Managementul dezvoltării durabile a zonei rurale;Public;Acreditat;Managementul dezvoltării rurale durabile;Management;Științe Economice;Dosar;14;23
Facultatea de Drept;Universitatea "Lucian Blaga" din Sibiu (ULBS);Sibiu, Sibiu;29;8.83;0.69;3.000 lei;Științe penale;Public;Acreditat;Drept;Drept;Științe Juridice;Examen;14;15
Facultatea de Litere şi Arte;Universitatea "Lucian Blaga" din Sibiu (ULBS);Sibiu, Sibiu;20;N/A;N/A;2.500 lei;Modernism şi postmodernism în literatură;Public;Acreditat;Literatură universală şi comparată;Filologie;Științe Umaniste;Examen;10;10
Facultatea de Inginerie;Universitatea "Lucian Blaga" din Sibiu (ULBS);Sibiu, Sibiu;40;8.00;0.57;3.600 lei;Managementul proiectelor europene;Public;Acreditat;Ingineria şi managementul afacerilor;Inginerie și management;Științe Inginerești;Examen;20;20
Facultatea de Inginerie;Universitatea "Lucian Blaga" din Sibiu (ULBS);Sibiu, Sibiu;30;8.07;0.73;3.600 lei;Logistică industrială;Public;Acreditat;Logistică industrială;Inginerie industrială;Științe Inginerești;Examen;16;14
Facultatea de Ştiinţe Economice;Universitatea "Lucian Blaga" din Sibiu (ULBS);Sibiu, Sibiu;50;9.60;0.96;3.600 lei;Expertiză contabilă și audit;Public;Acreditat;Contabilitate şi informatică de gestiune;Contabilitate;Științe Economice;Examen;20;30
Facultatea de Ştiinţe;Universitatea "Lucian Blaga" din Sibiu (ULBS);Sibiu, Sibiu;50;8.75;N/A;3.200 lei;Antrenament şi performanţă;Public;Acreditat;Educație fizică și sportivă ;Știința sportului și educației fizice;Ştiinţa Sportului şi Educaţiei Fizice;Examen;25;25
Facultatea de Teologie;Universitatea "Lucian Blaga" din Sibiu (ULBS);Sibiu, Sibiu;40;9.13;0.57;2.900 lei;Teologie istorică;Public;Acreditat;Studii religioase;Teologie;Teologie;Examen;14;26
Facultatea de Litere şi Arte;Universitatea "Lucian Blaga" din Sibiu (ULBS);Sibiu, Sibiu;27;8.92;0.85;3.000 lei;Limba şi literatura engleză;Public;Acreditat;Limbă şi literatură;Filologie;Științe Umaniste;Dosar;13;14
Facultatea de Litere şi Arte;Universitatea "Lucian Blaga" din Sibiu (ULBS);Sibiu, Sibiu;15;N/A;N/A;2.500 lei;Teoria şi practica managementului instituţiilor şi evenimentelor culturale;Public;Acreditat;Artele spectacolului;Teatru şi artele spectacolului;Arte, Arhitectură și Urbanism ;Examen;10;5
Facultatea de Ştiinţe;Universitatea "Lucian Blaga" din Sibiu (ULBS);Sibiu, Sibiu;30;6.33;0.70;3.200 lei;Matematică - informatică aplicată;Public;Acreditat;Matematică informatică;Matematică;Științe Exacte;Examen;23;7
Facultatea de Ştiinţe;Universitatea "Lucian Blaga" din Sibiu (ULBS);Sibiu, Sibiu;30;7.79;0.27;3.200 lei;Expertiza şi managementul sistemelor ecologice;Public;Acreditat;Ştiinţa mediului;Ştiinţa mediului;Științe ale Naturii;Examen;20;10
Facultatea de Inginerie;Universitatea "Lucian Blaga" din Sibiu (ULBS);Sibiu, Sibiu;40;6.90;0.78;3.600 lei;Ingineria calculatoarelor în aplicaţii industriale;Public;Acreditat;Tehnologia informaţiei;Calculatoare și tehnologia informației;Științe Inginerești;Examen;20;20
Facultatea de Inginerie;Universitatea "Lucian Blaga" din Sibiu (ULBS);Sibiu, Sibiu;40;8.30;0.75;3.600 lei;Ingineria şi managementul gazelor naturale;Public;Acreditat;Inginerie de petrol şi gaze;Mine, petrol şi gaze;Științe Inginerești;Examen;20;20
Facultatea de Inginerie;Universitatea "Lucian Blaga" din Sibiu (ULBS);Sibiu, Sibiu;40;8.90;1.00;3.600 lei;Managementul calităţii;Public;Acreditat;Inginerie economică industrială;Inginerie și management;Științe Inginerești;Examen;20;20
Facultatea de Drept;Universitatea "Lucian Blaga" din Sibiu (ULBS);Sibiu, Sibiu;25;7.82;0.72;3.000 lei;Managementul poliției locale;Public;Acreditat;Poliţie locală;Ştiinţe administrative;Științe Politice și Comunicare;Examen;10;15
Facultatea de Drept;Universitatea "Lucian Blaga" din Sibiu (ULBS);Sibiu, Sibiu;29;8.80;0.59;3.000 lei;Instituții de drept privat român;Public;Acreditat;Drept;Drept;Științe Juridice;Examen;14;15
Facultatea de Teologie;Universitatea "Lucian Blaga" din Sibiu (ULBS);Sibiu, Sibiu;30;8.90;0.40;2.900 lei;Teologie Sistematică;Public;Acreditat;Studii religioase;Teologie;Teologie;Examen;16;14
Facultatea de Ştiinţe Agricole, Industrie Alimentară şi Protecţia Mediului;Universitatea "Lucian Blaga" din Sibiu (ULBS);Sibiu, Sibiu;27;8.50;0.78;2.900 lei;Managementul protecţiei mediului agricol;Public;Acreditat;Ingineria mediului;Ingineria mediului;Științe Inginerești;Dosar;14;13
Facultatea de Litere şi Arte;Universitatea "Lucian Blaga" din Sibiu (ULBS);Sibiu, Sibiu;N/A;7.80;N/A;3.000 lei;Teoria şi practica traducerii şi a interpretării. Limba engleză;Public;Acreditat;Traducere și interpretare;Filologie;Științe Umaniste;Examen;0;0
Facultatea de Litere şi Arte;Universitatea "Lucian Blaga" din Sibiu (ULBS);Sibiu, Sibiu;15;N/A;N/A;5.000 lei;Arta interpretării caracterelor dramatice;Public;Acreditat;Artele spectacolului;Teatru şi artele spectacolului;Arte, Arhitectură și Urbanism ;Examen;10;5
Facultatea de Inginerie;Universitatea "Lucian Blaga" din Sibiu (ULBS);Sibiu, Sibiu;40;7.90;0.62;3.600 lei;Sisteme şi tehnologii inteligente de fabricaţie;Public;Acreditat;Inginerie mecanică;Ingineria sistemelor și inginerie mecanică;Științe Inginerești;Examen;20;20
Facultatea de Inginerie;Universitatea "Lucian Blaga" din Sibiu (ULBS);Sibiu, Sibiu;30;N/A;N/A;3.200 lei;Managementul securităţii, sănătăţii şi al relaţiilor de muncă;Public;Acreditat;Inginerie economică industrială;Inginerie și management;Științe Inginerești;Dosar;0;30
Facultatea de Inginerie;Universitatea "Lucian Blaga" din Sibiu (ULBS);Sibiu, Sibiu;30;N/A;N/A;3.200 lei;Ingineria şi managementul mediului şi energiilor rgenerabile;Public;Acreditat;Managementul energiei;Inginerie energetică;Științe Inginerești;Dosar;0;30
Facultatea de Drept;Universitatea "Nicolae Titulescu" din Bucureşti;Bucuresti, Bucuresti;50;N/A;N/A;2.800 lei;Carieră judiciară;Public;Acreditat;Drept;Drept;Științe Juridice;Dosar;0;50
Facultatea de Ştiinţe Economice;Universitatea "Nicolae Titulescu" din Bucureşti;Bucuresti, Bucuresti;50;N/A;N/A;2.800 lei;Contabilitatea şi auditul entităţilor economice;Public;Acreditat;Contabilitate şi informatică de gestiune;Contabilitate;Științe Economice;Dosar;0;50
Facultatea de Ştiinţe Economice;Universitatea "Nicolae Titulescu" din Bucureşti;Bucuresti, Bucuresti;50;N/A;N/A;2.800 lei;Management financiar bancar şi bursier;Public;Acreditat;Finanţe şi bănci;Finanţe;Științe Economice;Dosar;0;50
Facultatea de Drept;Universitatea "Nicolae Titulescu" din Bucureşti;Bucuresti, Bucuresti;50;N/A;N/A;2.800 lei;Drept internaţional şi comunitar;Public;Acreditat;Drept;Drept;Științe Juridice;Dosar;0;50
Facultatea de Drept;Universitatea "Nicolae Titulescu" din Bucureşti;Bucuresti, Bucuresti;50;N/A;N/A;2.800 lei;Dreptul afacerilor;Public;Acreditat;Drept;Drept;Științe Juridice;Dosar;0;50
Facultatea de Ştiinţe Economice;Universitatea "Nicolae Titulescu" din Bucureşti;Bucuresti, Bucuresti;50;N/A;N/A;2.800 lei;Audit financiar, control şi audit intern;Public;Acreditat;Contabilitate şi informatică de gestiune;Contabilitate;Științe Economice;Dosar;0;50
Facultatea de Drept;Universitatea "Nicolae Titulescu" din Bucureşti;Bucuresti, Bucuresti;50;N/A;N/A;2.800 lei;Ştiinte penale;Public;Acreditat;Drept;Drept;Științe Juridice;Dosar;0;50
Facultatea de Drept;Universitatea "Nicolae Titulescu" din Bucureşti;Bucuresti, Bucuresti;50;N/A;N/A;2.800 lei;Drept financiar, bancar şi al asigurărilor;Public;Acreditat;Drept;Drept;Științe Juridice;Dosar;0;50
Facultatea de Ştiinţe Economice;Universitatea "Nicolae Titulescu" din Bucureşti;Bucuresti, Bucuresti;50;N/A;N/A;2.800 lei;Antreprenoriat și administrarea afacerilor;Public;Acreditat;Administrarea afacerilor;Administrarea afacerilor;Științe Economice;Dosar;0;50
Facultatea de Relații Internaționale și Administraţie;Universitatea "Nicolae Titulescu" din Bucureşti;Bucuresti, Bucuresti;50;N/A;N/A;2.800 lei;Managementul organizaţiilor şi serviciilor publice;Public;Acreditat;Administraţie publică;Ştiinţe administrative;Științe Politice și Comunicare;Dosar;0;50
Facultatea de Ştiinţe Economice;Universitatea "Ovidius" din Constanţa;Constanta, Constanta;50;8.70;0.56;3.700 lei;Administrarea afacerilor internaționale;Public;Acreditat;Afaceri internaţionale;Economie şi afaceri internaţionale;Științe Economice;Examen;14;36
Facultatea de Ştiinţe Economice;Universitatea "Ovidius" din Constanţa;Constanta, Constanta;50;9.80;0.80;3.700 lei;Contabilitatea și auditul afacerilor;Public;Acreditat;Contabilitate şi informatică de gestiune;Contabilitate;Științe Economice;Examen;14;36
Facultatea de Ştiinţe Economice;Universitatea "Ovidius" din Constanţa;Constanta, Constanta;48;9.50;0.73;3.700 lei;Managementul Organizaţiilor Pubilice şi Private;Public;Acreditat;Afaceri internaţionale;Economie şi afaceri internaţionale;Științe Economice;Examen;14;34
Facultatea de Psihologie şi Ştiinţele Educaţiei;Universitatea "Ovidius" din Constanţa;Constanta, Constanta;N/A;N/A;N/A;N/A;Psihodiagnoză complexă a personalității;Public;Acreditat;Psihologie;Psihologie;Științe Sociale și Psihologie;Examen;0;0
Facultatea de Istorie şi Ştiinţe Politice;Universitatea "Ovidius" din Constanţa;Constanta, Constanta;N/A;8.42;N/A;3.700 lei;Relații internaționale în sec. XIX-XXI. Istorie și diplomație;Public;Acreditat;Relaţii internaţionale şi studii europene;Relații internaționale și studii europene;Științe Politice și Comunicare;Examen;0;0
Facultatea de Psihologie şi Ştiinţele Educaţiei;Universitatea "Ovidius" din Constanţa;Constanta, Constanta;N/A;N/A;N/A;3.400 lei;Management educațional;Public;Acreditat;Pedagogie;Științe ale educației;Științe Politice și Comunicare;Examen;0;0
Facultatea de Educaţie Fizică şi Sport;Universitatea "Ovidius" din Constanţa;Constanta, Constanta;70;8.50;N/A;3.500 lei;Performanță în sport;Public;Acreditat;Sport și performanță motrică ;Știința sportului și educației fizice;Ştiinţa Sportului şi Educaţiei Fizice;Examen;41;29
Facultatea de Litere;Universitatea "Ovidius" din Constanţa;Constanta, Constanta;9;N/A;0.89;3.700 lei;Studii anglo-americane;Public;Acreditat;Studii americane;Studii culturale;Științe Umaniste;Examen;9;0
Facultatea de Științe Aplicate și Inginerie;Universitatea "Ovidius" din Constanţa;Constanta, Constanta;74;7.72;N/A;5.000 lei;Tehnologii și management în prelucrarea petrolului;Public;Acreditat;Prelucrarea petrolului şi petrochimie;Inginerie chimică;Științe Inginerești;Examen;48;26
Facultatea de Științe Aplicate și Inginerie;Universitatea "Ovidius" din Constanţa;Constanta, Constanta;66;8.81;N/A;5.000 lei;Chimia și managementul calității produselor de consum și a mediului;Public;Acreditat;Chimie;Chimie;Științe Exacte;Examen;32;34
Facultatea de Arte;Universitatea "Ovidius" din Constanţa;Constanta, Constanta;20;7.83;N/A;6.500 lei;Arta actorului de music-hall;Public;Acreditat;Artele spectacolului;Teatru şi artele spectacolului;Arte, Arhitectură și Urbanism ;Examen;14;6
Facultatea de Ştiinţe ale Naturii şi Ştiinţe Agricole;Universitatea "Ovidius" din Constanţa;Constanta, Constanta;61;9.09;N/A;3.600 lei;Conservarea biodiversității;Public;Acreditat;Biologie;Biologie;Științe ale Naturii;Examen;22;39
Facultatea de Ştiinţe ale Naturii şi Ştiinţe Agricole;Universitatea "Ovidius" din Constanţa;Constanta, Constanta;55;9.39;N/A;3.600 lei;Agricultură ecologică;Public;Acreditat;Agricultură;Agronomie;Științe Agricole;Examen;10;45
Facultatea de Drept și Ştiinţe Administrative;Universitatea "Ovidius" din Constanţa;Constanta, Constanta;50;9.41;0.42;2.900 lei;Administrație europeană. Instituții și politici publice;Public;Acreditat;Administraţie europeană;Ştiinţe administrative;Științe Politice și Comunicare;Examen;8;42
Facultatea de Inginerie Mecanică, Industrială şi Maritimă;Universitatea "Ovidius" din Constanţa;Constanta, Constanta;55;9.02;N/A;3.600 lei;Ingineria și managementul sistemelor de producție;Public;Acreditat;Inginerie economică industrială;Inginerie și management;Științe Inginerești;Examen;10;45
Facultatea de Construcţii;Universitatea "Ovidius" din Constanţa;Constanta, Constanta;32;7.54;0.53;3.900 lei;Ingineria și managementul proiectelor de construcții;Public;Acreditat;Inginerie economică în construcţii;Inginerie și management;Științe Inginerești;Examen;12;20
Facultatea de Teologie;Universitatea "Ovidius" din Constanţa;Constanta, Constanta;50;8.75;N/A;1.500 lei;Exegeza Biblică;Public;Acreditat;Studii religioase;Teologie;Teologie;Examen;10;40
Facultatea de Ştiinţe Economice;Universitatea "Ovidius" din Constanţa;Constanta, Constanta;49;9.80;0.51;3.700 lei;Administrarea afacerilor în turism, comerț și servicii;Public;Acreditat;Administrarea afacerilor în comerţ, turism, servicii, merceologie şi managementul calităţii;Administrarea afacerilor;Științe Economice;Examen;14;35
Facultatea de Educaţie Fizică şi Sport;Universitatea "Ovidius" din Constanţa;Constanta, Constanta;63;9.00;N/A;3.500 lei;Kinetoterapie, recuperare și reeducare motrică;Public;Acreditat;Kinetoterapie și motricitate specială;Știința sportului și educației fizice;Ştiinţa Sportului şi Educaţiei Fizice;Examen;26;37
Facultatea de Teologie;Universitatea "Ovidius" din Constanţa;Constanta, Constanta;20;9.41;N/A;1.500 lei;Studii Religioase şi Juridico-Canonice ale celor trei mari Religii Monoteiste (Mozaică, Creştină şi Islamică);Public;Acreditat;Studii religioase;Teologie;Teologie;Examen;10;10
Facultatea de Teologie;Universitatea "Ovidius" din Constanţa;Constanta, Constanta;50;9.75;N/A;1.500 lei;Managementul Turismului Religios;Public;Acreditat;Studii religioase;Teologie;Teologie;Examen;9;41
Facultatea de Litere;Universitatea "Ovidius" din Constanţa;Constanta, Constanta;N/A;N/A;N/A;3.700 lei;Studii de românistică;Public;Acreditat;Studii europene;Studii culturale;Științe Umaniste;Examen;0;0
Facultatea de Istorie şi Ştiinţe Politice;Universitatea "Ovidius" din Constanţa;Constanta, Constanta;N/A;7.58;N/A;3.700 lei;Antropologie și istorie europeană;Public;Acreditat;Istorie;Istorie;Științe Umaniste;Examen;0;0
Facultatea de Litere;Universitatea "Ovidius" din Constanţa;Constanta, Constanta;N/A;9.20;N/A;3.400 lei;Comunicare și discurs intercultural în spațiul european;Public;Acreditat;Comunicare şi relaţii publice;Ştiinţe ale comunicării;Științe Politice și Comunicare;Examen;0;0
Facultatea de Științe Aplicate și Inginerie;Universitatea "Ovidius" din Constanţa;Constanta, Constanta;N/A;N/A;N/A;5.000 lei;Fizică și tehnologia materiei condensate;Public;Acreditat;Fizică;Fizică;Științe Exacte;Examen;0;0
Facultatea de Drept și Ştiinţe Administrative;Universitatea "Ovidius" din Constanţa;Constanta, Constanta;50;9.35;0.82;3.100 lei;Drept public;Public;Acreditat;Drept;Drept;Științe Juridice;Examen;6;44
Facultatea de Arte;Universitatea "Ovidius" din Constanţa;Constanta, Constanta;39;6.49;N/A;6.000 lei;Educația vizuală prin studiul peisajului și figurii;Public;Acreditat;Arte plastice;Arte vizuale;Arte, Arhitectură și Urbanism ;Examen;24;15
Facultatea de Construcţii;Universitatea "Ovidius" din Constanţa;Constanta, Constanta;100;N/A;N/A;3.900 lei;Inginerie costieră;Public;Acreditat;Inginerie civilă;Inginerie civilă;Științe Inginerești;Examen;50;50
Facultatea de Ştiinţe Economice;Universitatea "Ovidius" din Constanţa;Constanta, Constanta;49;8.40;0.43;3.700 lei;Finanțe corporative și bănci;Public;Acreditat;Finanţe şi bănci;Finanţe;Științe Economice;Examen;15;34
Facultatea de Medicină;Universitatea "Ovidius" din Constanţa;Constanta, Constanta;N/A;9.56;N/A;4.000 lei;Managementul instituțiilor și al serviciilor medicale și farmaceutice;Public;Acreditat;Medicină;Medicină;Medicină;Examen;0;0
Facultatea de Ştiinţe ale Naturii şi Ştiinţe Agricole;Universitatea "Ovidius" din Constanţa;Constanta, Constanta;60;8.79;N/A;3.600 lei;Analiza și evaluarea impactului de mediu;Public;Acreditat;Ştiinţa mediului;Ştiinţa mediului;Științe ale Naturii;Examen;20;40
Facultatea de Matematică şi Informatică;Universitatea "Ovidius" din Constanţa;Constanta, Constanta;50;N/A;N/A;3.800 lei;Modelare și tehnologii informatice;Public;Acreditat;Informatică;Informatică;Științe Exacte;Examen;15;35
Facultatea de Arte;Universitatea "Ovidius" din Constanţa;Constanta, Constanta;23;8.67;N/A;6.500 lei;Arta spectacolului liric;Public;Acreditat;Artele spectacolului muzical;Muzică;Arte, Arhitectură și Urbanism ;Examen;16;7
Facultatea de Arte;Universitatea "Ovidius" din Constanţa;Constanta, Constanta;32;7.00;N/A;6.000 lei;Arta educației muzicale;Public;Acreditat;Artele spectacolului muzical;Muzică;Arte, Arhitectură și Urbanism ;Examen;24;8
Facultatea de Matematică şi Informatică;Universitatea "Ovidius" din Constanţa;Constanta, Constanta;10;N/A;N/A;3.500 lei;Matematici aplicate;Public;Acreditat;Matematici aplicate;Matematică;Științe Exacte;Dosar;0;10
Facultatea de Drept și Ştiinţe Administrative;Universitatea "Ovidius" din Constanţa;Constanta, Constanta;50;9.73;0.74;2.900 lei;Managementul instituțiilor publice;Public;Acreditat;Administraţie publică;Ştiinţe administrative;Științe Politice și Comunicare;Examen;6;44
Facultatea de Construcţii;Universitatea "Ovidius" din Constanţa;Constanta, Constanta;100;N/A;N/A;3.900 lei;Ingineria și managementul resurselor de apă;Public;Acreditat;Inginerie civilă;Inginerie civilă și instalații;Științe Inginerești;Examen;50;50
Facultatea de Inginerie Mecanică, Industrială şi Maritimă;Universitatea "Ovidius" din Constanţa;Constanta, Constanta;55;8.99;N/A;3.600 lei;Calitate și certificare în construcțiile sudate;Public;Acreditat;Ingineria sudării;Inginerie industrială;Științe Inginerești;Examen;11;44
Facultatea de Ştiinţe Economice;Universitatea "Ovidius" din Constanţa;Constanta, Constanta;46;9.10;0.61;3.700 lei;Administrarea și auditul proiectelor de afaceri;Public;Acreditat;Administrarea afacerilor;Administrarea afacerilor;Științe Economice;Examen;14;32
Facultatea de Ştiinţe Economice;Universitatea "Ovidius" din Constanţa;Constanta, Constanta;46;8.80;0.57;3.700 lei;Asigurarea calității în afaceri;Public;Acreditat;Administrarea afacerilor;Administrarea afacerilor;Științe Economice;Examen;14;32
Facultatea de Educaţie Fizică şi Sport;Universitatea "Ovidius" din Constanţa;Constanta, Constanta;68;9.25;N/A;3.500 lei;Educație fizică și sport școlar;Public;Acreditat;Educație fizică și sportivă ;Știința sportului și educației fizice;Ştiinţa Sportului şi Educaţiei Fizice;Examen;36;32
Facultatea de Teologie;Universitatea "Ovidius" din Constanţa;Constanta, Constanta;50;9.48;N/A;1.500 lei;Teologie Ortodoxă. Strategii de Comunicare;Public;Acreditat;Studii religioase;Teologie;Teologie;Examen;9;41
Facultatea de Litere;Universitatea "Ovidius" din Constanţa;Constanta, Constanta;N/A;N/A;N/A;3.700 lei;Limba franceză și plurilingvism în spațiul european;Public;Acreditat;Studii europene;Studii culturale;Științe Umaniste;Examen;0;0
Facultatea de Litere;Universitatea "Ovidius" din Constanţa;Constanta, Constanta;N/A;N/A;N/A;3.400 lei;Traductologie, terminologie, comunicare;Public;Acreditat;Traducere și interpretare;Filologie;Științe Umaniste;Examen;0;0
Facultatea de Litere;Universitatea "Ovidius" din Constanţa;Constanta, Constanta;N/A;N/A;N/A;3.400 lei;Jurnalism regional;Public;Acreditat;Jurnalism;Ştiinţe ale comunicării;Științe Politice și Comunicare;Examen;0;0
Facultatea de Științe Aplicate și Inginerie;Universitatea "Ovidius" din Constanţa;Constanta, Constanta;66;7.52;N/A;5.000 lei;Ingineria sistemelor cu surse energetice regenerabile;Public;Acreditat;Inginerie civilă;Inginerie civilă;Științe Inginerești;Examen;33;33
Facultatea de Matematică şi Informatică;Universitatea "Ovidius" din Constanţa;Constanta, Constanta;50;8.48;N/A;3.800 lei;Matematică didactică;Public;Acreditat;Matematică;Matematică;Științe Exacte;Examen;15;35
Facultatea de Inginerie Mecanică, Industrială şi Maritimă;Universitatea "Ovidius" din Constanţa;Constanta, Constanta;56;7.56;N/A;3.600 lei;Ingineria și managementul sistemelor și echipamentelor navale;Public;Acreditat;Navigaţie, hidrografie şi echipamente navale;Inginerie marină şi navigaţie;Științe Inginerești;Examen;13;43
Facultatea de Drept și Ştiinţe Administrative;Universitatea "Ovidius" din Constanţa;Constanta, Constanta;50;9.45;0.46;3.100 lei;Drept maritim;Public;Acreditat;Drept;Drept;Științe Juridice;Examen;7;43
Facultatea de Drept și Ştiinţe Administrative;Universitatea "Ovidius" din Constanţa;Constanta, Constanta;50;9.70;0.78;3.100 lei;Științe penale;Public;Acreditat;Drept;Drept;Științe Juridice;Examen;6;44
Facultatea de Ştiinţe ale Naturii şi Ştiinţe Agricole;Universitatea "Ovidius" din Constanţa;Constanta, Constanta;85;9.19;N/A;3.600 lei;Geografie aplicată și evaluarea resurselor turistice;Public;Autorizat;Geografia turismului;Geografie;Științe ale Naturii;Examen;22;63
Facultatea de Ştiinţe Economice;Universitatea "Ovidius" din Constanţa;Constanta, Constanta;48;9.60;0.62;3.700 lei;Tehnici contabile și financiare pentru gestiunea afacerilor;Public;Acreditat;Contabilitate şi informatică de gestiune;Contabilitate;Științe Economice;Examen;14;34
Facultatea de Psihologie şi Ştiinţele Educaţiei;Universitatea "Ovidius" din Constanţa;Constanta, Constanta;N/A;N/A;N/A;3.000 lei;Terapii și compensare în tulburările de comunicare;Public;Acreditat;Psihologie;Psihologie;Științe Sociale și Psihologie;Examen;0;0
Facultatea de Matematică şi Informatică;Universitatea "Ovidius" din Constanţa;Constanta, Constanta;50;9.35;N/A;3.800 lei;Medii virtuale multi-modale distribuite;Public;Acreditat;Informatică;Informatică;Științe Exacte;Examen;15;35
Facultatea de Ştiinţe ale Naturii şi Ştiinţe Agricole;Universitatea "Ovidius" din Constanţa;Constanta, Constanta;55;9.69;N/A;3.600 lei;Controlul și monitorizarea produselor agricole;Public;Acreditat;Agricultură;Agronomie;Științe Agricole;Examen;10;45
Facultatea de Construcţii;Universitatea "Ovidius" din Constanţa;Constanta, Constanta;28;8.24;0.39;3.900 lei;Ingineria structurilor de construcții;Public;Acreditat;Inginerie civilă;Inginerie civilă și instalații;Științe Inginerești;Examen;12;16
Facultatea de Inginerie Mecanică, Industrială şi Maritimă;Universitatea "Ovidius" din Constanţa;Constanta, Constanta;56;7.72;N/A;3.600 lei;Optimizarea tehnologiilor portuare și a funcționării utilajelor;Public;Acreditat;Instalații și echipamente portuare și marine;Ingineria sistemelor și inginerie mecanică;Științe Inginerești;Examen;12;44
Facultatea de Teologie;Universitatea "Ovidius" din Constanţa;Constanta, Constanta;50;9.71;N/A;1.500 lei;Pastoraţie şi viaţă liturgică;Public;Acreditat;Teologie pastorală;Teologie;Teologie;Examen;10;40
Facultatea de Drept și Ştiinţe Administrative;Universitatea "Ovidius" din Constanţa;Constanta, Constanta;50;9.50;0.20;3.100 lei;Proceduri judiciare de drept privat și profesii juridice;Public;Acreditat;Drept;Drept;Științe Juridice;Examen;6;44
Facultatea de Economie;Universitatea "Petre Andrei" din Iaşi;Iasi, Iasi;50;N/A;N/A;4.700 lei;Managementul economico-financiar european;Public;Acreditat;Finanţe şi bănci;Finanţe;Științe Economice;Dosar;0;50
Facultatea de Psihologie, Ştiinţele Educaţiei și Asistență Socială;Universitatea "Petre Andrei" din Iaşi;Iasi, Iasi;50;N/A;N/A;4.700 lei;Consiliere educaţională şi intervenţie în orientarea şcolară şi vocaţională;Public;Acreditat;Terapie ocupaţională;Psihologie;Științe Sociale și Psihologie;Dosar;0;50
Facultatea de Psihologie, Ştiinţele Educaţiei și Asistență Socială;Universitatea "Petre Andrei" din Iaşi;Iasi, Iasi;50;N/A;N/A;4.700 lei;Psihologie politică şi leadership;Public;Acreditat;Ştiinţe politice;Ştiinţe politice;Științe Politice și Comunicare;Dosar;0;50
Facultatea de Psihologie, Ştiinţele Educaţiei și Asistență Socială;Universitatea "Petre Andrei" din Iaşi;Iasi, Iasi;50;N/A;N/A;4.700 lei;Managementul resurselor umane;Public;Acreditat;Psihologie;Psihologie;Științe Sociale și Psihologie;Dosar;0;50
Facultatea de Drept;Universitatea "Petre Andrei" din Iaşi;Iasi, Iasi;50;N/A;N/A;4.700 lei;Drept European;Public;Acreditat;Drept european și internațional;Drept;Științe Juridice;Dosar;0;50
Facultatea de Psihologie, Ştiinţele Educaţiei și Asistență Socială;Universitatea "Petre Andrei" din Iaşi;Iasi, Iasi;50;N/A;N/A;4.700 lei;Management educaţional;Public;Acreditat;Pedagogie;Științe ale educației;Științe Politice și Comunicare;Dosar;0;50
Facultatea de Drept;Universitatea "Petre Andrei" din Iaşi;Iasi, Iasi;50;N/A;N/A;4.700 lei;Dreptul Afacerilor;Public;Acreditat;Drept;Drept;Științe Juridice;Dosar;0;50
Facultatea de Drept;Universitatea "Petre Andrei" din Iaşi;Iasi, Iasi;50;N/A;N/A;4.700 lei;Dreptul administraţiei publice;Public;Acreditat;Drept;Drept;Științe Juridice;Dosar;0;50
Facultatea de Drept;Universitatea "Petre Andrei" din Iaşi;Iasi, Iasi;50;N/A;N/A;4.700 lei;Ştiinţe penale;Public;Acreditat;Drept;Drept;Științe Juridice;Dosar;0;50
Facultatea de Psihologie, Ştiinţele Educaţiei și Asistență Socială;Universitatea "Petre Andrei" din Iaşi;Iasi, Iasi;50;N/A;N/A;4.700 lei;Mediere şi consiliere psihosocială în probaţiune şi securitate privată;Public;Acreditat;Sociologie;Sociologie;Științe Sociale și Psihologie;Dosar;0;50
Facultatea de Ştiinţe şi Litere;Universitatea "Petru Maior" din Târgu Mureş;Targu Mures, Mures;98;N/A;N/A;3.400 lei;Istoria mondială, sisteme şi relaţii internaţionale;Public;Acreditat;Istorie;Istorie;Științe Umaniste;Examen;27;71
Facultatea de Ştiinţe Economice, Juridice şi Administrative;Universitatea "Petru Maior" din Târgu Mureş;Targu Mures, Mures;35;N/A;N/A;3.400 lei;Administrarea afacerilor în comerţ, turism şi servicii;Public;Acreditat;Administrarea afacerilor în comerţ, turism, servicii, merceologie şi managementul calităţii;Administrarea afacerilor;Științe Economice;Examen;2;33
Facultatea de Inginerie;Universitatea "Petru Maior" din Târgu Mureş;Targu Mures, Mures;5;N/A;N/A;3.400 lei;Managementul sistemelor calităţii;Public;Acreditat;Ingineria şi managementul afacerilor;Inginerie și management;Științe Inginerești;Examen;1;4
Facultatea de Ştiinţe Economice, Juridice şi Administrative;Universitatea "Petru Maior" din Târgu Mureş;Targu Mures, Mures;50;6.28;0.24;3.200 lei;Gestiune financiar-bancară;Public;Acreditat;Finanţe şi bănci;Finanţe;Științe Economice;Examen;13;37
Facultatea de Ştiinţe Economice, Juridice şi Administrative;Universitatea "Petru Maior" din Târgu Mureş;Targu Mures, Mures;48;8.10;0.46;3.200 lei;Managementul resurselor umane;Public;Acreditat;Management;Management;Științe Economice;Examen;9;39
Facultatea de Ştiinţe Economice, Juridice şi Administrative;Universitatea "Petru Maior" din Târgu Mureş;Targu Mures, Mures;4;N/A;N/A;3.400 lei;Instituţii judiciare şi profesii liberale;Public;Acreditat;Drept;Drept;Științe Juridice;Examen;1;3
Facultatea de Ştiinţe şi Litere;Universitatea "Petru Maior" din Târgu Mureş;Targu Mures, Mures;11;N/A;N/A;3.400 lei;Tehnologia informaţiei;Public;Acreditat;Informatică;Informatică;Științe Exacte;Examen;2;9
Facultatea de Ştiinţe Economice, Juridice şi Administrative;Universitatea "Petru Maior" din Târgu Mureş;Targu Mures, Mures;18;N/A;N/A;3.400 lei;Managementul afacerilor;Public;Acreditat;Management;Management;Științe Economice;Examen;4;14
Facultatea de Ştiinţe Economice, Juridice şi Administrative;Universitatea "Petru Maior" din Târgu Mureş;Targu Mures, Mures;29;N/A;N/A;3.400 lei;Contabilitate şi audit;Public;Acreditat;Contabilitate şi informatică de gestiune;Contabilitate;Științe Economice;Examen;0;29
Facultatea de Ştiinţe Economice, Juridice şi Administrative;Universitatea "Petru Maior" din Târgu Mureş;Targu Mures, Mures;14;N/A;N/A;3.400 lei;Management profesional european de administraţie publică;Public;Acreditat;Administraţie publică;Ştiinţe administrative;Științe Politice și Comunicare;Examen;6;8
Facultatea de Inginerie;Universitatea "Petru Maior" din Târgu Mureş;Targu Mures, Mures;21;N/A;N/A;3.400 lei;Proiectare şi fabricaţie asistate de calculator;Public;Acreditat;Inginerie industrială;Inginerie industrială;Științe Inginerești;Examen;13;8
Facultatea de Ştiinţe Economice;Universitatea "Româno-Germană" din Sibiu;Sibiu, Sibiu;50;N/A;N/A;2.500 lei;Managementul proiectelor cu finanțare europeană;Public;Acreditat;Management;Management;Științe Economice;Dosar;0;50
Facultatea de Ştiinţe Economice;Universitatea "Româno-Germană" din Sibiu;Sibiu, Sibiu;50;N/A;N/A;2.500 lei;Managementul organizaților;Public;Acreditat;Management;Management;Științe Economice;Dosar;0;50
Facultatea de Ştiinţe Economice;Universitatea "Româno-Germană" din Sibiu;Sibiu, Sibiu;50;N/A;N/A;2.500 lei;Marketing și comunicare în afaceri;Public;Acreditat;Marketing;Marketing;Științe Economice;Dosar;0;50
Facultatea de Ştiinţe Economice;Universitatea "Româno-Germană" din Sibiu;Sibiu, Sibiu;50;N/A;N/A;2.500 lei;Managementul strategic al resurselor umane;Public;Acreditat;Management;Management;Științe Economice;Dosar;0;50
Facultatea de Științe Tehnice și Umaniste din Târgu Mureș;Universitatea "Sapientia" din Cluj-Napoca;Targu Mures, Mures;30;N/A;N/A;3.000 lei;Dezvoltarea aplicaţiilor software;Public;Acreditat;Informatică;Informatică;Științe Exacte;Examen;15;15
Facultatea de Științe Tehnice și Umaniste din Târgu Mureș;Universitatea "Sapientia" din Cluj-Napoca;Targu Mures, Mures;30;N/A;N/A;3.000 lei;Sisteme mecatronice avansate;Public;Acreditat;Mecatronică;Mecatronică și robotică;Științe Inginerești;Examen;15;15
Facultatea de Științe și Arte;Universitatea "Sapientia" din Cluj-Napoca;Cluj-Napoca, Cluj;15;N/A;N/A;3.000 lei;Studii de film;Public;Acreditat;Filmologie;Cinematografie şi media;Arte, Arhitectură și Urbanism ;Examen;9;6
Facultatea de Științe Tehnice și Umaniste din Târgu Mureș;Universitatea "Sapientia" din Cluj-Napoca;Targu Mures, Mures;8;N/A;N/A;3.000 lei;Protecția plantelor;Public;Acreditat;Horticultură;Horticultură;Științe Agricole;Examen;3;5
Facultatea de Litere;Universitatea "Spiru Haret" din Bucureşti;Bucuresti, Bucuresti;150;N/A;N/A;3.600 lei;Limbă şi literatură română – modernizare şi modernitate;Public;Acreditat;Limba şi literatura modernă;Limbă şi literatură;Științe Umaniste;Examen;0;150
Facultatea de Științe Economice;Universitatea "Spiru Haret" din Bucureşti;Bucuresti, Bucuresti;N/A;N/A;N/A;3.600 lei;Marketingul şi managementul serviciilor;Public;Acreditat;Marketing;Marketing;Științe Economice;Dosar;0;0
Facultatea de Științe Economice;Universitatea "Spiru Haret" din Bucureşti;Bucuresti, Bucuresti;300;N/A;N/A;3.600 lei;Contabilitatea agenţilor economici şi a instituţiilor publice;Public;Acreditat;Contabilitate şi informatică de gestiune;Contabilitate;Științe Economice;Dosar;150;150
Facultatea de Științe Economice;Universitatea "Spiru Haret" din Bucureşti;Bucuresti, Bucuresti;200;N/A;N/A;3.600 lei;Valorizarea patrimoniului prin marketingul proiectelor culturale;Public;Acreditat;Marketing;Marketing;Științe Economice;Dosar;100;100
Facultatea de Psihologie şi Științele Educației, Braşov;Universitatea "Spiru Haret" din Bucureşti;Brasov, Brasov;50;N/A;N/A;3.600 lei;Consiliere educaţională (INTERDISCIPLINAR CU DOMENIUL PSIHOLOGIE);Public;Acreditat;Psihopedagogie specială;Științe ale educației;Științe Politice și Comunicare;Dosar;25;25
Facultatea de Științe Juridice, Economice și Administrative - extensie Craiova;Universitatea "Spiru Haret" din Bucureşti;Craiova, Dolj;300;N/A;N/A;3.600 lei;Auditul intern în sistemul public și privat;Public;Acreditat;Economie generală;Economie;Științe Economice;Dosar;150;150
Facultatea de Științe Economice;Universitatea "Spiru Haret" din Bucureşti;Bucuresti, Bucuresti;300;N/A;N/A;3.600 lei;Bănci şi pieţe financiare;Public;Acreditat;Finanţe şi bănci;Finanţe;Științe Economice;Dosar;150;150
Facultatea de Ştiinţe Juridice şi Ştiinţe Economice - extensie Constanța;Universitatea "Spiru Haret" din Bucureşti;Constanta, Constanta;N/A;N/A;N/A;4.500 lei;Managementul financiar-contabil şi auditul afacerilor;Public;Acreditat;Management;Management;Științe Economice;Dosar;0;0
Facultatea de Educaţie Fizică şi Sport;Universitatea "Spiru Haret" din Bucureşti;Bucuresti, Bucuresti;100;N/A;N/A;4.000 lei;Activităţi motrice curriculare şi extracurriculare;Public;Acreditat;Educație fizică și sportivă ;Știința sportului și educației fizice;Ştiinţa Sportului şi Educaţiei Fizice;Examen;0;100
Facultatea de Științe Juridice, Economice și Administrative - extensie Craiova;Universitatea "Spiru Haret" din Bucureşti;Craiova, Dolj;50;N/A;N/A;3.600 lei;Finanțe și administrație publică europeană;Public;Acreditat;Finanţe şi bănci;Finanţe;Științe Economice;Dosar;25;25
Facultatea de Educaţie Fizică şi Sport;Universitatea "Spiru Haret" din Bucureşti;Bucuresti, Bucuresti;100;N/A;0.30;4.000 lei;Educaţie fizică şi antrenament sportiv;Public;Acreditat;Educație fizică și sportivă ;Știința sportului și educației fizice;Ştiinţa Sportului şi Educaţiei Fizice;Examen;0;100
Facultatea de Psihologie și Științele Educației;Universitatea "Spiru Haret" din Bucureşti;Bucuresti, Bucuresti;150;N/A;N/A;3.600 lei;Psihologie judiciară şi victimologie;Public;Acreditat;Psihologie;Psihologie;Științe Sociale și Psihologie;Examen;0;150
Facultatea de Științe Economice;Universitatea "Spiru Haret" din Bucureşti;Bucuresti, Bucuresti;N/A;N/A;N/A;3.600 lei;Marketingul şi managementul operaţiunilor logistice;Public;Acreditat;Marketing;Marketing;Științe Economice;Dosar;0;0
Facultatea de Științe Economice;Universitatea "Spiru Haret" din Bucureşti;Bucuresti, Bucuresti;300;N/A;N/A;3.600 lei;Finanţe, bănci şi asigurări;Public;Acreditat;Finanţe şi bănci;Finanţe;Științe Economice;Dosar;150;150
Facultatea de Ştiinţe Juridice şi Ştiinţe Economice - extensie Constanța;Universitatea "Spiru Haret" din Bucureşti;Constanta, Constanta;200;N/A;N/A;3.600 lei;Ştiinţe penale;Public;Acreditat;Drept;Drept;Științe Juridice;Dosar;100;100
Facultăţii de Jurnalism şi Ştiinţele Comunicării;Universitatea "Spiru Haret" din Bucureşti;Bucuresti, Bucuresti;N/A;N/A;N/A;4.500 lei;Mass-media şi comunicarea în sport;Public;Acreditat;Publicitate;Ştiinţe ale comunicării;Științe Politice și Comunicare;Dosar;0;0
Facultăţii de Jurnalism şi Ştiinţele Comunicării;Universitatea "Spiru Haret" din Bucureşti;Bucuresti, Bucuresti;N/A;N/A;N/A;4.500 lei;Mass-media şi comunicare;Public;Acreditat;Comunicare şi relaţii publice;Ştiinţe ale comunicării;Științe Politice și Comunicare;Dosar;0;0
Facultatea de Științe Socio-Umane;Universitatea "Spiru Haret" din Bucureşti;Bucuresti, Bucuresti;50;N/A;N/A;3.600 lei;Artă muzicală;Public;Acreditat;Pedagogie muzicală;Muzică;Arte, Arhitectură și Urbanism ;Dosar;25;25
Facultatea de Științe Economice;Universitatea "Spiru Haret" din Bucureşti;Bucuresti, Bucuresti;300;N/A;N/A;3.600 lei;Audit financiar contabil;Public;Acreditat;Contabilitate şi informatică de gestiune;Contabilitate;Științe Economice;Dosar;150;150
Facultatea de Ştiinţe Juridice şi Ştiinţe Economice - extensie Constanța;Universitatea "Spiru Haret" din Bucureşti;Constanta, Constanta;50;N/A;N/A;3.600 lei;Contabilitate, expertiză şi audit;Public;Acreditat;Contabilitate şi informatică de gestiune;Contabilitate;Științe Economice;Dosar;25;25
Facultatea de Psihologie și Științele Educației;Universitatea "Spiru Haret" din Bucureşti;Bucuresti, Bucuresti;150;N/A;N/A;3.600 lei;Psihologie clinică şi intervenţie psihologică;Public;Acreditat;Psihologie;Psihologie;Științe Sociale și Psihologie;Examen;0;150
Facultatea de Psihologie şi Științele Educației, Braşov;Universitatea "Spiru Haret" din Bucureşti;Brasov, Brasov;150;N/A;N/A;3.600 lei;Psihologie clinică și intervenție psihologică;Public;Acreditat;Psihologie;Psihologie;Științe Sociale și Psihologie;Dosar;75;75
Facultatea de Inginerie, Informatică și Geografie;Universitatea "Spiru Haret" din Bucureşti;Bucuresti, Bucuresti;50;N/A;N/A;3.600 lei;Tehnologii moderne în ingineria sistemelor informatice;Public;Acreditat;Tehnologia informaţiei;Calculatoare și tehnologia informației;Științe Inginerești;Dosar;25;25
Facultatea de Ştiinţe Juridice şi Ştiinţe Economice - extensie Constanța;Universitatea "Spiru Haret" din Bucureşti;Constanta, Constanta;N/A;N/A;N/A;3.600 lei;Dimensiunea europeană a managementului organizaţiei;Public;Acreditat;Management;Management;Științe Economice;Dosar;0;0
Facultatea de Litere;Universitatea "Spiru Haret" din Bucureşti;Bucuresti, Bucuresti;150;N/A;N/A;3.600 lei;Traducere în domenii de specialitate;Public;Acreditat;Traducere și interpretare;Limbi moderne aplicate;Științe Umaniste;Examen;0;150
Facultatea de Științe Economice;Universitatea "Spiru Haret" din Bucureşti;Bucuresti, Bucuresti;200;N/A;N/A;3.600 lei;Marketing şi relaţii publice în afaceri;Public;Acreditat;Marketing;Marketing;Științe Economice;Dosar;100;100
Facultatea de Științe Economice;Universitatea "Spiru Haret" din Bucureşti;Bucuresti, Bucuresti;50;N/A;N/A;3.600 lei;Managementul şi finanţarea proiectelor publice şi private;Public;Acreditat;Management;Management;Științe Economice;Dosar;25;25
Facultatea de Științe Economice;Universitatea "Spiru Haret" din Bucureşti;Bucuresti, Bucuresti;50;N/A;N/A;3.600 lei;Managementul activităţilor financiar-bancare;Public;Acreditat;Management;Management;Științe Economice;Dosar;25;25
Facultatea de Ştiinţe Juridice şi Ştiinţe Economice - extensie Constanța;Universitatea "Spiru Haret" din Bucureşti;Constanta, Constanta;150;N/A;N/A;3.600 lei;Management organizaţional şi antreprenoriat;Public;Acreditat;Management;Management;Științe Economice;Dosar;75;75
Facultatea de Ştiinţe Juridice şi Ştiinţe Economice - extensie Constanța;Universitatea "Spiru Haret" din Bucureşti;Constanta, Constanta;100;100.00;N/A;3.600 lei;Dialogul social şi comunicarea în relaţiile de muncă;Public;Acreditat;Drept;Drept;Științe Juridice;Dosar;0;100
Facultatea de Științe Economice - extensie Câmpulung Muscel;Universitatea "Spiru Haret" din Bucureşti;Campulung, Arges;300;N/A;N/A;3.600 lei;Contabilitate şi managementul afacerilor;Public;Acreditat;Contabilitate şi informatică de gestiune;Contabilitate;Științe Economice;Dosar;150;150
Facultatea de Științe Juridice, Politice și Administrative;Universitatea "Spiru Haret" din Bucureşti;Bucuresti, Bucuresti;200;N/A;N/A;3.600 lei;Ştiinţe penale;Public;Acreditat;Drept;Drept;Științe Juridice;Dosar;100;100
Facultatea de Educaţie Fizică şi Sport;Universitatea "Spiru Haret" din Bucureşti;Bucuresti, Bucuresti;100;N/A;0.77;4.000 lei;Kinetoterapia în afecţiunile locomotorii;Public;Acreditat;Kinetoterapie și motricitate specială;Știința sportului și educației fizice;Ştiinţa Sportului şi Educaţiei Fizice;Examen;0;100
Facultatea de Psihologie și Științele Educației;Universitatea "Spiru Haret" din Bucureşti;Bucuresti, Bucuresti;150;N/A;N/A;3.600 lei;Psihologie organizațională și managementul resurselor umane;Public;Acreditat;Psihologie;Psihologie;Științe Sociale și Psihologie;Examen;0;150
Facultatea de Științe Juridice, Economice și Administrative - extensie Craiova;Universitatea "Spiru Haret" din Bucureşti;Craiova, Dolj;200;N/A;N/A;3.000 lei;Științe Penale și Criminalistică;Public;Acreditat;Drept;Drept;Științe Juridice;Dosar;0;200
Facultatea de Ştiinţe Juridice şi Ştiinţe Economice - extensie Constanța;Universitatea "Spiru Haret" din Bucureşti;Constanta, Constanta;N/A;N/A;N/A;4.500 lei;Management organizaţional şi antreprenoriat (cu predare în lb. engleză);Public;Acreditat;Management;Management;Științe Economice;Dosar;0;0
Facultatea de Drept şi Administraţie Publică;Universitatea "Tibiscus" din Timişoara;Timisoara, Timis;N/A;N/A;N/A;3.100 lei;Instituţii de drept european;Public;Acreditat;Drept european și internațional;Drept;Științe Juridice;Dosar;0;0
Facultatea de Psihologie;Universitatea "Tibiscus" din Timişoara;Timisoara, Timis;N/A;N/A;N/A;3.100 lei;Psihoterapii şi psihologie clinică;Public;Acreditat;Terapie ocupaţională;Psihologie;Științe Sociale și Psihologie;Dosar;0;0
Facultatea de Ştiinţe Economice;Universitatea "Tibiscus" din Timişoara;Timisoara, Timis;N/A;N/A;N/A;3.100 lei;Auditul şi evaluarea întreprinderii;Public;Acreditat;Contabilitate şi informatică de gestiune;Contabilitate;Științe Economice;Dosar;0;0
Facultatea de Calculatoare şi Informatică Aplicată;Universitatea "Tibiscus" din Timişoara;Timisoara, Timis;N/A;N/A;N/A;3.100 lei;Administrarea sistemelor distribuite;Public;Acreditat;Informatică aplicată;Informatică;Științe Exacte;Dosar;0;0
Facultatea de Calculatoare şi Informatică Aplicată;Universitatea "Tibiscus" din Timişoara;Timisoara, Timis;N/A;N/A;N/A;3.100 lei;Web-design;Public;Acreditat;Informatică aplicată;Informatică;Științe Exacte;Dosar;0;0
Facultatea de Drept;Universitatea "Titu Maiorescu" din Bucureşti;Bucuresti, Bucuresti;50;N/A;0.54;600 lei;Drept Civil și Drept procesual Civil aprofundat;Public;Acreditat;Drept;Drept;Științe Juridice;Examen;0;50
Facultatea de Psihologie;Universitatea "Titu Maiorescu" din Bucureşti;Bucuresti, Bucuresti;50;N/A;0.80;1.000 lei;Psihologie şcolară şi consiliere educaţională;Public;Acreditat;Psihologie;Psihologie;Științe Sociale și Psihologie;Examen;0;50
Facultatea de Psihologie;Universitatea "Titu Maiorescu" din Bucureşti;Bucuresti, Bucuresti;50;N/A;0.50;1.000 lei;Metodologie și psihometrie;Public;Acreditat;Psihologie;Psihologie;Științe Sociale și Psihologie;Examen;0;50
Facultatea de Psihologie;Universitatea "Titu Maiorescu" din Bucureşti;Bucuresti, Bucuresti;50;N/A;0.58;1.600 lei;Psihoterapii cognitiv-comportamentale;Public;Acreditat;Psihologie;Psihologie;Științe Sociale și Psihologie;Examen;0;50
Facultatea de Drept;Universitatea "Titu Maiorescu" din Bucureşti;Bucuresti, Bucuresti;50;N/A;1.18;600 lei;Drept Internațional și european;Public;Acreditat;Drept european și internațional;Drept;Științe Juridice;Examen;0;50
Facultatea de Drept;Universitatea "Titu Maiorescu" din Bucureşti;Bucuresti, Bucuresti;50;N/A;0.60;600 lei;Dreptul Uniunii Europene. Instituții de drept material și procesual european;Public;Acreditat;Drept;Drept;Științe Juridice;Examen;0;50
Facultatea de Drept;Universitatea "Titu Maiorescu" din Bucureşti;Bucuresti, Bucuresti;50;N/A;1.40;600 lei;Dreptul afacerilor;Public;Acreditat;Drept;Drept;Științe Juridice;Examen;0;50
Facultatea de Finanțe-Bănci, Contabilitate și Administrarea Afacerilor;Universitatea "Titu Maiorescu" din Bucureşti;Bucuresti, Bucuresti;50;N/A;0.56;850 lei;Fiscalitate şi politici financiare;Public;Acreditat;Finanţe şi bănci;Finanţe;Științe Economice;Examen;0;50
Facultatea de Psihologie;Universitatea "Titu Maiorescu" din Bucureşti;Bucuresti, Bucuresti;50;N/A;0.98;1.600 lei;Psihologie clinică, hipnoză și intervenții terapeutice de scurtă durată;Public;Acreditat;Psihologie;Psihologie;Științe Sociale și Psihologie;Examen;0;50
Facultatea de Drept;Universitatea "Titu Maiorescu" din Bucureşti;Bucuresti, Bucuresti;50;N/A;0.54;600 lei;Medierea conflictelor în drept;Public;Acreditat;Drept;Drept;Științe Juridice;Examen;0;50
Facultatea de Psihologie;Universitatea "Titu Maiorescu" din Bucureşti;Bucuresti, Bucuresti;50;N/A;N/A;1.600 lei;Psihanaliză;Public;Acreditat;Psihologie;Psihologie;Științe Sociale și Psihologie;Examen;0;50
Facultatea de Psihologie;Universitatea "Titu Maiorescu" din Bucureşti;Bucuresti, Bucuresti;50;N/A;0.56;1.000 lei;Psihologia resurselor umane;Public;Acreditat;Psihologie;Psihologie;Științe Sociale și Psihologie;Examen;0;50
Facultatea de Drept;Universitatea "Titu Maiorescu" din Bucureşti;Bucuresti, Bucuresti;50;N/A;1.00;800 lei;Crimininalistica și psihologia judiciară în investigația penala;Public;Acreditat;Drept;Drept;Științe Juridice;Examen;0;50
Facultatea de Psihologie;Universitatea "Titu Maiorescu" din Bucureşti;Bucuresti, Bucuresti;50;N/A;0.80;1.000 lei;Psihologie judiciară;Public;Acreditat;Psihologie;Psihologie;Științe Sociale și Psihologie;Examen;0;50
Facultatea de Informatică;Universitatea "Titu Maiorescu" din Bucureşti;Bucuresti, Bucuresti;50;N/A;0.94;1.200 lei;Informatică aplicată în imagistică medicală;Public;Acreditat;Informatică;Informatică;Științe Exacte;Examen;0;50
Facultatea de Drept;Universitatea "Titu Maiorescu" din Bucureşti;Bucuresti, Bucuresti;25;N/A;1.20;600 lei;Științe Penale;Public;Acreditat;Drept;Drept;Științe Juridice;Examen;0;25
Facultatea de Drept şi Ştiinţe Economice - Târgu Jiu;Universitatea "Titu Maiorescu" din Bucureşti;Targu Jiu, Gorj;50;N/A;0.60;N/A;Științe penale și criminalistică;Public;Acreditat;Drept;Drept;Științe Juridice;Examen;0;50
Facultatea de Medicină dentară;Universitatea "Titu Maiorescu" din Bucureşti;Bucuresti, Bucuresti;50;N/A;0.90;1.600 lei;Reabilitări orale cu agregare implantară;Public;Acreditat;Medicină dentară ;Medicină dentară;Medicină;Examen;0;50
Facultatea de Informatică;Universitatea "Titu Maiorescu" din Bucureşti;Bucuresti, Bucuresti;50;N/A;0.76;1.000 lei;Securitatea sistemelor informatice şi a reţelelor informaţionale;Public;Acreditat;Informatică;Informatică;Științe Exacte;Examen;0;50
Facultatea de Psihologie;Universitatea "Titu Maiorescu" din Bucureşti;Bucuresti, Bucuresti;50;N/A;0.46;1.000 lei;Psihologia sportului;Public;Acreditat;Psihologie;Psihologie;Științe Sociale și Psihologie;Examen;0;50
Facultatea de Psihologie;Universitatea "Titu Maiorescu" din Bucureşti;Bucuresti, Bucuresti;50;N/A;0.62;1.000 lei;Tehnici de comunicare şi influenţă psihosocială;Public;Acreditat;Psihologie;Psihologie;Științe Sociale și Psihologie;Examen;0;50
Facultatea de Inginerie Electrică şi Ştiinţa Calculatoarelor;Universitatea "Transilvania" din Braşov;Brasov, Brasov;70;7.01;0.63;3.000 lei;Sisteme electronice şi de comunicaţii integrate;Public;Acreditat;Reţele şi software de telecomunicaţii;Inginerie electronică, telecomunicații și tehnologii informaționale;Științe Inginerești;Examen;41;29
Facultatea de Inginerie Mecanică;Universitatea "Transilvania" din Braşov;Brasov, Brasov;40;8.00;0.50;3.000 lei;Simulare şi testare în inginerie mecanică;Public;Acreditat;Inginerie mecanică;Ingineria sistemelor și inginerie mecanică;Științe Inginerești;Examen;20;20
Facultatea de Inginerie Mecanică;Universitatea "Transilvania" din Braşov;Brasov, Brasov;50;8.40;1.00;3.000 lei;Securitate rutieră, transport şi interacţiunea cu mediul;Public;Acreditat;Ingineria transporturilor şi a traficului;Ingineria transporturilor;Științe Inginerești;Examen;36;14
Facultatea de Matematică şi Informatică;Universitatea "Transilvania" din Braşov;Brasov, Brasov;50;8.32;0.50;3.000 lei;Tehnologii internet (Lb. Engleză);Public;Acreditat;Informatică;Informatică;Științe Exacte;Examen;17;33
Facultatea de Ştiinţe Economice şi Administrarea Afacerilor;Universitatea "Transilvania" din Braşov;Brasov, Brasov;75;8.80;0.55;3.500 lei;Politici şi strategii de marketing;Public;Acreditat;Marketing;Marketing;Științe Economice;Examen;30;45
Facultatea de Alimentaţie şi Turism;Universitatea "Transilvania" din Braşov;Brasov, Brasov;60;9.00;0.47;3.000 lei;Sisteme de Procesare şi Controlul Calităţii Produselor Agroalimentare;Public;Acreditat;Controlul şi expertiza produselor alimentare;Ingineria produselor alimentare;Științe Agricole;Examen;25;35
Facultatea de Silvicultură şi Exploatări Forestiere;Universitatea "Transilvania" din Braşov;Brasov, Brasov;48;6.60;0.58;3.000 lei;Managementul Ecosistemelor Forestiere;Public;Acreditat;Exploatări forestiere;Silvicultură;Științe Agricole;Examen;37;11
Facultatea de Drept;Universitatea "Transilvania" din Braşov;Brasov, Brasov;49;10.00;0.47;3.000 lei;Legislaţie comunitară şi carieră judiciară;Public;Acreditat;Drept;Drept;Științe Juridice;Examen;14;35
Facultatea de Litere;Universitatea "Transilvania" din Braşov;Brasov, Brasov;60;8.08;0.50;3.000 lei;Studii de limba şi literatura română;Public;Acreditat;Limba şi literatura română;Filologie;Științe Umaniste;Dosar;31;29
Facultatea de Sociologie şi Comunicare;Universitatea "Transilvania" din Braşov;Brasov, Brasov;50;8.74;0.98;3.000 lei;Gestiunea și dezvoltarea resursei umane;Public;Acreditat;Resurse umane;Sociologie;Științe Sociale și Psihologie;Examen;13;37
Facultatea de Sociologie şi Comunicare;Universitatea "Transilvania" din Braşov;Brasov, Brasov;50;8.52;0.50;3.000 lei;Gestiunea campaniilor de imagine;Public;Acreditat;Sociologie;Sociologie;Științe Sociale și Psihologie;Examen;13;37
Facultatea de Drept;Universitatea "Transilvania" din Braşov;Brasov, Brasov;50;10.00;0.42;3.000 lei;Drept privat aprofundat;Public;Acreditat;Drept;Drept;Științe Juridice;Examen;12;38
Facultatea de Design de Produs şi Mediu;Universitatea "Transilvania" din Braşov;Brasov, Brasov;75;7.39;0.61;3.000 lei;Design de Produs pentru Dezvoltare Durabilă și Protecția Mediului;Public;Acreditat;Ingineria sistemelor de energii regenerabile;Inginerie industrială;Științe Inginerești;Examen;66;9
Facultatea de Alimentaţie şi Turism;Universitatea "Transilvania" din Braşov;Brasov, Brasov;44;7.66;0.68;3.000 lei;Eco-biotehnologii agricole și alimentare;Public;Acreditat;Ingineria produselor alimentare;Ingineria produselor alimentare;Științe Agricole;Examen;14;30
Facultatea de Inginerie Mecanică;Universitatea "Transilvania" din Braşov;Brasov, Brasov;50;7.00;0.72;3.000 lei;Autovehiculul și tehnologiile viitorului;Public;Acreditat;Autovehicule rutiere;Ingineria autovehiculelor;Științe Inginerești;Examen;33;17
Facultatea de Inginerie Mecanică;Universitatea "Transilvania" din Braşov;Brasov, Brasov;50;N/A;0.60;3.000 lei;Autovehiculul și mediul;Public;Acreditat;Autovehicule rutiere;Ingineria autovehiculelor;Științe Inginerești;Examen;0;50
Facultatea de Inginerie Tehnologică şi Management Industrial;Universitatea "Transilvania" din Braşov;Brasov, Brasov;49;8.24;0.57;3.000 lei;Managementul Calităţii;Public;Acreditat;Ingineria şi managementul calităţii;Inginerie industrială;Științe Inginerești;Examen;26;23
Facultatea de Ştiinţa şi Ingineria Materialelor;Universitatea "Transilvania" din Braşov;Brasov, Brasov;50;7.74;0.42;2.800 lei;Ingineria şi managementul materialelor avansate - metalice, ceramice şi compozite;Public;Acreditat;Ştiinţa materialelor;Ingineria materialelor;Științe Inginerești;Examen;23;27
Facultatea de Ştiinţe Economice şi Administrarea Afacerilor;Universitatea "Transilvania" din Braşov;Brasov, Brasov;N/A;N/A;N/A;3.000 lei;Managementul afacerilor;Public;Acreditat;Management;Management;Științe Economice;Dosar;0;0
Facultatea de Educaţie Fizică şi Sporturi Montane;Universitatea "Transilvania" din Braşov;Brasov, Brasov;75;6.84;0.21;3.000 lei;Performanţă sportivă şi management în sport;Public;Acreditat;Educație fizică și sportivă ;Știința sportului și educației fizice;Ştiinţa Sportului şi Educaţiei Fizice;Examen;18;57
Facultatea de Muzică;Universitatea "Transilvania" din Braşov;Brasov, Brasov;25;8.75;0.28;3.000 lei;Meloterapie - Învățământ cu frecvență redusă;Public;Acreditat;Muzicologie;Muzică;Arte, Arhitectură și Urbanism ;Examen;6;19
Facultatea de Ingineria lemnului;Universitatea "Transilvania" din Braşov;Brasov, Brasov;50;7.84;0.24;3.000 lei;Structuri Avansate din Lemn și Tehnologii Inovative;Public;Acreditat;Ingineria prelucrării lemnului;Inginerie forestieră;Științe Agricole;Examen;24;26
Facultatea de Drept;Universitatea "Transilvania" din Braşov;Brasov, Brasov;49;9.00;0.45;3.000 lei;Sisteme şi instituţii de drept internaţional şi comunitar;Public;Acreditat;Drept;Drept;Științe Juridice;Examen;10;39
Facultatea de Alimentaţie şi Turism;Universitatea "Transilvania" din Braşov;Brasov, Brasov;50;7.50;1.00;3.000 lei;Management în ospitalitate și eco-agroturism;Public;Acreditat;Ingineria produselor alimentare;Ingineria produselor alimentare;Științe Agricole;Examen;23;27
Facultatea de Inginerie Electrică şi Ştiinţa Calculatoarelor;Universitatea "Transilvania" din Braşov;Brasov, Brasov;25;N/A;N/A;3.000 lei;Cyber security;Public;Acreditat;Electronică aplicată;Inginerie electronică, telecomunicații și tehnologii informaționale;Științe Inginerești;Examen;15;10
Facultatea de Silvicultură şi Exploatări Forestiere;Universitatea "Transilvania" din Braşov;Brasov, Brasov;50;8.16;0.36;3.000 lei;Silvicultură multifuncțională (în limba engleză);Public;Acreditat;Silvicultură;Silvicultură;Științe Agricole;Examen;28;22
Facultatea de Inginerie Tehnologică şi Management Industrial;Universitatea "Transilvania" din Braşov;Brasov, Brasov;54;7.00;0.69;3.000 lei;Ingineria Fabricaţiei Inovative;Public;Acreditat;Inginerie industrială;Inginerie industrială;Științe Inginerești;Examen;41;13
Facultatea de Inginerie Tehnologică şi Management Industrial;Universitatea "Transilvania" din Braşov;Brasov, Brasov;59;8.71;0.83;3.000 lei;Managementul Afacerilor în Industrie;Public;Acreditat;Ingineria şi managementul afacerilor;Inginerie și management;Științe Inginerești;Examen;37;22
Facultatea de Ştiinţe Economice şi Administrarea Afacerilor;Universitatea "Transilvania" din Braşov;Brasov, Brasov;49;8.33;0.69;3.500 lei;Management financiar bancar;Public;Acreditat;Finanţe şi bănci;Finanţe;Științe Economice;Examen;16;33
Facultatea de Ştiinţa şi Ingineria Materialelor;Universitatea "Transilvania" din Braşov;Brasov, Brasov;65;7.00;0.40;2.800 lei;Ingineria sudării materialelor avansate;Public;Acreditat;Ingineria sudării;Inginerie industrială;Științe Inginerești;Examen;26;39
Facultatea de Ştiinţe Economice şi Administrarea Afacerilor;Universitatea "Transilvania" din Braşov;Brasov, Brasov;50;N/A;N/A;3.500 lei;Audit intern;Public;Acreditat;Contabilitate şi informatică de gestiune;Contabilitate;Științe Economice;Dosar;0;50
Facultatea de Psihologie şi Ştiinţele Educaţiei;Universitatea "Transilvania" din Braşov;Brasov, Brasov;50;8.65;0.50;3.000 lei;Resurse umane în educaţie. Formare şi management;Public;Acreditat;Resurse umane;Sociologie;Științe Sociale și Psihologie;Examen;14;36
Facultatea de Psihologie şi Ştiinţele Educaţiei;Universitatea "Transilvania" din Braşov;Brasov, Brasov;49;8.58;0.27;3.000 lei;Psihologie educaţională, consiliere şcolară şi vocaţională;Public;Acreditat;Psihologie;Psihologie;Științe Sociale și Psihologie;Examen;7;42
Facultatea de Muzică;Universitatea "Transilvania" din Braşov;Brasov, Brasov;30;6.02;1.00;3.000 lei;Stil și performanță în Interpretarea Instrumentală și Vocală;Public;Acreditat;Artele spectacolului muzical;Muzică;Arte, Arhitectură și Urbanism ;Examen;13;17
Facultatea de Silvicultură şi Exploatări Forestiere;Universitatea "Transilvania" din Braşov;Brasov, Brasov;60;8.10;0.73;3.000 lei;Management și Sisteme Tehnice în Exploatări Forestiere;Public;Acreditat;Exploatări forestiere;Silvicultură;Științe Agricole;Examen;42;18
Facultatea de Design de Produs şi Mediu;Universitatea "Transilvania" din Braşov;Brasov, Brasov;50;7.15;0.76;3.000 lei;Sisteme Mecatronice pentru Industrie și Medicină;Public;Acreditat;Mecatronică;Mecatronică și robotică;Științe Inginerești;Examen;36;14
Facultatea de Medicină;Universitatea "Transilvania" din Braşov;Brasov, Brasov;50;9.00;0.90;4.000 lei;Managementul şi strategiile îngrijirilor paliative;Public;Acreditat;Medicină;Medicină;Medicină;Examen;22;28
Facultatea de Litere;Universitatea "Transilvania" din Braşov;Brasov, Brasov;60;7.62;0.58;3.000 lei;Inovare culturală;Public;Acreditat;Limba şi literatura română;Filologie;Științe Umaniste;Dosar;31;29
Facultatea de Litere;Universitatea "Transilvania" din Braşov;Brasov, Brasov;50;N/A;0.18;3.000 lei;Limba şi literatura română - Identitate în multiculturalism - Învățământ cu frecvență redusă;Public;Acreditat;Limba şi literatura română;Filologie;Științe Umaniste;Dosar;0;50
Facultatea de Litere;Universitatea "Transilvania" din Braşov;Brasov, Brasov;50;8.12;0.20;3.000 lei;Traducere şi interpretariat (în limba franceză);Public;Acreditat;Traducere și interpretare;Filologie;Științe Umaniste;Dosar;11;39
Facultatea de Sociologie şi Comunicare;Universitatea "Transilvania" din Braşov;Brasov, Brasov;50;7.97;0.22;3.000 lei;Asistență și dezvoltare comunitară;Public;Acreditat;Asistenţă socială;Asistenţă socială;Științe Sociale și Psihologie;Examen;14;36
Facultatea de Inginerie Electrică şi Ştiinţa Calculatoarelor;Universitatea "Transilvania" din Braşov;Brasov, Brasov;50;8.02;0.84;3.000 lei;Sisteme electrice avansate (lb.engleză);Public;Acreditat;Sisteme electrice;Inginerie electrică;Științe Inginerești;Examen;41;9
Facultatea de Inginerie Mecanică;Universitatea "Transilvania" din Braşov;Brasov, Brasov;50;6.77;0.44;3.000 lei;Inginerie virtuală în proiectarea autovehiculelor (Virtual engineering in automotive design);Public;Acreditat;Autovehicule rutiere;Ingineria autovehiculelor;Științe Inginerești;Examen;20;30
Facultatea de Matematică şi Informatică;Universitatea "Transilvania" din Braşov;Brasov, Brasov;50;7.12;0.38;3.000 lei;Structuri matematice fundamentale;Public;Acreditat;Matematică;Matematică;Științe Exacte;Examen;20;30
Facultatea de Ştiinţe Economice şi Administrarea Afacerilor;Universitatea "Transilvania" din Braşov;Brasov, Brasov;48;8.28;0.42;3.500 lei;Relaţii economice internaţionale;Public;Acreditat;Economie internaţională;Economie şi afaceri internaţionale;Științe Economice;Examen;21;27
Facultatea de Ştiinţe Economice şi Administrarea Afacerilor;Universitatea "Transilvania" din Braşov;Brasov, Brasov;49;8.46;0.35;3.500 lei;Administrarea afacerilor în turism;Public;Acreditat;Administrarea afacerilor în comerţ, turism, servicii, merceologie şi managementul calităţii;Administrarea afacerilor;Științe Economice;Examen;16;33
Facultatea de Ştiinţe Economice şi Administrarea Afacerilor;Universitatea "Transilvania" din Braşov;Brasov, Brasov;50;8.25;0.74;3.500 lei;Politici contabile, audit si control de gestiune;Public;Acreditat;Contabilitate şi informatică de gestiune;Contabilitate;Științe Economice;Examen;20;30
Facultatea de Educaţie Fizică şi Sporturi Montane;Universitatea "Transilvania" din Braşov;Brasov, Brasov;75;6.42;0.20;3.000 lei;Diagnoza şi prognoza psihomotrică;Public;Acreditat;Educație fizică și sportivă ;Știința sportului și educației fizice;Ştiinţa Sportului şi Educaţiei Fizice;Examen;16;59
Facultatea de Educaţie Fizică şi Sporturi Montane;Universitatea "Transilvania" din Braşov;Brasov, Brasov;73;9.11;0.66;3.500 lei;Managementul activităţilor formale, non-formale şi de recuperare a stării de sănătate;Public;Acreditat;Educație fizică și sportivă ;Știința sportului și educației fizice;Ştiinţa Sportului şi Educaţiei Fizice;Examen;31;42
Facultatea de Ingineria lemnului;Universitatea "Transilvania" din Braşov;Brasov, Brasov;50;8.42;0.62;3.000 lei;Eco-Design de Mobilier și Restaurare;Public;Acreditat;Ingineria prelucrării lemnului;Inginerie forestieră;Științe Agricole;Examen;25;25
Facultatea de Drept;Universitatea "Transilvania" din Braşov;Brasov, Brasov;50;10.00;0.62;3.000 lei;Ştiinţe penale aprofundate;Public;Acreditat;Drept;Drept;Științe Juridice;Examen;12;38
Facultatea de Construcţii;Universitatea "Transilvania" din Braşov;Brasov, Brasov;50;7.03;1.00;3.000 lei;Modernizarea energetică în mediul construit;Public;Acreditat;Inginerie civilă;Inginerie civilă;Științe Inginerești;Examen;46;4
Facultatea de Litere;Universitatea "Transilvania" din Braşov;Brasov, Brasov;50;7.24;0.36;3.000 lei;Studii lingvistice pentru comunicare interculturală (în limba engleză);Public;Acreditat;Limbi moderne aplicate;Filologie;Științe Umaniste;Dosar;15;35
Facultatea de Litere;Universitatea "Transilvania" din Braşov;Brasov, Brasov;50;8.31;0.26;3.000 lei;Studii interculturale de limba şi literatura germană (în limba germană);Public;Acreditat;Limba şi literatura modernă;Filologie;Științe Umaniste;Dosar;9;41
Facultatea de Inginerie Electrică şi Ştiinţa Calculatoarelor;Universitatea "Transilvania" din Braşov;Brasov, Brasov;50;6.95;0.84;3.000 lei;Sisteme avansate în automatică și tehnologii informatice;Public;Acreditat;Automatică şi informatică aplicată;Ingineria sistemelor și inginerie mecanică;Științe Inginerești;Examen;41;9
Facultatea de Matematică şi Informatică;Universitatea "Transilvania" din Braşov;Brasov, Brasov;50;7.67;0.78;3.000 lei;Tehnologii moderne în ingineria sistemelor soft;Public;Acreditat;Informatică;Informatică;Științe Exacte;Examen;29;21
Facultatea de Matematică şi Informatică;Universitatea "Transilvania" din Braşov;Brasov, Brasov;50;9.20;0.54;3.000 lei;Aplicații pentru telefonul mobil și tehnologii internet în E-business (Lb. Germană);Public;Acreditat;Informatică;Informatică;Științe Exacte;Examen;25;25
Facultatea de Inginerie Tehnologică şi Management Industrial;Universitatea "Transilvania" din Braşov;Brasov, Brasov;20;7.42;0.80;3.000 lei;Ingineria Proceselor de Fabricaţie Avansate;Public;Acreditat;Inginerie industrială;Inginerie industrială;Științe Inginerești;Examen;16;4
Facultatea de Psihologie şi Ştiinţele Educaţiei;Universitatea "Transilvania" din Braşov;Brasov, Brasov;50;9.19;0.60;3.000 lei;Psihologia muncii, organizaţională şi resurse umane în organizație;Public;Acreditat;Psihologie;Psihologie;Științe Sociale și Psihologie;Examen;8;42
Facultatea de Muzică;Universitatea "Transilvania" din Braşov;Brasov, Brasov;25;7.05;0.64;3.000 lei;Tehnică și artă muzicală în secolul XX;Public;Acreditat;Muzicologie;Muzică;Arte, Arhitectură și Urbanism ;Examen;10;15
Facultatea de Litere;Universitatea "Transilvania" din Braşov;Brasov, Brasov;50;N/A;0.12;3.000 lei;Cultură şi discurs în spaţiul anglo-american (în limba engleză) - Învățământ cu frecvență redusă;Public;Acreditat;Limba şi literatura modernă;Filologie;Științe Umaniste;Dosar;0;50
Facultatea de Științe Economice;Universitatea "Valahia" din Târgovişte;Targoviste, Dambovita;47;9.06;0.45;3.500 lei;Management financiar bancar;Public;Acreditat;Management;Management;Științe Economice;Examen;12;35
Facultatea de Drept și Științe Administrative;Universitatea "Valahia" din Târgovişte;Targoviste, Dambovita;48;8.62;0.79;3.500 lei;Administraţie publică europeană;Public;Acreditat;Administraţie publică;Ştiinţe administrative;Științe Politice și Comunicare;Examen;20;28
Facultatea de Științe Economice;Universitatea "Valahia" din Târgovişte;Targoviste, Dambovita;40;8.73;0.60;3.500 lei;Marketing;Public;Acreditat;Marketing;Marketing;Științe Economice;Examen;10;30
Facultatea de Inginerie Electrică, Electronică și Tehnologia Informației;Universitatea "Valahia" din Târgovişte;Targoviste, Dambovita;70;N/A;N/A;3.500 lei;Comanda avansată a Sistemelor Complexe (limba franceză);Public;Acreditat;Inginerie mecanică;Ingineria sistemelor și inginerie mecanică;Științe Inginerești;Examen;20;50
Facultatea de Științe Umaniste;Universitatea "Valahia" din Târgovişte;Targoviste, Dambovita;45;N/A;N/A;3.500 lei;Unitatea istoriei europene;Public;Acreditat;Istorie;Istorie;Științe Umaniste;Examen;15;30
Facultatea de Științe Umaniste;Universitatea "Valahia" din Târgovişte;Targoviste, Dambovita;45;N/A;N/A;3.500 lei;Fenomene geografice de risc şi calitatea mediului;Public;Acreditat;Geografie;Geografie;Științe ale Naturii;Examen;15;30
Facultatea de Științe Economice;Universitatea "Valahia" din Târgovişte;Targoviste, Dambovita;47;8.89;0.45;3.500 lei;Auditul entităţilor publice şi private;Public;Acreditat;Economie generală;Economie;Științe Economice;Examen;12;35
Facultatea de Științe Economice;Universitatea "Valahia" din Târgovişte;Targoviste, Dambovita;47;9.48;0.96;3.500 lei;Managementul organizaţiilor;Public;Acreditat;Management;Management;Științe Economice;Examen;12;35
Facultatea de Inginerie Electrică, Electronică și Tehnologia Informației;Universitatea "Valahia" din Târgovişte;Targoviste, Dambovita;82;N/A;N/A;3.500 lei;Auditul sistemelor energetice;Public;Acreditat;Ingineria sistemelor electroenergetice;Inginerie energetică;Științe Inginerești;Examen;32;50
Facultatea de Științe Umaniste;Universitatea "Valahia" din Târgovişte;Targoviste, Dambovita;45;N/A;N/A;3.500 lei;Educaţie fizică, turism şi timp liber;Public;Acreditat;Educație fizică și sportivă ;Știința sportului și educației fizice;Ştiinţa Sportului şi Educaţiei Fizice;Examen;15;30
Facultatea de Științe Economice;Universitatea "Valahia" din Târgovişte;Targoviste, Dambovita;47;9.43;0.36;3.500 lei;Contabilitate;Public;Acreditat;Contabilitate şi informatică de gestiune;Contabilitate;Științe Economice;Examen;12;35
Facultatea de Științe Economice;Universitatea "Valahia" din Târgovişte;Targoviste, Dambovita;47;9.00;0.79;3.500 lei;Managementul informaţiilor;Public;Acreditat;Management;Management;Științe Economice;Examen;12;35
Facultatea de Teologie Ortodoxă și Științele Educației;Universitatea "Valahia" din Târgovişte;Targoviste, Dambovita;46;9.45;0.41;3.500 lei;Doctrină, Ştiinţă, Misiune;Public;Acreditat;Studii religioase;Teologie;Teologie;Examen;10;36
Facultatea de Inginerie Electrică, Electronică și Tehnologia Informației;Universitatea "Valahia" din Târgovişte;Targoviste, Dambovita;82;N/A;N/A;3.500 lei;Sisteme Avansate de Telecomunicaţii, Prelucrarea şi Transmisia Informaţiei;Public;Acreditat;Tehnologii şi sisteme de telecomunicaţii;Inginerie electronică, telecomunicații și tehnologii informaționale;Științe Inginerești;Examen;32;50
Facultatea de Ingineria Materialelor și Mecanică;Universitatea "Valahia" din Târgovişte;Targoviste, Dambovita;66;N/A;N/A;3.500 lei;Materiale avansate;Public;Acreditat;Construcţii civile, industriale şi agricole;Inginerie civilă;Științe Inginerești;Examen;16;50
Facultatea de Ingineria Mediului și Știința Alimentelor;Universitatea "Valahia" din Târgovişte;Targoviste, Dambovita;76;N/A;N/A;3.500 lei;Sisteme de control şi evaluarea calităţii mediului;Public;Acreditat;Ingineria şi protecţia mediului în industrie;Ingineria mediului;Științe Inginerești;Examen;26;50
Facultatea de Științe și Arte;Universitatea "Valahia" din Târgovişte;Targoviste, Dambovita;65;N/A;N/A;3.500 lei;Metode fizico – chimice de analiză pentru controlul calităţii vieţii şi mediului;Public;Acreditat;Fizică;Fizică;Științe Exacte;Examen;15;50
Facultatea de Științe Politice, Litere și Comunicare;Universitatea "Valahia" din Târgovişte;Targoviste, Dambovita;67;N/A;N/A;3.500 lei;Jurnalism şi studii culturale europene;Public;Acreditat;Jurnalism;Ştiinţe ale comunicării;Științe Politice și Comunicare;Examen;17;50
Facultatea de Științe Economice;Universitatea "Valahia" din Târgovişte;Targoviste, Dambovita;45;N/A;N/A;3.500 lei;Managementul organizaţiilor de turism şi servicii;Public;Acreditat;Management;Management;Științe Economice;Examen;0;45
Facultatea de Teologie Ortodoxă și Științele Educației;Universitatea "Valahia" din Târgovişte;Targoviste, Dambovita;50;8.93;0.44;3.500 lei;Doctrina socială şi ecumenică a Bisericii în contemporaneitate;Public;Acreditat;Studii religioase;Teologie;Teologie;Examen;12;38
Facultatea de Științe Politice, Litere și Comunicare;Universitatea "Valahia" din Târgovişte;Targoviste, Dambovita;25;50.00;N/A;3.500 lei;Multilingvism şi interculturalitate în context european;Public;Acreditat;Limbă şi literatură;Limbă şi literatură;Științe Umaniste;Examen;0;25
Facultatea de Științe și Arte;Universitatea "Valahia" din Târgovişte;Targoviste, Dambovita;65;N/A;N/A;3.500 lei;Matematică didactică;Public;Acreditat;Matematică;Matematică;Științe Exacte;Examen;15;50
Facultatea de Ingineria Mediului și Știința Alimentelor;Universitatea "Valahia" din Târgovişte;Targoviste, Dambovita;57;N/A;N/A;3.500 lei;Controlul şi expertiza alimentelor;Public;Acreditat;Ingineria substanţelor anorganice şi protecţia mediului;Inginerie chimică;Științe Inginerești;Examen;7;50
Facultatea de Ingineria Materialelor și Mecanică;Universitatea "Valahia" din Târgovişte;Targoviste, Dambovita;70;N/A;N/A;3.500 lei;Echipamente şi instalaţii pentru industria materialelor de construcţii;Public;Acreditat;Ştiinţa materialelor;Ingineria materialelor;Științe Inginerești;Examen;20;50
Facultatea de Inginerie Electrică, Electronică și Tehnologia Informației;Universitatea "Valahia" din Târgovişte;Targoviste, Dambovita;56;N/A;N/A;3.500 lei;Sisteme şi Echipamente Moderne în Producerea şi Utilizarea Energiei;Public;Acreditat;Sisteme electrice;Inginerie electrică;Științe Inginerești;Examen;6;50
Facultatea de Inginerie Electrică, Electronică și Tehnologia Informației;Universitatea "Valahia" din Târgovişte;Targoviste, Dambovita;64;N/A;N/A;3.500 lei;Automatică Avansată, Productică şi Informatică Industriala;Public;Acreditat;Automatică şi informatică aplicată;Ingineria sistemelor și inginerie mecanică;Științe Inginerești;Examen;14;50
Facultatea de Științe Economice;Universitatea "Valahia" din Târgovişte;Targoviste, Dambovita;45;N/A;N/A;3.500 lei;Managementul biodiversităţii;Public;Acreditat;Management;Management;Științe Economice;Examen;0;45
Facultatea de Științe Economice;Universitatea "Valahia" din Târgovişte;Targoviste, Dambovita;30;N/A;N/A;3.500 lei;Gestiunea întreprinderii (în limba franceză);Public;Acreditat;Contabilitate şi informatică de gestiune;Contabilitate;Științe Economice;Examen;0;30
Facultatea de Științe Umaniste;Universitatea "Valahia" din Târgovişte;Targoviste, Dambovita;30;N/A;N/A;3.500 lei;Studii cu privire la regiunea Europei Central-Rasaritene (in limba engleză) - East Central Regional Studies;Public;Acreditat;Etnologie;Studii culturale;Științe Umaniste;Examen;0;30
Facultatea de Drept și Științe Administrative;Universitatea "Valahia" din Târgovişte;Targoviste, Dambovita;48;8.63;0.67;3.500 lei;Dreptul afacerilor;Public;Acreditat;Drept;Drept;Științe Juridice;Examen;20;28
Facultatea de Teologie Ortodoxă și Științele Educației;Universitatea "Valahia" din Târgovişte;Targoviste, Dambovita;23;8.47;0.91;3.500 lei;Strategii didactice de comunicare şi învăţare eficientă;Public;Acreditat;Pedagogie;Științe ale educației;Științe Politice și Comunicare;Examen;11;12
Facultatea de Științe și Arte;Universitatea "Valahia" din Târgovişte;Targoviste, Dambovita;76;N/A;N/A;3.500 lei;Educaţie muzicală;Public;Acreditat;Pedagogie muzicală;Muzică;Arte, Arhitectură și Urbanism ;Examen;26;50
Facultatea de Științe;Universitatea "Vasile Alecsandri" din Bacău;Bacau, Bacau;26;7.46;N/A;2.600 lei;Valorificarea resurselor biologice și protecția mediului;Public;Acreditat;Biologie;Biologie;Științe ale Naturii;Examen;17;9
Facultatea de Litere;Universitatea "Vasile Alecsandri" din Bacău;Bacau, Bacau;50;N/A;N/A;2.700 lei;Discurs şi comunicare;Public;Acreditat;Limba şi literatura română;Filologie;Științe Umaniste;Examen;25;25
Facultatea de Litere;Universitatea "Vasile Alecsandri" din Bacău;Bacau, Bacau;60;7.46;N/A;3.000 lei;Strategii inovative în educație;Public;Acreditat;Pedagogie;Științe ale educației;Științe Politice și Comunicare;Examen;30;30
Facultatea de Inginerie;Universitatea "Vasile Alecsandri" din Bacău;Bacau, Bacau;50;9.06;N/A;2.200 lei;Chimia moleculelor bioactive – Obţinere, valorificare, controlul și asigurarea calității;Public;Acreditat;Inginerie chimică;Inginerie chimică;Științe Inginerești;Examen;20;30
Facultatea de Inginerie;Universitatea "Vasile Alecsandri" din Bacău;Bacau, Bacau;50;8.00;N/A;2.200 lei;Managementul Fabricației Produselor Industriale;Public;Acreditat;Inginerie industrială;Inginerie industrială;Științe Inginerești;Examen;17;33
Facultatea de Ştiinţe ale Mişcării, Sportului şi Sănătăţii;Universitatea "Vasile Alecsandri" din Bacău;Bacau, Bacau;50;8.10;N/A;3.500 lei;Activităţi motrice curriculare şi de timp liber;Public;Acreditat;Educație fizică și sportivă ;Știința sportului și educației fizice;Ştiinţa Sportului şi Educaţiei Fizice;Examen;32;18
Facultatea de Litere;Universitatea "Vasile Alecsandri" din Bacău;Bacau, Bacau;50;N/A;N/A;2.700 lei;Culturi şi Literaturi Anglofone. Practici discursive.;Public;Acreditat;Limbă şi literatură;Filologie;Științe Umaniste;Examen;50;0
Facultatea de Inginerie;Universitatea "Vasile Alecsandri" din Bacău;Bacau, Bacau;50;N/A;N/A;2.000 lei;Controlul și monitorizarea calității mediului;Public;Acreditat;Ingineria mediului;Ingineria mediului;Științe Inginerești;Examen;15;35
Facultatea de Științe;Universitatea "Vasile Alecsandri" din Bacău;Bacau, Bacau;50;6.67;N/A;5.000 lei;Matematică didactică;Public;Acreditat;Matematică;Matematică;Științe Exacte;Examen;0;50
Facultatea de Ştiinţe Economice;Universitatea "Vasile Alecsandri" din Bacău;Bacau, Bacau;50;N/A;N/A;3.000 lei;Marketing și comunicare în afaceri;Public;Acreditat;Marketing;Marketing;Științe Economice;Examen;6;44
Facultatea de Inginerie;Universitatea "Vasile Alecsandri" din Bacău;Bacau, Bacau;50;N/A;N/A;2.200 lei;Echipamente și tehnologii moderne în energetică;Public;Acreditat;Energetică industrială;Inginerie energetică;Științe Inginerești;Examen;15;35
Facultatea de Inginerie;Universitatea "Vasile Alecsandri" din Bacău;Bacau, Bacau;40;N/A;N/A;2.200 lei;Managementul protecției mediului în industrie;Public;Acreditat;Ingineria şi protecţia mediului în industrie;Ingineria mediului;Științe Inginerești;Examen;22;18
Facultatea de Litere;Universitatea "Vasile Alecsandri" din Bacău;Bacau, Bacau;50;8.50;N/A;3.000 lei;Comunicare în spațiul public;Public;Acreditat;Comunicare şi relaţii publice;Ştiinţe ale comunicării;Științe Politice și Comunicare;Examen;15;35
Facultatea de Inginerie;Universitatea "Vasile Alecsandri" din Bacău;Bacau, Bacau;50;9.33;N/A;2.200 lei;Managementul sistemelor industriale de producție și servicii;Public;Acreditat;Ingineria şi managementul afacerilor;Inginerie și management;Științe Inginerești;Examen;17;33
Facultatea de Ştiinţe ale Mişcării, Sportului şi Sănătăţii;Universitatea "Vasile Alecsandri" din Bacău;Bacau, Bacau;50;9.25;N/A;3.500 lei;Performanță sportivă;Public;Acreditat;Educaţie fizică şi sportivă;Educaţie fizică şi sport;Ştiinţa Sportului şi Educaţiei Fizice;Examen;20;30
Facultatea de Inginerie;Universitatea "Vasile Alecsandri" din Bacău;Bacau, Bacau;50;9.00;N/A;2.200 lei;Managementul și optiminzarea echipamentelor de proces;Public;Acreditat;Inginerie mecanică;Ingineria sistemelor și inginerie mecanică;Științe Inginerești;Examen;16;34
Facultatea de Inginerie;Universitatea "Vasile Alecsandri" din Bacău;Bacau, Bacau;50;N/A;N/A;2.200 lei;Strategii în asigurarea calității în industrie;Public;Acreditat;Inginerie industrială;Inginerie industrială;Științe Inginerești;Examen;17;33
Facultatea de Litere;Universitatea "Vasile Alecsandri" din Bacău;Bacau, Bacau;50;7.44;N/A;2.700 lei;Limba franceză - Practici de comunicare;Public;Acreditat;Limba şi literatura română;Filologie;Științe Umaniste;Examen;30;20
Facultatea de Litere;Universitatea "Vasile Alecsandri" din Bacău;Bacau, Bacau;50;7.77;N/A;2.700 lei;Limba engleză - Practici de comunicare;Public;Acreditat;Limbă şi literatură;Filologie;Științe Umaniste;Examen;30;20
Facultatea de Științe;Universitatea "Vasile Alecsandri" din Bacău;Bacau, Bacau;25;N/A;N/A;4.000 lei;Biologie medicală;Public;Acreditat;Biologie;Biologie;Științe ale Naturii;Examen;0;25
Facultatea de Ştiinţe Economice;Universitatea "Vasile Alecsandri" din Bacău;Bacau, Bacau;50;N/A;N/A;3.000 lei;Managementul și administrarea afacerilor mici și mijlocii;Public;Acreditat;Management;Management;Științe Economice;Examen;10;40
Facultatea de Ştiinţe ale Mişcării, Sportului şi Sănătăţii;Universitatea "Vasile Alecsandri" din Bacău;Bacau, Bacau;50;8.31;N/A;4.200 lei;Kinetoterapie în educare și reeducare funcțională;Public;Acreditat;Kinetoterapie şi motricitate specială;Kinetoterapie;Ştiinţa Sportului şi Educaţiei Fizice;Examen;20;30
Facultatea de Inginerie;Universitatea "Vasile Alecsandri" din Bacău;Bacau, Bacau;50;8.50;N/A;2.200 lei;Mecatronică avansată;Public;Acreditat;Mecatronică;Mecatronică și robotică;Științe Inginerești;Examen;16;34
Facultatea de Științe;Universitatea "Vasile Alecsandri" din Bacău;Bacau, Bacau;25;N/A;N/A;7.000 lei;Informatică aplicată în științe și tehnologie;Public;Acreditat;Informatică aplicată;Informatică;Științe Exacte;Examen;0;25
Facultatea de Litere;Universitatea "Vasile Alecsandri" din Bacău;Bacau, Bacau;50;8.60;N/A;2.700 lei;Cultură şi literatură română;Public;Acreditat;Limba şi literatura română;Filologie;Științe Umaniste;Examen;25;25
Facultatea de Ştiinţe Economice;Universitatea "Vasile Alecsandri" din Bacău;Bacau, Bacau;50;N/A;N/A;3.000 lei;Contabilitate, audit și informatică de gestiune;Public;Acreditat;Informatică economică;Informatică economică;Științe Economice;Examen;12;38
Facultatea de Litere;Universitatea "Vasile Alecsandri" din Bacău;Bacau, Bacau;50;N/A;N/A;2.700 lei;Studii lingvistice în limba engleză;Public;Acreditat;Limbă şi literatură;Filologie;Științe Umaniste;Examen;50;0
Facultatea de Inginerie;Universitatea "Vasile Alecsandri" din Bacău;Bacau, Bacau;50;8.50;N/A;2.200 lei;Știința și ingineria produselor alimentare ecologice;Public;Acreditat;Inginerie civilă;Inginerie civilă;Științe Inginerești;Examen;18;32
Facultatea de Inginerie;Universitatea "Vasile Alecsandri" din Bacău;Bacau, Bacau;50;8.91;N/A;2.200 lei;Tehnologia informației aplicată în industrie;Public;Acreditat;Tehnologia informaţiei;Calculatoare și tehnologia informației;Științe Inginerești;Examen;15;35
Facultatea de Științe;Universitatea "Vasile Alecsandri" din Bacău;Bacau, Bacau;25;6.30;N/A;2.600 lei;Informatică aplicată;Public;Acreditat;Informatică aplicată;Informatică;Științe Exacte;Examen;17;8
Facultatea de Management Turistic şi Comercial;Universitatea Creştină "Dimitrie Cantemir" din Bucureşti;Bucuresti, Bucuresti;75;N/A;N/A;3.000 lei;Administrarea şi negocierea afacerilor;Public;Acreditat;Administrarea afacerilor;Administrarea afacerilor;Științe Economice;Dosar;20;55
Facultatea de Drept din Cluj-Napoca;Universitatea Creştină "Dimitrie Cantemir" din Bucureşti;Cluj-Napoca, Cluj;25;25.00;N/A;3.000 lei;Ştiinţe penale şi criminalistică;Public;Acreditat;Drept;Drept;Științe Juridice;Dosar;0;25
Facultatea de Management Turistic şi Comercial;Universitatea Creştină "Dimitrie Cantemir" din Bucureşti;Bucuresti, Bucuresti;75;N/A;N/A;3.000 lei;Managementul Afacerilor în Turism;Public;Acreditat;Management;Management;Științe Economice;Dosar;20;55
Facultatea de Ştiinţe Juridice şi Administrative;Universitatea Creştină "Dimitrie Cantemir" din Bucureşti;Bucuresti, Bucuresti;50;N/A;N/A;2.700 lei;Administrație și management public;Public;Acreditat;Drept;Drept;Științe Juridice;Dosar;25;25
Facultatea de Drept din Cluj-Napoca;Universitatea Creştină "Dimitrie Cantemir" din Bucureşti;Cluj-Napoca, Cluj;50;N/A;N/A;3.000 lei;Dreptul național și european al afacerilor;Public;Acreditat;Drept;Drept;Științe Juridice;Dosar;25;25
Facultatea de Management Turistic şi Comercial;Universitatea Creştină "Dimitrie Cantemir" din Bucureşti;Bucuresti, Bucuresti;75;N/A;N/A;3.000 lei;Managemetul Afacerilor în Comerț;Public;Acreditat;Management;Management;Științe Economice;Dosar;20;55
Facultatea de Ştiinţe Juridice şi Administrative;Universitatea Creştină "Dimitrie Cantemir" din Bucureşti;Bucuresti, Bucuresti;50;N/A;N/A;1.350 lei;Carieră Judiciară;Public;Acreditat;Drept;Drept;Științe Juridice;Dosar;0;50
Facultatea de Ştiinţe Juridice şi Administrative;Universitatea Creştină "Dimitrie Cantemir" din Bucureşti;Bucuresti, Bucuresti;75;N/A;N/A;2.700 lei;Științe Penale;Public;Acreditat;Drept;Drept;Științe Juridice;Dosar;20;55
Facultatea de Ştiinţe Juridice şi Administrative;Universitatea Creştină "Dimitrie Cantemir" din Bucureşti;Bucuresti, Bucuresti;75;N/A;N/A;2.700 lei;Dreptul Afacerilor;Public;Acreditat;Drept;Drept;Științe Juridice;Dosar;20;55
Facultatea de Ştiinţe Economice;Universitatea Creştină "Partium" din Oradea;Oradea, Bihor;17;23.00;N/A;2.000 lei;Managementul dezvoltării afacerilor;Public;Acreditat;Management;Management;Științe Economice;Dosar;0;17
Facultatea de Arte;Universitatea Creştină "Partium" din Oradea;Oradea, Bihor;N/A;N/A;N/A;2.000 lei;Arta muzicală în cultura audiovizuală;Public;Acreditat;Muzicologie;Muzică;Arte, Arhitectură și Urbanism ;Dosar;0;0
Facultatea de Arte;Universitatea Creştină "Partium" din Oradea;Oradea, Bihor;N/A;N/A;N/A;2.000 lei;Arte plastice: Comunicare vizuală;Public;Acreditat;Design;Arte vizuale;Arte, Arhitectură și Urbanism ;Dosar;0;0
Facultatea de Ştiinţe Economice;Universitatea Creştină "Partium" din Oradea;Oradea, Bihor;N/A;N/A;N/A;2.000 lei;Administrarea afacerilor în turism;Public;Acreditat;Administrarea afacerilor în comerţ, turism, servicii, merceologie şi managementul calităţii;Administrarea afacerilor;Științe Economice;Dosar;0;0
Facultatea de Ştiinţe Socio - Umane;Universitatea Creştină "Partium" din Oradea;Oradea, Bihor;30;N/A;N/A;2.000 lei;Multilingvism și multiculturalitate;Public;Acreditat;Studii culturale;Studii culturale;Științe Umaniste;Examen;13;17
Facultatea de Ştiinţe Socio - Umane;Universitatea Creştină "Partium" din Oradea;Oradea, Bihor;30;N/A;N/A;2.000 lei;Politici sociale europene;Public;Acreditat;Ştiinţe politice;Ştiinţe politice;Științe Politice și Comunicare;Dosar;15;15
Facultatea de Ecologie şi Protecţia Mediului;Universitatea Ecologică din Bucureşti;Bucuresti, Bucuresti;150;N/A;N/A;2.400 lei;Gestionarea efectelor schimbărilor climatice;Public;Acreditat;Ecologie şi protecţia mediului;Ştiinţa mediului;Științe ale Naturii;Examen;0;150
Facultatea de Ştiinţele Comunicării;Universitatea Ecologică din Bucureşti;Bucuresti, Bucuresti;100;N/A;N/A;2.400 lei;Comunicare și relații publice;Public;Acreditat;Comunicare şi relaţii publice;Ştiinţe ale comunicării;Științe Politice și Comunicare;Examen;0;100
Facultatea de Drept și Științe Administrative;Universitatea Ecologică din Bucureşti;Bucuresti, Bucuresti;63;N/A;N/A;2.400 lei;Drept internațional și european al afacerilor;Public;Acreditat;Drept european și internațional;Drept;Științe Juridice;Examen;0;63
Facultatea de Inginerie Managerială;Universitatea Ecologică din Bucureşti;Bucuresti, Bucuresti;100;N/A;N/A;2.400 lei;Ingineria și managementul afacerilor în industrie;Public;Acreditat;Management;Management;Științe Economice;Examen;0;100
Facultatea de Ecologie şi Protecţia Mediului;Universitatea Ecologică din Bucureşti;Bucuresti, Bucuresti;150;N/A;N/A;2.400 lei;Managementul resurselor naturale;Public;Acreditat;Ştiinţa mediului;Ştiinţa mediului;Științe ale Naturii;Examen;0;150
Facultatea de Drept și Științe Administrative;Universitatea Ecologică din Bucureşti;Bucuresti, Bucuresti;62;N/A;N/A;2.400 lei;Dreptul informațiilor și al securității private;Public;Acreditat;Drept;Drept;Științe Juridice;Examen;0;62
Facultatea de Drept și Științe Administrative;Universitatea Ecologică din Bucureşti;Bucuresti, Bucuresti;62;N/A;N/A;2.400 lei;Drept intern și internațional al mediului;Public;Acreditat;Drept european și internațional;Drept;Științe Juridice;Examen;0;62
Facultatea de Psihologie;Universitatea Ecologică din Bucureşti;Bucuresti, Bucuresti;25;N/A;N/A;2.400 lei;Psihologie aplicată în domeniul securității naționale;Public;Acreditat;Psihologie;Psihologie;Științe Sociale și Psihologie;Examen;0;25
Facultatea de Ecologie şi Protecţia Mediului;Universitatea Ecologică din Bucureşti;Bucuresti, Bucuresti;150;N/A;N/A;2.400 lei;Evaluarea impactului asupra mediului;Public;Acreditat;Ştiinţa mediului;Ştiinţa mediului;Științe ale Naturii;Examen;0;150
Facultatea de Management Financiar;Universitatea Ecologică din Bucureşti;Bucuresti, Bucuresti;N/A;N/A;N/A;2.400 lei;Finanțarea protecției sociale;Public;Acreditat;Finanţe şi bănci;Finanţe;Științe Economice;Examen;0;0
Facultatea de Drept și Științe Administrative;Universitatea Ecologică din Bucureşti;Bucuresti, Bucuresti;63;N/A;N/A;2.400 lei;Conducere și organizare judiciară;Public;Acreditat;Drept;Drept;Științe Juridice;Examen;0;63
Facultatea de Psihologie;Universitatea Ecologică din Bucureşti;Bucuresti, Bucuresti;75;N/A;N/A;2.400 lei;Psihodiagnoză cognitivă și consiliere psihologică;Public;Acreditat;Psihologie;Psihologie;Științe Sociale și Psihologie;Examen;0;75
Facultatea de Educaţie Fizică şi Sport;Universitatea Ecologică din Bucureşti;Bucuresti, Bucuresti;50;N/A;N/A;2.700 lei;Educație fizică și sportivă;Public;Acreditat;Educaţie fizică şi sportivă;Educaţie fizică şi sport;Ştiinţa Sportului şi Educaţiei Fizice;Examen;0;50
Facultatea de Management Financiar;Universitatea Ecologică din Bucureşti;Bucuresti, Bucuresti;N/A;N/A;N/A;2.400 lei;Management financiar;Public;Acreditat;Finanţe şi bănci;Finanţe;Științe Economice;Examen;0;0
Facultatea de Drept și Științe Administrative;Universitatea Ecologică din Bucureşti;Bucuresti, Bucuresti;63;N/A;N/A;2.400 lei;Drept internațional și dreptul Uniunii Europene;Public;Acreditat;Drept;Drept;Științe Juridice;Examen;0;63
Facultatea de Drept și Științe Administrative;Universitatea Ecologică din Bucureşti;Bucuresti, Bucuresti;62;N/A;N/A;2.400 lei;Drept social român și european;Public;Acreditat;Drept european și internațional;Drept;Științe Juridice;Examen;0;62
Facultatea de Management Financiar;Universitatea Ecologică din Bucureşti;Bucuresti, Bucuresti;N/A;N/A;N/A;2.400 lei;Managementul financiar al mediului;Public;Acreditat;Finanţe şi bănci;Finanţe;Științe Economice;Examen;0;0
Facultatea de Educaţie Fizică şi Sport;Universitatea Ecologică din Bucureşti;Bucuresti, Bucuresti;50;N/A;N/A;2.700 lei;Managementul activităților de educație fizică și sport;Public;Acreditat;Educaţie fizică şi sportivă;Educaţie fizică şi sport;Ştiinţa Sportului şi Educaţiei Fizice;Examen;0;50
Facultatea de Drept și Științe Administrative;Universitatea Ecologică din Bucureşti;Bucuresti, Bucuresti;63;N/A;N/A;2.400 lei;Științe penale și criminalistică;Public;Acreditat;Drept;Drept;Științe Juridice;Examen;0;63
Facultatea de Navigație și Transport Naval;Universitatea Maritimă din Constanţa;Constanta, Constanta;50;N/A;N/A;4.500 lei;Management şi logistică în transporturi;Public;Acreditat;Navigaţie şi transport maritim şi fluvial;Inginerie marină şi navigaţie;Științe Inginerești;Examen;0;50
Facultatea de Electromecanică Navală;Universitatea Maritimă din Constanţa;Constanta, Constanta;50;N/A;N/A;4.500 lei;Tehnici avansate de inginerie electromecanică;Public;Acreditat;Electromecanică navală;Inginerie marină şi navigaţie;Științe Inginerești;Examen;8;42
Facultatea de Electromecanică Navală;Universitatea Maritimă din Constanţa;Constanta, Constanta;N/A;N/A;N/A;4.500 lei;Advanced engineering in the offshore oil and gas industry;Public;Acreditat;Navigaţie şi transport maritim şi fluvial;Inginerie marină şi navigaţie;Științe Inginerești;Examen;0;0
Facultatea de Electromecanică Navală;Universitatea Maritimă din Constanţa;Constanta, Constanta;50;N/A;N/A;4.500 lei;Sisteme electrice avansate;Public;Acreditat;Electrotehnică;Inginerie electrică;Științe Inginerești;Examen;7;43
Facultatea de Electromecanică Navală;Universitatea Maritimă din Constanţa;Constanta, Constanta;38;N/A;N/A;4.500 lei;Ingineria şi Protecţia Mediului în Industrie;Public;Acreditat;Ingineria şi protecţia mediului în industrie;Ingineria mediului;Științe Inginerești;Examen;6;32
Facultatea de Navigație și Transport Naval;Universitatea Maritimă din Constanţa;Constanta, Constanta;50;N/A;0.28;4.500 lei;Managementul sistemelor integrate de transport;Public;Acreditat;Inginerie şi management naval şi portuar;Inginerie și management;Științe Inginerești;Examen;7;43
Facultatea de Navigație și Transport Naval;Universitatea Maritimă din Constanţa;Constanta, Constanta;50;9.90;1.36;4.500 lei;Inginerie şi management în operarea terminalelor şi navelor maritime;Public;Acreditat;Navigaţie şi transport maritim şi fluvial;Inginerie marină şi navigaţie;Științe Inginerești;Examen;6;44
Facultatea de Navigație și Transport Naval;Universitatea Maritimă din Constanţa;Constanta, Constanta;50;9.80;1.44;4.500 lei;Inginerie şi management în domeniul maritim şi portuar;Public;Acreditat;Inginerie şi management naval şi portuar;Inginerie și management;Științe Inginerești;Examen;6;44
Facultatea de Electromecanică Navală;Universitatea Maritimă din Constanţa;Constanta, Constanta;50;N/A;N/A;4.500 lei;Concepte moderne de inginerie mecanică navală;Public;Acreditat;Navigaţie şi transport maritim şi fluvial;Inginerie marină şi navigaţie;Științe Inginerești;Examen;7;43
Facultatea de Navigație și Transport Naval;Universitatea Maritimă din Constanţa;Constanta, Constanta;50;9.91;1.10;4.500 lei;Inginerie şi management în transport maritim şi multimodal;Public;Acreditat;Navigaţie şi transport maritim şi fluvial;Inginerie marină şi navigaţie;Științe Inginerești;Examen;6;44
Facultatea de Navigație și Transport Naval;Universitatea Maritimă din Constanţa;Constanta, Constanta;50;N/A;0.22;4.500 lei;Offshore oil and gas technology and management;Public;Acreditat;Navigaţie şi transport maritim şi fluvial;Inginerie marină şi navigaţie;Științe Inginerești;Examen;6;44
Facultatea de Navigație și Transport Naval;Universitatea Maritimă din Constanţa;Constanta, Constanta;50;9.90;1.40;4.500 lei;Transport maritim;Public;Acreditat;Navigaţie şi transport maritim şi fluvial;Inginerie marină şi navigaţie;Științe Inginerești;Examen;6;44
Facultatea de Comandă şi Stat Major;Universitatea Naţională de Apărare "Carol I" din Bucureşti;Bucuresti, Bucuresti;N/A;N/A;N/A;2.400 lei;CONDUCERE INTERARME FORŢE NAVALE (IFR);Public;Acreditat;Conducere interarme - forţe navale;Ştiinţe militare;Ştiinţe Militare, Informaţii şi Ordine publică;Examen;0;0
Facultatea de Comandă şi Stat Major;Universitatea Naţională de Apărare "Carol I" din Bucureşti;Bucuresti, Bucuresti;N/A;N/A;N/A;2.400 lei;CONDUCERE INTERARME FORŢE AERIENE;Public;Acreditat;Conducere interarme - forţe aeriene;Ştiinţe militare;Ştiinţe Militare, Informaţii şi Ordine publică;Examen;0;0
Facultatea de Comandă şi Stat Major;Universitatea Naţională de Apărare "Carol I" din Bucureşti;Bucuresti, Bucuresti;N/A;N/A;N/A;2.400 lei;CONDUCERE INTERARME FORŢE TERESTRE (IFR);Public;Acreditat;Conducere interarme - forţe terestre;Ştiinţe militare;Ştiinţe Militare, Informaţii şi Ordine publică;Examen;0;0
Facultatea de Securitate și Apărare;Universitatea Naţională de Apărare "Carol I" din Bucureşti;Bucuresti, Bucuresti;N/A;N/A;N/A;2.400 lei;SECURITATE ŞI APĂRARE;Public;Acreditat;Securitate şi apărare;Informații și securitate națională;Ştiinţe Militare, Informaţii şi Ordine publică;Examen;0;0
Facultatea de Comandă şi Stat Major;Universitatea Naţională de Apărare "Carol I" din Bucureşti;Bucuresti, Bucuresti;N/A;N/A;N/A;2.400 lei;CONDUCERE INTERARME FORŢE NAVALE;Public;Acreditat;Conducere interarme - forţe navale;Ştiinţe militare;Ştiinţe Militare, Informaţii şi Ordine publică;Examen;0;0
Facultatea de Comandă şi Stat Major;Universitatea Naţională de Apărare "Carol I" din Bucureşti;Bucuresti, Bucuresti;N/A;N/A;N/A;2.400 lei;MANAGEMENT LOGISTIC (IFR);Public;Acreditat;Logistică;Ştiinţe militare;Ştiinţe Militare, Informaţii şi Ordine publică;Examen;0;0
Facultatea de Securitate și Apărare;Universitatea Naţională de Apărare "Carol I" din Bucureşti;Bucuresti, Bucuresti;N/A;N/A;N/A;2.400 lei;COMUNICARE PUBLICĂ ÎN DOMENIUL SECURITĂŢII ŞI APĂRĂRII;Public;Acreditat;Comunicare şi relaţii publice - informaţii;Informații și securitate națională;Ştiinţe Militare, Informaţii şi Ordine publică;Examen;0;0
Facultatea de Comandă şi Stat Major;Universitatea Naţională de Apărare "Carol I" din Bucureşti;Bucuresti, Bucuresti;N/A;N/A;N/A;2.400 lei;MANAGEMENT ECONOMICO-FINANCIAR (IFR);Public;Acreditat;Management economico-financiar;Ştiinţe militare;Ştiinţe Militare, Informaţii şi Ordine publică;Examen;0;0
Facultatea de Comandă şi Stat Major;Universitatea Naţională de Apărare "Carol I" din Bucureşti;Bucuresti, Bucuresti;N/A;N/A;N/A;2.400 lei;MANAGEMENT LOGISTIC;Public;Acreditat;Logistică;Ştiinţe militare;Ştiinţe Militare, Informaţii şi Ordine publică;Examen;0;0
Facultatea de Securitate și Apărare;Universitatea Naţională de Apărare "Carol I" din Bucureşti;Bucuresti, Bucuresti;N/A;N/A;N/A;2.400 lei;MANAGEMENTUL CRIZELOR ŞI PREVENIREA CONFLICTELOR;Public;Acreditat;Managementul organizaţiei;Ştiinţe militare, informaţii și ordine publică;Ştiinţe Militare, Informaţii şi Ordine publică;Examen;0;0
Facultatea de Comandă şi Stat Major;Universitatea Naţională de Apărare "Carol I" din Bucureşti;Bucuresti, Bucuresti;N/A;N/A;N/A;2.400 lei;MANAGEMENT ECONOMICO-FINANCIAR;Public;Acreditat;Management economico-financiar;Ştiinţe militare;Ştiinţe Militare, Informaţii şi Ordine publică;Examen;0;0
Facultatea de Securitate și Apărare;Universitatea Naţională de Apărare "Carol I" din Bucureşti;Bucuresti, Bucuresti;N/A;N/A;N/A;2.400 lei;CONDUCERE – COMUNICAŢII, TEHNOLOGIA INFORMAŢIEI ŞI APĂRARE CIBERNETICĂ;Public;Acreditat;Studii de securitate și informații;Informații și securitate națională;Ştiinţe Militare, Informaţii şi Ordine publică;Examen;0;0
Facultatea de Securitate și Apărare;Universitatea Naţională de Apărare "Carol I" din Bucureşti;Bucuresti, Bucuresti;N/A;N/A;N/A;2.400 lei;MANAGEMENTUL PROGRAMELOR ŞI PROIECTELOR;Public;Acreditat;Managementul organizaţiei;Ştiinţe militare, informaţii și ordine publică;Ştiinţe Militare, Informaţii şi Ordine publică;Examen;0;0
Facultatea de Comandă şi Stat Major;Universitatea Naţională de Apărare "Carol I" din Bucureşti;Bucuresti, Bucuresti;N/A;N/A;N/A;2.400 lei;CONDUCERE INTERARME FORŢE TERESTRE;Public;Acreditat;Conducere interarme - forţe terestre;Ştiinţe militare;Ştiinţe Militare, Informaţii şi Ordine publică;Examen;0;0
Facultatea de Comandă şi Stat Major;Universitatea Naţională de Apărare "Carol I" din Bucureşti;Bucuresti, Bucuresti;N/A;N/A;N/A;2.400 lei;CONDUCERE INTERARME FORŢE AERIENE (IFR);Public;Acreditat;Conducere interarme - forţe aeriene;Ştiinţe militare;Ştiinţe Militare, Informaţii şi Ordine publică;Examen;0;0
Facultatea de Securitate și Apărare;Universitatea Naţională de Apărare "Carol I" din Bucureşti;Bucuresti, Bucuresti;N/A;N/A;N/A;2.400 lei;CONDUCERE – INFORMAŢII PENTRU APĂRARE:;Public;Acreditat;Securitate şi apărare;Informații și securitate națională;Ştiinţe Militare, Informaţii şi Ordine publică;Examen;0;0
Facultatea de Comandă şi Stat Major;Universitatea Naţională de Apărare "Carol I" din Bucureşti;Bucuresti, Bucuresti;N/A;N/A;N/A;2.400 lei;PROTECŢIA INFRASTRUCTURILOR CRITICE;Public;Acreditat;Logistică;Ştiinţe militare;Ştiinţe Militare, Informaţii şi Ordine publică;Examen;0;0
Departamentul Regional de Studii pentru Managementul Resurselor de Apărare - Brașov;Universitatea Naţională de Apărare "Carol I" din Bucureşti - extensia Brașov;Brasov, Brasov;50;N/A;N/A;2.400 lei;MANAGEMENTUL RESURSELOR ORGANIZAŢIEI;Public;Acreditat;Managementul organizaţiei;Ştiinţe militare, informaţii și ordine publică;Ştiinţe Militare, Informaţii şi Ordine publică;Dosar;0;50
Facultatea de Teatru;Universitatea Naţională de Artă Teatrală şi Cinematografică "I. L. Caragiale" din Bucureşti;Bucuresti, Bucuresti;N/A;N/A;N/A;7.000 lei;ARTA ACTORULUI - PEDAGOGIE TEATRALA;Public;Acreditat;Artele spectacolului;Teatru şi artele spectacolului;Arte, Arhitectură și Urbanism ;Examen;0;0
Facultatea de Teatru;Universitatea Naţională de Artă Teatrală şi Cinematografică "I. L. Caragiale" din Bucureşti;Bucuresti, Bucuresti;N/A;N/A;N/A;7.000 lei;ARTA REGIZORULUI DE TEATRU - SCRIERE DRAMATICA;Public;Acreditat;Artele spectacolului;Teatru şi artele spectacolului;Arte, Arhitectură și Urbanism ;Examen;0;0
Facultatea de Film;Universitatea Naţională de Artă Teatrală şi Cinematografică "I. L. Caragiale" din Bucureşti;Bucuresti, Bucuresti;N/A;N/A;N/A;6.000 lei;SCENARISTICA;Public;Acreditat;Filmologie;Cinematografie şi media;Arte, Arhitectură și Urbanism ;Examen;0;0
Facultatea de Film;Universitatea Naţională de Artă Teatrală şi Cinematografică "I. L. Caragiale" din Bucureşti;Bucuresti, Bucuresti;N/A;N/A;N/A;6.000 lei;FILMOLOGIE;Public;Acreditat;Filmologie;Cinematografie şi media;Arte, Arhitectură și Urbanism ;Examen;0;0
Facultatea de Teatru;Universitatea Naţională de Artă Teatrală şi Cinematografică "I. L. Caragiale" din Bucureşti;Bucuresti, Bucuresti;N/A;N/A;N/A;7.000 lei;Teatrologie (Management cultural, Jurnalism teatral);Public;Acreditat;Teatrologie ;Teatru şi artele spectacolului;Arte, Arhitectură și Urbanism ;Examen;0;0
Facultatea de Film;Universitatea Naţională de Artă Teatrală şi Cinematografică "I. L. Caragiale" din Bucureşti;Bucuresti, Bucuresti;N/A;N/A;N/A;30.000 lei;ARTA MONTAJULUI DE FILM;Public;Acreditat;Filmologie;Cinematografie şi media;Arte, Arhitectură și Urbanism ;Dosar;0;0
Facultatea de Film;Universitatea Naţională de Artă Teatrală şi Cinematografică "I. L. Caragiale" din Bucureşti;Bucuresti, Bucuresti;N/A;N/A;N/A;30.000 lei;ARTA SUNETULUI DE FILM;Public;Acreditat;Filmologie;Cinematografie şi media;Arte, Arhitectură și Urbanism ;Examen;0;0
Facultatea de Teatru;Universitatea Naţională de Artă Teatrală şi Cinematografică "I. L. Caragiale" din Bucureşti;Bucuresti, Bucuresti;N/A;N/A;N/A;7.000 lei;TEATRU DE ANIMATIE;Public;Acreditat;Artele spectacolului;Teatru şi artele spectacolului;Arte, Arhitectură și Urbanism ;Examen;0;0
Facultatea de Film;Universitatea Naţională de Artă Teatrală şi Cinematografică "I. L. Caragiale" din Bucureşti;Bucuresti, Bucuresti;N/A;N/A;N/A;6.000 lei;FILM DE ANIMATIE;Public;Acreditat;Cinematografie, fotografie, media;Cinematografie şi media;Arte, Arhitectură și Urbanism ;Examen;0;0
Facultatea de Film;Universitatea Naţională de Artă Teatrală şi Cinematografică "I. L. Caragiale" din Bucureşti;Bucuresti, Bucuresti;N/A;N/A;N/A;30.000 lei;ARTA REGIEI DE FILM;Public;Acreditat;Filmologie;Cinematografie şi media;Arte, Arhitectură și Urbanism ;Examen;0;0
Facultatea de Film;Universitatea Naţională de Artă Teatrală şi Cinematografică "I. L. Caragiale" din Bucureşti;Bucuresti, Bucuresti;N/A;N/A;N/A;30.000 lei;ARTA IMAGINII DE FILM;Public;Acreditat;Filmologie;Cinematografie şi media;Arte, Arhitectură și Urbanism ;Examen;0;0
Facultatea de Teatru;Universitatea Naţională de Artă Teatrală şi Cinematografică "I. L. Caragiale" din Bucureşti;Bucuresti, Bucuresti;N/A;N/A;N/A;7.000 lei;Arta coregrafică;Public;Acreditat;Artele spectacolului;Teatru şi artele spectacolului;Arte, Arhitectură și Urbanism ;Examen;0;0
Facultatea de Film;Universitatea Naţională de Artă Teatrală şi Cinematografică "I. L. Caragiale" din Bucureşti;Bucuresti, Bucuresti;N/A;N/A;N/A;6.000 lei;PRODUCTIE DE FILM;Public;Acreditat;Filmologie;Cinematografie şi media;Arte, Arhitectură și Urbanism ;Examen;0;0
Facultatea de Educaţie Fizică şi Sport;Universitatea Naţională de Educaţie Fizică şi Sport din Bucureşti;Bucuresti, Bucuresti;35;N/A;N/A;5.000 lei;Ştiinţa şi tehnologiile educării motricităţii umane;Public;Acreditat;Kinetoterapie și motricitate specială;Știința sportului și educației fizice;Ştiinţa Sportului şi Educaţiei Fizice;Examen;0;35
Facultatea de Educaţie Fizică şi Sport;Universitatea Naţională de Educaţie Fizică şi Sport din Bucureşti;Bucuresti, Bucuresti;48;6.00;0.52;5.000 lei;Performanţă în sport;Public;Acreditat;Educație fizică și sportivă ;Știința sportului și educației fizice;Ştiinţa Sportului şi Educaţiei Fizice;Examen;23;25
Facultatea de Kinetoterapie;Universitatea Naţională de Educaţie Fizică şi Sport din Bucureşti;Bucuresti, Bucuresti;71;6.00;1.28;5.000 lei;Recuperare - reeducare motrică şi somato-funcţională;Public;Acreditat;Kinetoterapie și motricitate specială;Știința sportului și educației fizice;Ştiinţa Sportului şi Educaţiei Fizice;Examen;46;25
Facultatea de Educaţie Fizică şi Sport;Universitatea Naţională de Educaţie Fizică şi Sport din Bucureşti;Bucuresti, Bucuresti;35;N/A;N/A;5.000 lei;Activităţi fizice adaptate;Public;Acreditat;Educație fizică și sportivă ;Știința sportului și educației fizice;Ştiinţa Sportului şi Educaţiei Fizice;Examen;0;35
Facultatea de Educaţie Fizică şi Sport;Universitatea Naţională de Educaţie Fizică şi Sport din Bucureşti;Bucuresti, Bucuresti;48;6.20;0.44;5.000 lei;Educație fizică și activităţi motrice de timp liber;Public;Acreditat;Educație fizică și sportivă ;Știința sportului și educației fizice;Ştiinţa Sportului şi Educaţiei Fizice;Examen;18;30
Facultatea de Educaţie Fizică şi Sport;Universitatea Naţională de Educaţie Fizică şi Sport din Bucureşti;Bucuresti, Bucuresti;39;6.00;0.49;5.000 lei;Management şi marketing în structurile, activităţile şi evenimentele sportive;Public;Acreditat;Management;Management;Științe Economice;Examen;19;20
Facultatea de Kinetoterapie;Universitatea Naţională de Educaţie Fizică şi Sport din Bucureşti;Bucuresti, Bucuresti;43;6.91;0.95;5.000 lei;Nutriţie şi remodelare corporală;Public;Acreditat;Nutriţie şi dietetică;Sănătate;Medicină;Examen;13;30
Facultatea de Compoziţie, Muzicologie şi Pedagogie Muzicală;Universitatea Naţională de Muzică din Bucureşti;Bucuresti, Bucuresti;250;N/A;N/A;N/A;Educație muzicală și culturi muzicale religioase;Public;Acreditat;Pedagogie muzicală;Muzică;Arte, Arhitectură și Urbanism ;Examen;250;0
Facultatea de Interpretare Muzicală;Universitatea Naţională de Muzică din Bucureşti;Bucuresti, Bucuresti;250;N/A;N/A;N/A;Stilistică interpretativă – instrumente și canto;Public;Acreditat;Artele spectacolului muzical;Muzică;Arte, Arhitectură și Urbanism ;Examen;250;0
Facultatea de Compoziţie, Muzicologie şi Pedagogie Muzicală;Universitatea Naţională de Muzică din Bucureşti;Bucuresti, Bucuresti;250;N/A;N/A;N/A;Stilistică dirijorială;Public;Acreditat;Pedagogie muzicală;Muzică;Arte, Arhitectură și Urbanism ;Examen;250;0
Facultatea de Compoziţie, Muzicologie şi Pedagogie Muzicală;Universitatea Naţională de Muzică din Bucureşti;Bucuresti, Bucuresti;250;N/A;N/A;N/A;Stil și limbaj compozițional;Public;Acreditat;Pedagogie muzicală;Muzică;Arte, Arhitectură și Urbanism ;Examen;250;0
Facultatea de Compoziţie, Muzicologie şi Pedagogie Muzicală;Universitatea Naţională de Muzică din Bucureşti;Bucuresti, Bucuresti;250;N/A;N/A;N/A;Jazz și culturi muzicale pop;Public;Acreditat;Pedagogie muzicală;Muzică;Arte, Arhitectură și Urbanism ;Examen;250;0
Facultatea de Compoziţie, Muzicologie şi Pedagogie Muzicală;Universitatea Naţională de Muzică din Bucureşti;Bucuresti, Bucuresti;250;N/A;N/A;N/A;Sinteză muzicologică;Public;Acreditat;Pedagogie muzicală;Muzică;Arte, Arhitectură și Urbanism ;Examen;250;0
Facultatea de Arte Decorative si Design;Universitatea Națională de Arte din București;Bucuresti, Bucuresti;11;8.49;1.00;4.300 lei;Artă murală;Public;Acreditat;Artă murală;Arte vizuale;Arte, Arhitectură și Urbanism ;Examen;9;2
Facultatea de Arte Decorative si Design;Universitatea Națională de Arte din București;Bucuresti, Bucuresti;14;8.66;1.07;4.300 lei;Design de interior şi pentru spaţiul public;Public;Acreditat;Design;Arte vizuale;Arte, Arhitectură și Urbanism ;Examen;7;7
Facultatea de Istoria şi Teoria Artei;Universitatea Națională de Arte din București;Bucuresti, Bucuresti;10;8.99;1.00;4.300 lei;Istorie și metodologie în cercetarea imaginii;Public;Acreditat;Istoria şi teoria artei;Arte vizuale;Arte, Arhitectură și Urbanism ;Dosar;7;3
Facultatea de Istoria şi Teoria Artei;Universitatea Națională de Arte din București;Bucuresti, Bucuresti;10;9.54;1.00;4.300 lei;Metodologii de conservare şi restaurare a patrimoniului artistic;Public;Acreditat;Conservare şi restaurare;Arte vizuale;Arte, Arhitectură și Urbanism ;Examen;6;4
Facultatea de Arte Plastice;Universitatea Națională de Arte din București;Bucuresti, Bucuresti;13;N/A;0.46;4.300 lei;Educaţie prin arte vizuale;Public;Acreditat;Pedagogia artelor plastice şi decorative;Arte vizuale;Arte, Arhitectură și Urbanism ;Examen;7;6
Facultatea de Arte Decorative si Design;Universitatea Națională de Arte din București;Bucuresti, Bucuresti;20;8.00;0.75;4.300 lei;Design de obiect şi comunicaţii vizuale;Public;Acreditat;Design;Arte vizuale;Arte, Arhitectură și Urbanism ;Examen;12;8
Facultatea de Arte Plastice;Universitatea Națională de Arte din București;Bucuresti, Bucuresti;17;8.49;0.53;4.300 lei;Fotografie şi imagine dinamică;Public;Acreditat;Arte plastice;Arte vizuale;Arte, Arhitectură și Urbanism ;Examen;13;4
Facultatea de Arte Plastice;Universitatea Națională de Arte din București;Bucuresti, Bucuresti;39;9.33;0.79;4.300 lei;Arte grafice;Public;Acreditat;Arte plastice;Arte vizuale;Arte, Arhitectură și Urbanism ;Examen;19;20
Facultatea de Arte Decorative si Design;Universitatea Națională de Arte din București;Bucuresti, Bucuresti;8;9.00;0.38;4.300 lei;Spaţiul scenografic;Public;Acreditat;Scenografie şi eveniment artistic;Arte vizuale;Arte, Arhitectură și Urbanism ;Examen;6;2
Facultatea de Arte Plastice;Universitatea Națională de Arte din București;Bucuresti, Bucuresti;29;8.66;1.00;4.300 lei;Strategii de creaţie în pictură;Public;Acreditat;Arte plastice;Arte vizuale;Arte, Arhitectură și Urbanism ;Examen;19;10
Facultatea de Arte Decorative si Design;Universitatea Națională de Arte din București;Bucuresti, Bucuresti;9;8.43;0.89;4.300 lei;Arte textile ambientale;Public;Acreditat;Arte textile - design textil;Arte vizuale;Arte, Arhitectură și Urbanism ;Examen;8;1
Facultatea de Arte Decorative si Design;Universitatea Națională de Arte din București;Bucuresti, Bucuresti;26;7.66;0.92;4.300 lei;Strategii de modă şi costum;Public;Acreditat;Modă - design vestimentar;Arte vizuale;Arte, Arhitectură și Urbanism ;Examen;16;10
Facultatea de Arte Decorative si Design;Universitatea Națională de Arte din București;Bucuresti, Bucuresti;15;8.33;1.00;4.300 lei;Ceramică - sticlă - metal;Public;Acreditat;Ceramică - sticlă - metal;Arte vizuale;Arte, Arhitectură și Urbanism ;Examen;10;5
Facultatea de Arte Plastice;Universitatea Națională de Arte din București;Bucuresti, Bucuresti;14;10.00;0.43;4.300 lei;Tehnici şi strategii de creaţie în sculptură;Public;Acreditat;Arte plastice;Arte vizuale;Arte, Arhitectură și Urbanism ;Examen;9;5
Facultatea de Inginerie Mecanică şi Electrică;Universitatea Petrol-Gaze din Ploieşti (UPG);Ploiesti, Prahova;50;N/A;N/A;3.200 lei;Ingineria şi managementul producţiei utilajului petrolier şi petrochimic;Public;Acreditat;Inginerie economică în domeniul mecanic;Inginerie și management;Științe Inginerești;Examen;0;50
Facultatea de Inginerie Mecanică şi Electrică;Universitatea Petrol-Gaze din Ploieşti (UPG);Ploiesti, Prahova;50;N/A;N/A;3.200 lei;Automatizări avansate;Public;Acreditat;Automatică şi informatică aplicată;Ingineria sistemelor și inginerie mecanică;Științe Inginerești;Examen;0;50
Facultatea de Inginerie Mecanică şi Electrică;Universitatea Petrol-Gaze din Ploieşti (UPG);Ploiesti, Prahova;50;N/A;N/A;3.200 lei;Ingineria sistemelor de transport şi depozitare a hidrocarburilor;Public;Acreditat;Inginerie mecanică;Ingineria sistemelor și inginerie mecanică;Științe Inginerești;Examen;0;50
Facultatea de Inginerie Mecanică şi Electrică;Universitatea Petrol-Gaze din Ploieşti (UPG);Ploiesti, Prahova;50;N/A;N/A;3.200 lei;Ingineria exploatării optimale a utilajului petrolier;Public;Acreditat;Inginerie mecanică;Ingineria sistemelor și inginerie mecanică;Științe Inginerești;Examen;0;50
Facultatea de Inginerie Mecanică şi Electrică;Universitatea Petrol-Gaze din Ploieşti (UPG);Ploiesti, Prahova;50;N/A;N/A;3.200 lei;Managementul riscului şi ingineria fiabilităţii utilajului petrolier şi petrochimic;Public;Acreditat;Inginerie mecanică;Ingineria sistemelor și inginerie mecanică;Științe Inginerești;Examen;0;50
Facultatea de Inginerie din Hunedoara;Universitatea Politehnica Timişoara (UPT);Hunedoara, Hunedoara;30;7.61;0.57;3.900 lei;Materiale şi tehnologii avansate pentru industria autovehiculelor;Public;Acreditat;Ştiinţa materialelor;Ingineria materialelor;Științe Inginerești;Examen;26;4
Facultatea de Construcţii;Universitatea Politehnica Timişoara (UPT);Timisoara, Timis;30;N/A;N/A;3.900 lei;Optimizarea exploatării sistemelor de inginerie sanitară şi protecţia mediului;Public;Acreditat;Inginerie sanitară şi protecţia mediului;Inginerie civilă și instalații;Științe Inginerești;Examen;25;5
Facultatea de Electronică şi Telecomunicaţii;Universitatea Politehnica Timişoara (UPT);Timisoara, Timis;40;6.50;0.57;3.900 lei;Tehnologii, sisteme şi aplicaţii pentru eActivităţi TSAeA;Public;Acreditat;Electronică aplicată;Inginerie electronică, telecomunicații și tehnologii informaționale;Științe Inginerești;Examen;30;10
Facultatea de Electronică şi Telecomunicaţii;Universitatea Politehnica Timişoara (UPT);Timisoara, Timis;40;N/A;N/A;3.900 lei;Prelucrarea Semnalelor (Traitement de signal- în limba franceză) (TS );Public;Acreditat;Transmisiuni;Inginerie electronică, telecomunicații și tehnologii informaționale;Științe Inginerești;Examen;30;10
Facultatea de Construcţii;Universitatea Politehnica Timişoara (UPT);Timisoara, Timis;30;N/A;N/A;3.900 lei;Reabilitatea construcţiilor;Public;Acreditat;Inginerie civilă;Inginerie civilă și instalații;Științe Inginerești;Examen;25;5
Facultatea de Construcţii;Universitatea Politehnica Timişoara (UPT);Timisoara, Timis;30;N/A;N/A;3.900 lei;Inginerie şi reabilitare rurală durabilă;Public;Acreditat;Îmbunătăţiri funciare şi dezvoltare rurală;Inginerie civilă și instalații;Științe Inginerești;Examen;25;5
Facultatea de Automatică şi Calculatoare;Universitatea Politehnica Timişoara (UPT);Timisoara, Timis;35;N/A;N/A;3.900 lei;Tehnologia informaţiei - Information technology- Limba engleză;Public;Acreditat;Tehnologia informaţiei;Calculatoare și tehnologia informației;Științe Inginerești;Examen;30;5
Facultatea de Chimie Industrială şi Ingineria Mediului;Universitatea Politehnica Timişoara (UPT);Timisoara, Timis;40;N/A;N/A;3.900 lei;Inginerie chimică;Public;Acreditat;Inginerie chimică;Inginerie chimică;Științe Inginerești;Examen;30;10
Facultatea de Management în Producţie şi Transporturi;Universitatea Politehnica Timişoara (UPT);Timisoara, Timis;40;7.67;0.85;3.900 lei;Ingineria şi managementul competivităţii;Public;Acreditat;Ingineria şi managementul afacerilor;Inginerie și management;Științe Inginerești;Examen;30;10
Facultatea de Mecanică;Universitatea Politehnica Timişoara (UPT);Timisoara, Timis;35;N/A;N/A;3.900 lei;Hidrodinamica maşinilor şi sistemelor hidromecanice;Public;Acreditat;Inginerie mecanică;Ingineria sistemelor și inginerie mecanică;Științe Inginerești;Examen;25;10
Facultatea de Ştiinţe ale Comunicării;Universitatea Politehnica Timişoara (UPT);Timisoara, Timis;25;7.80;0.88;3.900 lei;Comunicare, relaţii publice şi media digitală;Public;Acreditat;Comunicare şi relaţii publice;Ştiinţe ale comunicării;Științe Politice și Comunicare;Examen;23;2
Facultatea de Mecanică;Universitatea Politehnica Timişoara (UPT);Timisoara, Timis;35;N/A;N/A;3.900 lei;Tehnici avansate în transportul rutier;Public;Acreditat;Ingineria sistemelor de circulaţie rutieră;Ingineria transporturilor;Științe Inginerești;Examen;25;10
Facultatea de Mecanică;Universitatea Politehnica Timişoara (UPT);Timisoara, Timis;25;N/A;N/A;3.900 lei;Materiale şi tehnologii avansate - limba engleză;Public;Acreditat;Ştiinţa materialelor;Ingineria materialelor;Științe Inginerești;Examen;0;25
Facultatea de Automatică şi Calculatoare;Universitatea Politehnica Timişoara (UPT);Timisoara, Timis;35;N/A;N/A;3.900 lei;Ingineria sistemelor automate;Public;Acreditat;Automatică şi informatică aplicată;Ingineria sistemelor și inginerie mecanică;Științe Inginerești;Examen;30;5
Facultatea de Mecanică;Universitatea Politehnica Timişoara (UPT);Timisoara, Timis;35;N/A;N/A;3.900 lei;Sisteme feroviare moderne;Public;Acreditat;Vehicule pentru transportul feroviar;Ingineria sistemelor și inginerie mecanică;Științe Inginerești;Examen;25;10
Facultatea de Construcţii;Universitatea Politehnica Timişoara (UPT);Timisoara, Timis;30;N/A;N/A;3.900 lei;Optimizarea sistemelor hidrotehnice;Public;Acreditat;Amenajări şi construcţii hidrotehnice;Inginerie civilă și instalații;Științe Inginerești;Examen;25;5
Facultatea de Electrotehnică şi Electroenergetică;Universitatea Politehnica Timişoara (UPT);Timisoara, Timis;50;N/A;N/A;3.900 lei;Electrotehnică şi electronică de putere;Public;Acreditat;Electrotehnică;Inginerie electrică;Științe Inginerești;Examen;45;5
Facultatea de Automatică şi Calculatoare;Universitatea Politehnica Timişoara (UPT);Timisoara, Timis;35;N/A;N/A;3.900 lei;Sisteme informatice aplicate în producţie şi servicii;Public;Acreditat;Automatică şi informatică aplicată;Ingineria sistemelor și inginerie mecanică;Științe Inginerești;Examen;30;5
Facultatea de Mecanică;Universitatea Politehnica Timişoara (UPT);Timisoara, Timis;35;N/A;N/A;3.900 lei;Ingineria calităţii în mecatronică şi robotică;Public;Acreditat;Mecatronică;Mecatronică și robotică;Științe Inginerești;Examen;25;10
Facultatea de Automatică şi Calculatoare;Universitatea Politehnica Timişoara (UPT);Timisoara, Timis;35;N/A;N/A;3.900 lei;Tehnologii informatice;Public;Acreditat;Tehnologia informaţiei;Calculatoare și tehnologia informației;Științe Inginerești;Examen;30;5
Facultatea de Arhitectură și Urbanism;Universitatea Politehnica Timişoara (UPT);Timisoara, Timis;35;6.90;0.60;3.900 lei;Urbanism şi amenajarea teritoriului;Public;Acreditat;Urbanism și administrarea teritoriului;Urbanism;Arte, Arhitectură și Urbanism ;Examen;20;15
Facultatea de Electronică şi Telecomunicaţii;Universitatea Politehnica Timişoara (UPT);Timisoara, Timis;40;6.70;0.75;3.900 lei;Ingineria reţelelor telecomunicaţii;Public;Acreditat;Tehnologii şi sisteme de telecomunicaţii;Inginerie electronică, telecomunicații și tehnologii informaționale;Științe Inginerești;Examen;30;10
Facultatea de Electrotehnică şi Electroenergetică;Universitatea Politehnica Timişoara (UPT);Timisoara, Timis;50;N/A;N/A;3.900 lei;Conducerea sistemelor electroenergetice;Public;Acreditat;Ingineria sistemelor electroenergetice;Inginerie energetică;Științe Inginerești;Examen;45;5
Facultatea de Electronică şi Telecomunicaţii;Universitatea Politehnica Timişoara (UPT);Timisoara, Timis;40;7.20;0.75;3.900 lei;Electronică biomedicală;Public;Acreditat;Electronică aplicată;Inginerie electronică, telecomunicații și tehnologii informaționale;Științe Inginerești;Examen;30;10
Facultatea de Construcţii;Universitatea Politehnica Timişoara (UPT);Timisoara, Timis;30;N/A;N/A;3.900 lei;Structuri pentru construcții durabile în condiții de hazard natural și acțiuni exceptionale;Public;Acreditat;Inginerie civilă;Inginerie civilă;Științe Inginerești;Examen;25;5
Facultatea de Chimie Industrială şi Ingineria Mediului;Universitatea Politehnica Timişoara (UPT);Timisoara, Timis;40;N/A;N/A;3.900 lei;Ingineria mediului;Public;Acreditat;Ingineria mediului;Ingineria mediului;Științe Inginerești;Examen;30;10
Facultatea de Management în Producţie şi Transporturi;Universitatea Politehnica Timişoara (UPT);Timisoara, Timis;50;7.73;0.26;3.900 lei;Ingineria şi managementul sistemelor logistice;Public;Acreditat;Inginerie economică în domeniul transporturilor;Inginerie și management;Științe Inginerești;Examen;40;10
Facultatea de Inginerie din Hunedoara;Universitatea Politehnica Timişoara (UPT);Hunedoara, Hunedoara;30;8.19;1.03;3.900 lei;Ingineria şi managementul dezvoltării durabile în industria de materiale;Public;Acreditat;Inginerie economică industrială;Inginerie și management;Științe Inginerești;Examen;26;4
Facultatea de Mecanică;Universitatea Politehnica Timişoara (UPT);Timisoara, Timis;40;N/A;N/A;3.900 lei;Implanturi, proteze şi evaluare biomecanică;Public;Acreditat;Inginerie medicală;Științe inginerești aplicate;Științe Inginerești;Examen;30;10
Facultatea de Inginerie din Hunedoara;Universitatea Politehnica Timişoara (UPT);Hunedoara, Hunedoara;30;8.01;0.37;3.900 lei;Sisteme avansate de utilizare a energiei electrice;Public;Acreditat;Sisteme electrice;Inginerie electrică;Științe Inginerești;Examen;26;4
Facultatea de Mecanică;Universitatea Politehnica Timişoara (UPT);Timisoara, Timis;35;N/A;N/A;3.900 lei;Ingineria relaţiilor de muncă, sănătate şi securitate în muncă;Public;Acreditat;Inginerie mecanică;Ingineria sistemelor și inginerie mecanică;Științe Inginerești;Examen;25;10
Facultatea de Mecanică;Universitatea Politehnica Timişoara (UPT);Timisoara, Timis;35;N/A;N/A;3.900 lei;Inginerie mecanică avansată;Public;Acreditat;Inginerie mecanică;Ingineria sistemelor și inginerie mecanică;Științe Inginerești;Examen;25;10
Facultatea de Mecanică;Universitatea Politehnica Timişoara (UPT);Timisoara, Timis;35;N/A;N/A;3.900 lei;Ingineria produselor din materiale polimerice şi compozite;Public;Acreditat;Ingineria prelucrării materialelor polimerice, textile şi compozite;Inginerie industrială;Științe Inginerești;Examen;25;10
Facultatea de Arhitectură și Urbanism;Universitatea Politehnica Timişoara (UPT);Timisoara, Timis;35;6.40;0.49;3.900 lei;Restaurare și Regenerare Patrimonială;Public;Acreditat;Urbanism și administrarea teritoriului;Urbanism;Arte, Arhitectură și Urbanism ;Examen;20;15
Facultatea de Ştiinţe ale Comunicării;Universitatea Politehnica Timişoara (UPT);Timisoara, Timis;25;7.80;0.88;3.900 lei;Comunicare în afaceri;Public;Acreditat;Comunicare şi relaţii publice;Ştiinţe ale comunicării;Științe Politice și Comunicare;Examen;22;3
Facultatea de Arhitectură și Urbanism;Universitatea Politehnica Timişoara (UPT);Timisoara, Timis;35;7.88;0.43;3.900 lei;Tendinţe actuale în arhitectura de interior;Public;Acreditat;Arhitectură de interior;Arhitectură;Arte, Arhitectură și Urbanism ;Examen;20;15
Facultatea de Construcţii;Universitatea Politehnica Timişoara (UPT);Timisoara, Timis;30;N/A;N/A;3.900 lei;Cadastru şi evaluarea bunurilor imobile;Public;Acreditat;Cadastru şi managementul proprietăţilor;Inginerie geodezică;Științe Inginerești;Examen;25;5
Facultatea de Construcţii;Universitatea Politehnica Timişoara (UPT);Timisoara, Timis;30;N/A;N/A;3.900 lei;Dezvoltare durabilă: auditul energetic şi securitate la incendiu a clădirilor -;Public;Acreditat;Inginerie civilă;Inginerie civilă și instalații;Științe Inginerești;Examen;25;5
Facultatea de Construcţii;Universitatea Politehnica Timişoara (UPT);Timisoara, Timis;30;N/A;N/A;3.900 lei;Optimizarea şi modernizarea sistemelor de instalaţii;Public;Acreditat;Instalaţii pentru construcţii;Inginerie civilă și instalații;Științe Inginerești;Examen;25;5
Facultatea de Electronică şi Telecomunicaţii;Universitatea Politehnica Timişoara (UPT);Timisoara, Timis;40;N/A;N/A;3.900 lei;Electronica sistemelor inteligente;Public;Acreditat;Electronică aplicată;Inginerie electronică, telecomunicații și tehnologii informaționale;Științe Inginerești;Examen;30;10
Facultatea de Construcţii;Universitatea Politehnica Timişoara (UPT);Timisoara, Timis;30;N/A;N/A;3.900 lei;Proiectarea avansată a structurilor metalice compozite /Advanced Design of Steel and Compozite Structures – limba engleză;Public;Acreditat;Inginerie civilă;Inginerie civilă și instalații;Științe Inginerești;Examen;25;5
Facultatea de Electronică şi Telecomunicaţii;Universitatea Politehnica Timişoara (UPT);Timisoara, Timis;40;7.20;0.50;3.900 lei;Communication Networks (CN);Public;Acreditat;Electronică aplicată;Inginerie electronică, telecomunicații și tehnologii informaționale;Științe Inginerești;Examen;30;10
Facultatea de Automatică şi Calculatoare;Universitatea Politehnica Timişoara (UPT);Timisoara, Timis;35;N/A;N/A;3.900 lei;Sisteme informatice în îngrijirea sănătăţii;Public;Acreditat;Automatică şi informatică aplicată;Ingineria sistemelor și inginerie mecanică;Științe Inginerești;Examen;30;5
Facultatea de Automatică şi Calculatoare;Universitatea Politehnica Timişoara (UPT);Timisoara, Timis;35;N/A;N/A;3.900 lei;Ingineria calculatoarelor - Computer engineering - Limba Engleză;Public;Acreditat;Calculatoare;Calculatoare și tehnologia informației;Științe Inginerești;Examen;30;5
Facultatea de Inginerie din Hunedoara;Universitatea Politehnica Timişoara (UPT);Hunedoara, Hunedoara;30;7.77;0.87;3.900 lei;Ingineria şi managementul sistemelor mecanice;Public;Acreditat;Inginerie economică în domeniul mecanic;Inginerie și management;Științe Inginerești;Examen;26;4
Facultatea de Management în Producţie şi Transporturi;Universitatea Politehnica Timişoara (UPT);Timisoara, Timis;50;6.61;0.28;3.900 lei;Management antreprenorial în administrarea afacerilor;Public;Acreditat;Ingineria şi managementul afacerilor;Inginerie și management;Științe Inginerești;Examen;40;10
Facultatea de Mecanică;Universitatea Politehnica Timişoara (UPT);Timisoara, Timis;35;N/A;N/A;3.900 lei;Sisteme robotice cu inteligenţă artificială;Public;Acreditat;Mecatronică;Mecatronică și robotică;Științe Inginerești;Examen;25;10
Facultatea de Mecanică;Universitatea Politehnica Timişoara (UPT);Timisoara, Timis;25;N/A;N/A;3.900 lei;CAD pentru sisteme mecanice avansate (Computer aided design of the advanced mechanical system) – limba engleză;Public;Acreditat;Mecatronică;Mecatronică și robotică;Științe Inginerești;Examen;0;25
Facultatea de Mecanică;Universitatea Politehnica Timişoara (UPT);Timisoara, Timis;40;N/A;N/A;3.900 lei;Sisteme integrate pentru fabricaţia agroalimentară;Public;Acreditat;Maşini şi instalaţii pentru agricultură şi industrie alimentară;Ingineria sistemelor și inginerie mecanică;Științe Inginerești;Examen;30;10
Facultatea de Electrotehnică şi Electroenergetică;Universitatea Politehnica Timişoara (UPT);Timisoara, Timis;30;N/A;N/A;3.900 lei;Energii regenerabile - Energia solară;Public;Acreditat;Managementul energiei;Inginerie energetică;Științe Inginerești;Examen;20;10
Facultatea de Electronică şi Telecomunicaţii;Universitatea Politehnica Timişoara (UPT);Timisoara, Timis;40;N/A;N/A;3.900 lei;Tehnici avansate în electronică;Public;Acreditat;Electronică aplicată;Inginerie electronică, telecomunicații și tehnologii informaționale;Științe Inginerești;Examen;30;10
Facultatea de Mecanică;Universitatea Politehnica Timişoara (UPT);Timisoara, Timis;40;N/A;N/A;3.500 lei;Ingineria sistemelor de propulsie pentru autovehicule;Public;Acreditat;Ingineria sistemelor de propulsie pentru autovehicule;Ingineria autovehiculelor;Științe Inginerești;Examen;30;10
Facultatea de Inginerie din Hunedoara;Universitatea Politehnica Timişoara (UPT);Hunedoara, Hunedoara;30;7.61;0.87;3.900 lei;Tehnici informatice în ingineria electrică;Public;Acreditat;Inginerie electrică şi calculatoare;Inginerie electrică;Științe Inginerești;Examen;26;4
Facultatea de Automatică şi Calculatoare;Universitatea Politehnica Timişoara (UPT);Timisoara, Timis;35;N/A;N/A;3.900 lei;Sisteme încorporate pentru domeniul auto - Automative embeded software - Limba engleză;Public;Acreditat;Automatică şi informatică aplicată;Ingineria sistemelor și inginerie mecanică;Științe Inginerești;Examen;30;5
Facultatea de Electronică şi Telecomunicaţii;Universitatea Politehnica Timişoara (UPT);Timisoara, Timis;40;6.40;0.57;3.900 lei;Tehnologii multimedia;Public;Acreditat;Electronică aplicată;Inginerie electronică, telecomunicații și tehnologii informaționale;Științe Inginerești;Examen;30;10
Facultatea de Construcţii;Universitatea Politehnica Timişoara (UPT);Timisoara, Timis;30;N/A;N/A;3.900 lei;Infrastructuri pentru transporturi;Public;Acreditat;Infrastructura transporturilor metropolitane;Inginerie civilă și instalații;Științe Inginerești;Examen;25;5
Facultatea de Mecanică;Universitatea Politehnica Timişoara (UPT);Timisoara, Timis;35;N/A;N/A;3.900 lei;Inginerie integrată;Public;Acreditat;Tehnologia construcţiilor de maşini;Inginerie industrială;Științe Inginerești;Examen;25;10
Facultatea de Automatică şi Calculatoare;Universitatea Politehnica Timişoara (UPT);Timisoara, Timis;35;N/A;N/A;3.900 lei;Inginerie software (Software Engineering) – Limba engleză;Public;Acreditat;Calculatoare;Calculatoare și tehnologia informației;Științe Inginerești;Examen;30;5
Facultatea de Mecanică;Universitatea Politehnica Timişoara (UPT);Timisoara, Timis;35;N/A;N/A;3.900 lei;Materiale şi tehnolgii avansate;Public;Acreditat;Ştiinţa materialelor;Ingineria materialelor;Științe Inginerești;Examen;25;10
Facultatea de Mecanică;Universitatea Politehnica Timişoara (UPT);Timisoara, Timis;35;N/A;N/A;3.900 lei;Ergoinginerie în mecatronică;Public;Acreditat;Mecatronică;Mecatronică și robotică;Științe Inginerești;Examen;25;10
Facultatea de Mecanică;Universitatea Politehnica Timişoara (UPT);Timisoara, Timis;40;N/A;N/A;3.900 lei;Managementul calităţii proceselor tehnologice;Public;Acreditat;Inginerie mecanică;Ingineria sistemelor și inginerie mecanică;Științe Inginerești;Examen;30;10
Facultatea de Inginerie Electrică;Universitatea Politehnica din Bucureşti (UPB);Bucuresti, Bucuresti;50;6.68;0.38;5.000 lei;Sisteme electrice avansate;Public;Acreditat;Sisteme electrice;Inginerie electrică;Științe Inginerești;Examen;25;25
Facultatea de Inginerie Mecanică şi Mecatronică;Universitatea Politehnica din Bucureşti (UPB);Bucuresti, Bucuresti;N/A;N/A;N/A;5.000 lei;Evaluarea riscului, siguranței și integrității echipamentelor sub presiune;Public;Acreditat;Construcţii civile, industriale şi agricole;Inginerie civilă;Științe Inginerești;Examen;0;0
Facultatea de Electronică, Telecomunicaţii şi Tehnologia Informaţiei;Universitatea Politehnica din Bucureşti (UPB);Bucuresti, Bucuresti;50;6.85;0.58;5.000 lei;Tehnologii avansate in electronica auto (TAEA);Public;Acreditat;Electronică aplicată;Inginerie electronică, telecomunicații și tehnologii informaționale;Științe Inginerești;Examen;28;22
Facultatea de Energetică;Universitatea Politehnica din Bucureşti (UPB);Bucuresti, Bucuresti;N/A;N/A;N/A;5.000 lei;Ingineria Sistemelor Electroenergice;Public;Acreditat;Ingineria sistemelor electroenergetice;Inginerie energetică;Științe Inginerești;Examen;0;0
Facultatea de Inginerie Industrială și Robotică;Universitatea Politehnica din Bucureşti (UPB);Bucuresti, Bucuresti;40;8.29;0.20;5.000 lei;Echipamente pentru terapii de recuperare;Public;Acreditat;Inginerie industrială;Inginerie industrială;Științe Inginerești;Examen;20;20
Facultatea de Inginerie Industrială și Robotică;Universitatea Politehnica din Bucureşti (UPB);Bucuresti, Bucuresti;40;N/A;N/A;5.000 lei;Design industrial şi produse inovative;Public;Acreditat;Inginerie industrială;Inginerie industrială;Științe Inginerești;Examen;20;20
Facultatea de Inginerie Industrială și Robotică;Universitatea Politehnica din Bucureşti (UPB);Bucuresti, Bucuresti;40;8.35;0.57;5.000 lei;Managementul întreprinderilor industriale virtuale;Public;Acreditat;Inginerie industrială;Inginerie industrială;Științe Inginerești;Examen;20;20
Facultatea de Inginerie Mecanică şi Mecatronică;Universitatea Politehnica din Bucureşti (UPB);Bucuresti, Bucuresti;N/A;N/A;N/A;5.000 lei;Mecatronica avansata;Public;Acreditat;Mecatronică;Mecatronică și robotică;Științe Inginerești;Examen;0;0
Facultatea de Inginerie Aerospaţială;Universitatea Politehnica din Bucureşti (UPB);Bucuresti, Bucuresti;40;N/A;0.03;5.000 lei;Avionică și navigație aerospațială;Public;Acreditat;Construcţii aerospaţiale;Inginerie aerospațială;Științe Inginerești;Examen;20;20
Facultatea de Ingineria Sistemelor Biotehnice;Universitatea Politehnica din Bucureşti (UPB);Bucuresti, Bucuresti;N/A;6.93;N/A;5.000 lei;Ingineria și Managementul Procesării și Păstrării Produselor Agroalimentare;Public;Acreditat;Ingineria produselor alimentare;Ingineria produselor alimentare;Științe Agricole;Examen;0;0
Facultatea de Transporturi;Universitatea Politehnica din Bucureşti (UPB);Bucuresti, Bucuresti;N/A;N/A;N/A;5.000 lei;Transport și Trafic Urban;Public;Acreditat;Ingineria transporturilor şi a traficului;Ingineria transporturilor;Științe Inginerești;Examen;0;0
Facultatea de Inginerie Industrială și Robotică;Universitatea Politehnica din Bucureşti (UPB);Bucuresti, Bucuresti;40;8.10;0.30;5.000 lei;Consilierea şi managementul carierei în domeniul profesional şi tehnic;Public;Acreditat;Pedagogie;Științe ale educației;Științe Politice și Comunicare;Examen;20;20
Facultatea de Inginerie Industrială și Robotică;Universitatea Politehnica din Bucureşti (UPB);Bucuresti, Bucuresti;40;7.72;0.40;5.000 lei;Evaluarea calităţii materialelor şi produselor;Public;Acreditat;Inginerie industrială;Inginerie industrială;Științe Inginerești;Examen;20;20
Facultatea de Ştiinţa şi Ingineria Materialelor;Universitatea Politehnica din Bucureşti (UPB);Bucuresti, Bucuresti;N/A;N/A;N/A;5.000 lei;Sinteza și procesarea materialelor metalice speciale;Public;Acreditat;Ştiinţa materialelor;Ingineria materialelor;Științe Inginerești;Examen;0;0
Facultatea de Inginerie Medicală;Universitatea Politehnica din Bucureşti (UPB);Bucuresti, Bucuresti;35;N/A;N/A;5.500 lei;Substanţe, Materiale şi Sisteme Biocompatibile (SB);Public;Acreditat;Inginerie medicală;Științe inginerești aplicate;Științe Inginerești;Examen;25;10
Facultatea de Chimie Aplicată şi Ştiinţa Materialelor;Universitatea Politehnica din Bucureşti (UPB);Bucuresti, Bucuresti;N/A;N/A;N/A;5.000 lei;Ingineria mediului;Public;Acreditat;Ingineria mediului;Ingineria mediului;Științe Inginerești;Examen;0;0
Facultatea de Transporturi;Universitatea Politehnica din Bucureşti (UPB);Bucuresti, Bucuresti;50;N/A;N/A;5.000 lei;Sisteme Telematice pentru Transporturi;Public;Acreditat;Ingineria transporturilor şi a traficului;Ingineria transporturilor;Științe Inginerești;Examen;25;25
Facultatea de Ştiinţe Aplicate;Universitatea Politehnica din Bucureşti (UPB);Bucuresti, Bucuresti;N/A;N/A;N/A;5.000 lei;Sisteme dinamice optimale și modele economico-financiare;Public;Acreditat;Inginerie medicală;Științe inginerești aplicate;Științe Inginerești;Examen;0;0
Facultatea de Ştiinţe Aplicate;Universitatea Politehnica din Bucureşti (UPB);Bucuresti, Bucuresti;N/A;N/A;N/A;5.000 lei;Modele de decizie, risc şi prognoză;Public;Acreditat;Inginerie medicală;Științe inginerești aplicate;Științe Inginerești;Examen;0;0
Facultatea de Antreprenoriat, Ingineria şi Managementul Afacerilor;Universitatea Politehnica din Bucureşti (UPB);Bucuresti, Bucuresti;N/A;N/A;N/A;3.000 lei;Inginerie economică în activități industriale;Public;Acreditat;Inginerie economică industrială;Inginerie și management;Științe Inginerești;Examen;0;0
Facultatea de Electronică, Telecomunicaţii şi Tehnologia Informaţiei;Universitatea Politehnica din Bucureşti (UPB);Bucuresti, Bucuresti;30;N/A;N/A;5.000 lei;Circuite și sisteme integrate de comunicații;Public;Acreditat;Electronică aplicată;Inginerie electronică, telecomunicații și tehnologii informaționale;Științe Inginerești;Examen;15;15
Facultatea de Electronică, Telecomunicaţii şi Tehnologia Informaţiei;Universitatea Politehnica din Bucureşti (UPB);Bucuresti, Bucuresti;N/A;N/A;N/A;5.000 lei;Tehnologii multimedia în aplicații de biometrie și securitatea informației;Public;Acreditat;Electronică aplicată;Inginerie electronică, telecomunicații și tehnologii informaționale;Științe Inginerești;Examen;0;0
Facultatea de Electronică, Telecomunicaţii şi Tehnologia Informaţiei;Universitatea Politehnica din Bucureşti (UPB);Bucuresti, Bucuresti;25;7.29;0.32;5.000 lei;Sisteme inteligente și vederea artificială;Public;Acreditat;Electronică aplicată;Inginerie electronică, telecomunicații și tehnologii informaționale;Științe Inginerești;Examen;15;10
Facultatea de Inginerie în Limbi Străine;Universitatea Politehnica din Bucureşti (UPB);Bucuresti, Bucuresti;25;7.71;0.28;5.500 lei;Software Engineering - Ingineria sistemelor de programe;Public;Acreditat;Ingineria informaţiei;Calculatoare și tehnologia informației;Științe Inginerești;Examen;10;15
Facultatea de Inginerie în Limbi Străine;Universitatea Politehnica din Bucureşti (UPB);Bucuresti, Bucuresti;10;9.20;0.30;5.500 lei;Ingénierie des systèmes industriels – Ingineria sistemelor industriale;Public;Acreditat;Inginerie industrială;Inginerie industrială;Științe Inginerești;Examen;5;5
Facultatea de Automatică şi Calculatoare;Universitatea Politehnica din Bucureşti (UPB);Bucuresti, Bucuresti;N/A;6.36;N/A;5.000 lei;Grafică, multimedia şi realitate virtuală;Public;Acreditat;Calculatoare;Calculatoare și tehnologia informației;Științe Inginerești;Examen;0;0
Facultatea de Inginerie Aerospaţială;Universitatea Politehnica din Bucureşti (UPB);Bucuresti, Bucuresti;45;N/A;0.04;5.000 lei;Sisteme holistice spațiale;Public;Acreditat;Sisteme de propulsie;Inginerie aerospațială;Științe Inginerești;Examen;25;20
Facultatea de Automatică şi Calculatoare;Universitatea Politehnica din Bucureşti (UPB);Bucuresti, Bucuresti;N/A;N/A;N/A;5.000 lei;Arhitecturi orientate pe servicii pentru intreprinderi;Public;Acreditat;Automatică şi informatică aplicată;Ingineria sistemelor și inginerie mecanică;Științe Inginerești;Examen;0;0
Facultatea de Automatică şi Calculatoare;Universitatea Politehnica din Bucureşti (UPB);Bucuresti, Bucuresti;N/A;6.92;N/A;5.500 lei;Service engineering and management/ Ingineria și managementul serviciilor;Public;Acreditat;Automatică şi informatică aplicată;Ingineria sistemelor și inginerie mecanică;Științe Inginerești;Examen;0;0
Facultatea de Automatică şi Calculatoare;Universitatea Politehnica din Bucureşti (UPB);Bucuresti, Bucuresti;N/A;6.88;N/A;5.000 lei;Sisteme informatice în medicină;Public;Acreditat;Automatică şi informatică aplicată;Ingineria sistemelor și inginerie mecanică;Științe Inginerești;Examen;0;0
Facultatea de Chimie Aplicată şi Ştiinţa Materialelor;Universitatea Politehnica din Bucureşti (UPB);Bucuresti, Bucuresti;N/A;N/A;N/A;5.000 lei;Protecția Consumatorului. Controlul Calității Produselor;Public;Acreditat;Ingineria substanţelor anorganice şi protecţia mediului;Inginerie chimică;Științe Inginerești;Examen;0;0
Facultatea de Inginerie Electrică;Universitatea Politehnica din Bucureşti (UPB);Bucuresti, Bucuresti;50;N/A;N/A;5.000 lei;Analiza și modelarea sistemelor electromagnetice;Public;Acreditat;Sisteme electrice;Inginerie electrică;Științe Inginerești;Examen;25;25
Facultatea de Electronică, Telecomunicaţii şi Tehnologia Informaţiei;Universitatea Politehnica din Bucureşti (UPB);Bucuresti, Bucuresti;20;7.29;0.40;5.000 lei;Sisteme inteligente şi vederea artificială (SIVA);Public;Acreditat;Electronică aplicată;Inginerie electronică, telecomunicații și tehnologii informaționale;Științe Inginerești;Examen;10;10
Facultatea de Electronică, Telecomunicaţii şi Tehnologia Informaţiei;Universitatea Politehnica din Bucureşti (UPB);Bucuresti, Bucuresti;10;7.13;0.30;5.000 lei;Electronică şi informatică aplicată (EIA);Public;Acreditat;Electronică aplicată;Inginerie electronică, telecomunicații și tehnologii informaționale;Științe Inginerești;Examen;5;5
Facultatea de Inginerie Industrială și Robotică;Universitatea Politehnica din Bucureşti (UPB);Bucuresti, Bucuresti;40;7.37;0.17;5.000 lei;Calitate în inginerie şi managementul afacerilor;Public;Acreditat;Inginerie economică industrială;Inginerie și management;Științe Inginerești;Examen;20;20
Facultatea de Inginerie Industrială și Robotică;Universitatea Politehnica din Bucureşti (UPB);Bucuresti, Bucuresti;40;7.83;0.23;5.000 lei;Concepţie şi management în productică;Public;Acreditat;Inginerie industrială;Inginerie industrială;Științe Inginerești;Examen;20;20
Facultatea de Inginerie Industrială și Robotică;Universitatea Politehnica din Bucureşti (UPB);Bucuresti, Bucuresti;40;6.85;0.30;5.000 lei;Logistică industrială;Public;Acreditat;Logistică industrială;Inginerie industrială;Științe Inginerești;Examen;20;20
Facultatea de Inginerie Mecanică şi Mecatronică;Universitatea Politehnica din Bucureşti (UPB);Bucuresti, Bucuresti;N/A;N/A;N/A;5.000 lei;Ingineria calității și mediului in industriile de proces;Public;Acreditat;Construcţii civile, industriale şi agricole;Inginerie civilă;Științe Inginerești;Examen;0;0
Facultatea de Inginerie Aerospaţială;Universitatea Politehnica din Bucureşti (UPB);Bucuresti, Bucuresti;40;N/A;0.10;5.000 lei;Structuri aeronautice și spațiale;Public;Acreditat;Construcţii aerospaţiale;Inginerie aerospațială;Științe Inginerești;Examen;20;20
Facultatea de Ingineria Sistemelor Biotehnice;Universitatea Politehnica din Bucureşti (UPB);Bucuresti, Bucuresti;50;6.47;1.20;5.000 lei;Cercetarea, proiectarea și testarea sistemelor biotehnice (CPTSB);Public;Acreditat;Construcţii civile, industriale şi agricole;Inginerie civilă;Științe Inginerești;Examen;25;25
Facultatea de Inginerie Industrială și Robotică;Universitatea Politehnica din Bucureşti (UPB);Bucuresti, Bucuresti;45;7.00;0.60;5.000 lei;Ingineria securităţii şi sănătăţii în muncă;Public;Acreditat;Ingineria securităţii în industrie;Inginerie industrială;Științe Inginerești;Examen;25;20
Facultatea de Inginerie Industrială și Robotică;Universitatea Politehnica din Bucureşti (UPB);Bucuresti, Bucuresti;40;7.54;0.07;5.000 lei;Studii culturale europene;Public;Acreditat;Relaţii internaţionale şi studii europene;Relații internaționale și studii europene;Științe Politice și Comunicare;Examen;20;20
Facultatea de Transporturi;Universitatea Politehnica din Bucureşti (UPB);Bucuresti, Bucuresti;N/A;N/A;N/A;5.000 lei;Vehicule Feroviare pentru Mari Viteze;Public;Acreditat;Ingineria transporturilor şi a traficului;Ingineria transporturilor;Științe Inginerești;Examen;0;0
Facultatea de Inginerie Industrială și Robotică;Universitatea Politehnica din Bucureşti (UPB);Bucuresti, Bucuresti;40;8.79;0.78;5.000 lei;Ingineria calităţii;Public;Acreditat;Ingineria şi managementul calităţii;Inginerie industrială;Științe Inginerești;Examen;20;20
Facultatea de Transporturi;Universitatea Politehnica din Bucureşti (UPB);Bucuresti, Bucuresti;50;N/A;N/A;5.000 lei;Management în Transporturi;Public;Acreditat;Ingineria transporturilor şi a traficului;Ingineria transporturilor;Științe Inginerești;Examen;25;25
Facultatea de Ştiinţa şi Ingineria Materialelor;Universitatea Politehnica din Bucureşti (UPB);Bucuresti, Bucuresti;N/A;N/A;N/A;5.000 lei;Obținerea, procesarea și caracterizarea nanomaterialelor metalice;Public;Acreditat;Ştiinţa materialelor;Ingineria materialelor;Științe Inginerești;Examen;0;0
Facultatea de Antreprenoriat, Ingineria şi Managementul Afacerilor;Universitatea Politehnica din Bucureşti (UPB);Bucuresti, Bucuresti;52;8.03;0.62;5.000 lei;Calitatea produselor și serviciilor industriale;Public;Acreditat;Tehnologia construcţiilor de maşini;Inginerie industrială;Științe Inginerești;Examen;32;20
Facultatea de Electronică, Telecomunicaţii şi Tehnologia Informaţiei;Universitatea Politehnica din Bucureşti (UPB);Bucuresti, Bucuresti;N/A;N/A;N/A;5.000 lei;Managementul serviciilor și rețelelor;Public;Acreditat;Electronică aplicată;Inginerie electronică, telecomunicații și tehnologii informaționale;Științe Inginerești;Examen;0;0
Facultatea de Electronică, Telecomunicaţii şi Tehnologia Informaţiei;Universitatea Politehnica din Bucureşti (UPB);Bucuresti, Bucuresti;16;N/A;1.00;5.000 lei;Comunicații mobile;Public;Acreditat;Tehnologii şi sisteme de telecomunicaţii;Inginerie electronică, telecomunicații și tehnologii informaționale;Științe Inginerești;Examen;16;0
Facultatea de Electronică, Telecomunicaţii şi Tehnologia Informaţiei;Universitatea Politehnica din Bucureşti (UPB);Bucuresti, Bucuresti;N/A;N/A;N/A;5.000 lei;Tehnologii multimedia pentru producția de conținut în domeniul audiovizualului și comunicațiilor;Public;Acreditat;Electronică aplicată;Inginerie electronică, telecomunicații și tehnologii informaționale;Științe Inginerești;Examen;0;0
Facultatea de Electronică, Telecomunicaţii şi Tehnologia Informaţiei;Universitatea Politehnica din Bucureşti (UPB);Bucuresti, Bucuresti;N/A;N/A;N/A;5.000 lei;Rețele integrate de telecomunicații;Public;Acreditat;Electronică aplicată;Inginerie electronică, telecomunicații și tehnologii informaționale;Științe Inginerești;Examen;0;0
Facultatea de Electronică, Telecomunicaţii şi Tehnologia Informaţiei;Universitatea Politehnica din Bucureşti (UPB);Bucuresti, Bucuresti;51;8.37;0.59;5.000 lei;Ingineria informației și a sistemelor de calcul;Public;Acreditat;Electronică aplicată;Inginerie electronică, telecomunicații și tehnologii informaționale;Științe Inginerești;Examen;28;23
Facultatea de Electronică, Telecomunicaţii şi Tehnologia Informaţiei;Universitatea Politehnica din Bucureşti (UPB);Bucuresti, Bucuresti;N/A;N/A;N/A;5.000 lei;Microsisteme;Public;Acreditat;Transmisiuni;Inginerie electronică, telecomunicații și tehnologii informaționale;Științe Inginerești;Examen;0;0
Facultatea de Ingineria Sistemelor Biotehnice;Universitatea Politehnica din Bucureşti (UPB);Bucuresti, Bucuresti;N/A;6.52;N/A;5.000 lei;Tehnologii avansate în industria alimentară;Public;Acreditat;Ingineria produselor alimentare;Ingineria produselor alimentare;Științe Agricole;Examen;0;0
Facultatea de Inginerie în Limbi Străine;Universitatea Politehnica din Bucureşti (UPB);Bucuresti, Bucuresti;25;7.90;0.32;5.500 lei;Biomedical Informatics - Informatică biomedicală;Public;Acreditat;Tehnologia informaţiei;Calculatoare și tehnologia informației;Științe Inginerești;Examen;10;15
Facultatea de Automatică şi Calculatoare;Universitatea Politehnica din Bucureşti (UPB);Bucuresti, Bucuresti;40;5.61;0.55;5.000 lei;Administrarea bazelor de date;Public;Acreditat;Tehnologia informaţiei;Calculatoare și tehnologia informației;Științe Inginerești;Examen;20;20
Facultatea de Automatică şi Calculatoare;Universitatea Politehnica din Bucureşti (UPB);Bucuresti, Bucuresti;475;N/A;N/A;3.000 lei;Ingineria sistemelor internet;Public;Acreditat;Calculatoare;Calculatoare și tehnologia informației;Științe Inginerești;Dosar;250;225
Facultatea de Inginerie Aerospaţială;Universitatea Politehnica din Bucureşti (UPB);Bucuresti, Bucuresti;40;N/A;0.28;5.000 lei;Ingineria transportului aerian/ Air transport engineering;Public;Acreditat;Inginerie şi management aeronautic;Inginerie aerospațială;Științe Inginerești;Examen;20;20
Facultatea de Inginerie în Limbi Străine;Universitatea Politehnica din Bucureşti (UPB);Bucuresti, Bucuresti;N/A;9.00;N/A;5.500 lei;Energy engineering;Public;Acreditat;Ingineria sistemelor electroenergetice;Inginerie energetică;Științe Inginerești;Examen;0;0
Facultatea de Automatică şi Calculatoare;Universitatea Politehnica din Bucureşti (UPB);Bucuresti, Bucuresti;N/A;6.30;N/A;5.000 lei;Automatică şi informatică industrială;Public;Acreditat;Automatică şi informatică aplicată;Ingineria sistemelor și inginerie mecanică;Științe Inginerești;Examen;0;0
Facultatea de Automatică şi Calculatoare;Universitatea Politehnica din Bucureşti (UPB);Bucuresti, Bucuresti;N/A;6.95;N/A;5.000 lei;Sisteme inteligente de conducere;Public;Acreditat;Automatică şi informatică aplicată;Ingineria sistemelor și inginerie mecanică;Științe Inginerești;Examen;0;0
Facultatea de Chimie Aplicată şi Ştiinţa Materialelor;Universitatea Politehnica din Bucureşti (UPB);Bucuresti, Bucuresti;N/A;N/A;N/A;5.000 lei;Știința și Ingineria Materialelor Oxidice Avansate și Nanomateriale;Public;Acreditat;Ştiinţa şi ingineria materialelor oxidice şi nanomateriale;Inginerie chimică;Științe Inginerești;Examen;0;0
Facultatea de Inginerie Electrică;Universitatea Politehnica din Bucureşti (UPB);Bucuresti, Bucuresti;50;7.96;0.60;5.000 lei;Sisteme inteligente de instrumentație și măsurare;Public;Acreditat;Sisteme electrice;Inginerie electrică;Științe Inginerești;Examen;25;25
Facultatea de Inginerie Electrică;Universitatea Politehnica din Bucureşti (UPB);Bucuresti, Bucuresti;50;7.29;0.36;5.000 lei;Electronică de putere și acționări electirce inteligente;Public;Acreditat;Electronică de putere şi acţionări electrice;Inginerie electrică;Științe Inginerești;Examen;25;25
Facultatea de Energetică;Universitatea Politehnica din Bucureşti (UPB);Bucuresti, Bucuresti;N/A;N/A;N/A;5.000 lei;Managementul Mediului și Dezvoltare Durabilă;Public;Acreditat;Ingineria şi protecţia mediului în industrie;Ingineria mediului;Științe Inginerești;Examen;0;0
Facultatea de Energetică;Universitatea Politehnica din Bucureşti (UPB);Bucuresti, Bucuresti;N/A;N/A;N/A;5.000 lei;Inginerie Nucleară;Public;Acreditat;Ingineria sistemelor electroenergetice;Inginerie energetică;Științe Inginerești;Examen;0;0
Facultatea de Inginerie Mecanică şi Mecatronică;Universitatea Politehnica din Bucureşti (UPB);Bucuresti, Bucuresti;N/A;N/A;N/A;5.000 lei;Ingineria și managementul echipamentelor și sistemelor termice;Public;Acreditat;Construcţii civile, industriale şi agricole;Inginerie civilă;Științe Inginerești;Examen;0;0
Facultatea de Inginerie Mecanică şi Mecatronică;Universitatea Politehnica din Bucureşti (UPB);Bucuresti, Bucuresti;N/A;N/A;N/A;5.000 lei;Sisteme hidraulice și pneumatice avansate;Public;Acreditat;Construcţii civile, industriale şi agricole;Inginerie civilă;Științe Inginerești;Examen;0;0
Facultatea de Inginerie Industrială și Robotică;Universitatea Politehnica din Bucureşti (UPB);Bucuresti, Bucuresti;40;8.01;0.30;5.000 lei;Comunicare managerială;Public;Acreditat;Jurnalism;Ştiinţe ale comunicării;Științe Politice și Comunicare;Examen;20;20
Facultatea de Inginerie Industrială și Robotică;Universitatea Politehnica din Bucureşti (UPB);Bucuresti, Bucuresti;40;8.19;0.23;5.000 lei;Ingineria proiectării şi fabricării produselor;Public;Acreditat;Inginerie industrială;Inginerie industrială;Științe Inginerești;Examen;20;20
Facultatea de Inginerie Industrială și Robotică;Universitatea Politehnica din Bucureşti (UPB);Bucuresti, Bucuresti;40;7.52;0.42;5.000 lei;Ingineria nanostructurilor şi proceselor neconvenţionale;Public;Acreditat;Nanotehnologii şi sisteme neconvenţionale;Inginerie industrială;Științe Inginerești;Examen;20;20
Facultatea de Inginerie Industrială și Robotică;Universitatea Politehnica din Bucureşti (UPB);Bucuresti, Bucuresti;40;8.58;0.03;5.000 lei;Tehnologii și Sisteme Poligrafice;Public;Acreditat;Inginerie industrială;Inginerie industrială;Științe Inginerești;Examen;20;20
Facultatea de Inginerie Industrială și Robotică;Universitatea Politehnica din Bucureşti (UPB);Bucuresti, Bucuresti;40;7.70;0.20;5.000 lei;Siguranţa şi integritatea structurilor;Public;Acreditat;Inginerie mecanică;Ingineria sistemelor și inginerie mecanică;Științe Inginerești;Examen;20;20
Facultatea de Transporturi;Universitatea Politehnica din Bucureşti (UPB);Bucuresti, Bucuresti;N/A;N/A;N/A;5.000 lei;Sistemul Integrat Om-Autovehicul-Mediu;Public;Acreditat;Ingineria transporturilor şi a traficului;Ingineria transporturilor;Științe Inginerești;Examen;0;0
Facultatea de Inginerie Aerospaţială;Universitatea Politehnica din Bucureşti (UPB);Bucuresti, Bucuresti;60;N/A;0.22;5.000 lei;Management aeronautic;Public;Acreditat;Construcţii aerospaţiale;Inginerie aerospațială;Științe Inginerești;Examen;40;20
Facultatea de Inginerie Aerospaţială;Universitatea Politehnica din Bucureşti (UPB);Bucuresti, Bucuresti;55;6.18;0.40;5.000 lei;Inginerie și management aerospațial;Public;Acreditat;Construcţii aerospaţiale;Inginerie aerospațială;Științe Inginerești;Examen;35;20
Facultatea de Ingineria Sistemelor Biotehnice;Universitatea Politehnica din Bucureşti (UPB);Bucuresti, Bucuresti;N/A;6.67;N/A;5.000 lei;Controlul Zgomotelor și Vibrațiilor;Public;Acreditat;Construcţii civile, industriale şi agricole;Inginerie civilă;Științe Inginerești;Examen;0;0
Facultatea de Transporturi;Universitatea Politehnica din Bucureşti (UPB);Bucuresti, Bucuresti;N/A;N/A;N/A;5.000 lei;Fenomene de Interactiune Vehicul - Cale de Rulare;Public;Acreditat;Ingineria transporturilor şi a traficului;Ingineria transporturilor;Științe Inginerești;Examen;0;0
Facultatea de Ştiinţa şi Ingineria Materialelor;Universitatea Politehnica din Bucureşti (UPB);Bucuresti, Bucuresti;N/A;N/A;N/A;5.000 lei;Știința și managementul testării materialelor;Public;Acreditat;Ştiinţa materialelor;Ingineria materialelor;Științe Inginerești;Examen;0;0
Facultatea de Ştiinţa şi Ingineria Materialelor;Universitatea Politehnica din Bucureşti (UPB);Bucuresti, Bucuresti;N/A;N/A;N/A;5.000 lei;Tehnici avansate pentru procesarea materialelor metalice;Public;Acreditat;Ştiinţa materialelor;Ingineria materialelor;Științe Inginerești;Examen;0;0
Facultatea de Antreprenoriat, Ingineria şi Managementul Afacerilor;Universitatea Politehnica din Bucureşti (UPB);Bucuresti, Bucuresti;41;8.53;0.54;5.000 lei;Ingineria resurselor umane în organizațiile industriale;Public;Acreditat;Inginerie economică industrială;Inginerie și management;Științe Inginerești;Examen;21;20
Facultatea de Chimie Aplicată şi Ştiinţa Materialelor;Universitatea Politehnica din Bucureşti (UPB);Bucuresti, Bucuresti;50;N/A;N/A;5.000 lei;Științele Vieții și Ecologie;Public;Acreditat;Psihologie;Psihologie;Științe Sociale și Psihologie;Dosar;25;25
Facultatea de Electronică, Telecomunicaţii şi Tehnologia Informaţiei;Universitatea Politehnica din Bucureşti (UPB);Bucuresti, Bucuresti;N/A;N/A;N/A;5.000 lei;Ingineria calităţii şi siguranţei în funcţionare în electronică şi telecomunicaţii;Public;Acreditat;Electronică aplicată;Inginerie electronică, telecomunicații și tehnologii informaționale;Științe Inginerești;Examen;0;0
Facultatea de Electronică, Telecomunicaţii şi Tehnologia Informaţiei;Universitatea Politehnica din Bucureşti (UPB);Bucuresti, Bucuresti;N/A;N/A;N/A;5.000 lei;Advanced Microelectronics;Public;Acreditat;Microelectronică, optoelectronică şi nanotehnologii;Inginerie electronică, telecomunicații și tehnologii informaționale;Științe Inginerești;Examen;0;0
Facultatea de Electronică, Telecomunicaţii şi Tehnologia Informaţiei;Universitatea Politehnica din Bucureşti (UPB);Bucuresti, Bucuresti;276;6.91;0.11;5.000 lei;Tehnologii avansate în electronica auto;Public;Acreditat;Electronică aplicată;Inginerie electronică, telecomunicații și tehnologii informaționale;Științe Inginerești;Examen;177;99
Facultatea de Electronică, Telecomunicaţii şi Tehnologia Informaţiei;Universitatea Politehnica din Bucureşti (UPB);Bucuresti, Bucuresti;N/A;N/A;N/A;5.000 lei;Tehnologii multimedia pentru aplicații medicale;Public;Acreditat;Electronică aplicată;Inginerie electronică, telecomunicații și tehnologii informaționale;Științe Inginerești;Examen;0;0
Facultatea de Inginerie în Limbi Străine;Universitatea Politehnica din Bucureşti (UPB);Bucuresti, Bucuresti;20;9.00;0.15;5.500 lei;Management, innovation et technologies des systèmes collaboratifs - Management, inovare și tehnologii de sisteme colaborative;Public;Acreditat;Tehnologia informaţiei;Calculatoare și tehnologia informației;Științe Inginerești;Examen;2;18
Facultatea de Inginerie în Limbi Străine;Universitatea Politehnica din Bucureşti (UPB);Bucuresti, Bucuresti;15;8.96;0.40;5.500 lei;Technologies de la traduction automatique - Tehnologia traducerii automate;Public;Acreditat;Științe ale informării și documentării;Ştiinţe ale comunicării;Științe Politice și Comunicare;Examen;5;10
Facultatea de Inginerie Medicală;Universitatea Politehnica din Bucureşti (UPB);Bucuresti, Bucuresti;80;N/A;N/A;5.000 lei;Inginerie medicală;Public;Acreditat;Inginerie medicală;Științe inginerești aplicate;Științe Inginerești;Examen;70;10
Facultatea de Automatică şi Calculatoare;Universitatea Politehnica din Bucureşti (UPB);Bucuresti, Bucuresti;40;6.27;0.45;5.000 lei;Arhitecturi avansate de calculatoare;Public;Acreditat;Calculatoare;Calculatoare și tehnologia informației;Științe Inginerești;Examen;20;20
Facultatea de Automatică şi Calculatoare;Universitatea Politehnica din Bucureşti (UPB);Bucuresti, Bucuresti;N/A;5.93;N/A;5.000 lei;Management în tehnologia informaţiei;Public;Acreditat;Calculatoare;Calculatoare și tehnologia informației;Științe Inginerești;Examen;0;0
Facultatea de Inginerie în Limbi Străine;Universitatea Politehnica din Bucureşti (UPB);Bucuresti, Bucuresti;20;8.38;1.00;5.500 lei;Technologies de la traduction automatique;Public;Acreditat;Științe ale informării și documentării;Ştiinţe ale comunicării;Științe Politice și Comunicare;Examen;20;0
Facultatea de Inginerie în Limbi Străine;Universitatea Politehnica din Bucureşti (UPB);Bucuresti, Bucuresti;60;8.03;0.52;5.500 lei;Biomaterials for Tissue Engineering (BioTE);Public;Acreditat;Ingineria biomaterialelor;Ingineria materialelor;Științe Inginerești;Examen;30;30
Facultatea de Automatică şi Calculatoare;Universitatea Politehnica din Bucureşti (UPB);Bucuresti, Bucuresti;N/A;6.70;N/A;5.000 lei;Control avansat şi sisteme în timp real;Public;Acreditat;Automatică şi informatică aplicată;Ingineria sistemelor și inginerie mecanică;Științe Inginerești;Examen;0;0
Facultatea de Chimie Aplicată şi Ştiinţa Materialelor;Universitatea Politehnica din Bucureşti (UPB);Bucuresti, Bucuresti;N/A;N/A;N/A;500 lei;Expertizarea Produselor Chimice, Alimentelor și Materialelor;Public;Acreditat;Ingineria substanţelor anorganice şi protecţia mediului;Inginerie chimică;Științe Inginerești;Examen;0;0
Facultatea de Chimie Aplicată şi Ştiinţa Materialelor;Universitatea Politehnica din Bucureşti (UPB);Bucuresti, Bucuresti;N/A;N/A;N/A;5.000 lei;Știința și Ingineria Polimerilor;Public;Acreditat;Ştiinţa şi ingineria polimerilor;Inginerie chimică;Științe Inginerești;Examen;0;0
Facultatea de Energetică;Universitatea Politehnica din Bucureşti (UPB);Bucuresti, Bucuresti;N/A;N/A;N/A;5.000 lei;Surse Regenerabile de Energie;Public;Acreditat;Ingineria sistemelor electroenergetice;Inginerie energetică;Științe Inginerești;Examen;0;0
Facultatea de Electronică, Telecomunicaţii şi Tehnologia Informaţiei;Universitatea Politehnica din Bucureşti (UPB);Bucuresti, Bucuresti;34;7.26;0.74;5.000 lei;Tehnici avansate de imagistică digitală (TAID);Public;Acreditat;Informatică aplicată în inginerie electrică;Științe inginerești aplicate;Științe Inginerești;Examen;24;10
Facultatea de Energetică;Universitatea Politehnica din Bucureşti (UPB);Bucuresti, Bucuresti;N/A;N/A;N/A;5.000 lei;Informatică aplicată în energetică;Public;Acreditat;Ingineria sistemelor electroenergetice;Inginerie energetică;Științe Inginerești;Examen;0;0
Facultatea de Inginerie Mecanică şi Mecatronică;Universitatea Politehnica din Bucureşti (UPB);Bucuresti, Bucuresti;N/A;N/A;N/A;5.000 lei;Concepție integrată în ingineria mecanică;Public;Acreditat;Construcţii civile, industriale şi agricole;Inginerie civilă;Științe Inginerești;Examen;0;0
Facultatea de Inginerie Mecanică şi Mecatronică;Universitatea Politehnica din Bucureşti (UPB);Bucuresti, Bucuresti;N/A;N/A;N/A;5.000 lei;Antreprenoriat industrial;Public;Acreditat;Tehnologia construcţiilor de maşini;Inginerie industrială;Științe Inginerești;Examen;0;0
Facultatea de Inginerie Industrială și Robotică;Universitatea Politehnica din Bucureşti (UPB);Bucuresti, Bucuresti;40;8.37;0.30;5.000 lei;Ingineria şi managementul proiectelor complexe;Public;Acreditat;Inginerie economică industrială;Inginerie și management;Științe Inginerești;Examen;20;20
Facultatea de Inginerie Mecanică şi Mecatronică;Universitatea Politehnica din Bucureşti (UPB);Bucuresti, Bucuresti;N/A;N/A;N/A;5.000 lei;Termodinamica echipamentelor pentru procese industriale;Public;Acreditat;Construcţii civile, industriale şi agricole;Inginerie civilă;Științe Inginerești;Examen;0;0
Facultatea de Electronică, Telecomunicaţii şi Tehnologia Informaţiei;Universitatea Politehnica din Bucureşti (UPB);Bucuresti, Bucuresti;575;N/A;N/A;4.000 lei;Electronică şi informatică medicală (EIM);Public;Acreditat;Electronică aplicată;Inginerie electronică, telecomunicații și tehnologii informaționale;Științe Inginerești;Examen;500;75
Facultatea de Ingineria Sistemelor Biotehnice;Universitatea Politehnica din Bucureşti (UPB);Bucuresti, Bucuresti;N/A;7.21;N/A;5.000 lei;Inginerie și Proiectare Asistată de Calculator prin Mașini și Structuri Mecanice;Public;Acreditat;Tehnologia informaţiei;Calculatoare și tehnologia informației;Științe Inginerești;Examen;0;0
Facultatea de Inginerie Industrială și Robotică;Universitatea Politehnica din Bucureşti (UPB);Bucuresti, Bucuresti;40;8.99;0.03;5.500 lei;Conception integree des systemes technologiques;Public;Acreditat;Inginerie industrială;Inginerie industrială;Științe Inginerești;Examen;20;20
Facultatea de Inginerie Industrială și Robotică;Universitatea Politehnica din Bucureşti (UPB);Bucuresti, Bucuresti;40;7.92;0.15;5.000 lei;Ingineria şi managementul proceselor de sudare şi control;Public;Acreditat;Inginerie industrială;Inginerie industrială;Științe Inginerești;Examen;20;20
Facultatea de Inginerie Industrială și Robotică;Universitatea Politehnica din Bucureşti (UPB);Bucuresti, Bucuresti;40;7.21;0.10;5.000 lei;Modelarea şi simularea sistemelor mecanice mobile;Public;Acreditat;Inginerie mecanică;Ingineria sistemelor și inginerie mecanică;Științe Inginerești;Examen;20;20
Facultatea de Ingineria Sistemelor Biotehnice;Universitatea Politehnica din Bucureşti (UPB);Bucuresti, Bucuresti;40;N/A;N/A;3.000 lei;Ingineria și Management în Protecția Mediului;Public;Acreditat;Ingineria şi protecţia mediului în industrie;Ingineria mediului;Științe Inginerești;Examen;40;0
Facultatea de Inginerie Aerospaţială;Universitatea Politehnica din Bucureşti (UPB);Bucuresti, Bucuresti;40;N/A;0.12;5.000 lei;Propulsie aerospațiala și protecția mediului;Public;Acreditat;Construcţii aerospaţiale;Inginerie aerospațială;Științe Inginerești;Examen;20;20
Facultatea de Inginerie Aerospaţială;Universitatea Politehnica din Bucureşti (UPB);Bucuresti, Bucuresti;60;7.51;0.38;5.000 lei;Grafică inginerească și design industrial;Public;Acreditat;Design industrial;Inginerie industrială;Științe Inginerești;Examen;40;20
Facultatea de Transporturi;Universitatea Politehnica din Bucureşti (UPB);Bucuresti, Bucuresti;N/A;N/A;N/A;5.000 lei;Ingineria Mediului și Managementul Calității în Domeniul Feroviar;Public;Acreditat;Tehnologia construcţiilor de maşini;Inginerie industrială;Științe Inginerești;Examen;0;0
Facultatea de Ştiinţa şi Ingineria Materialelor;Universitatea Politehnica din Bucureşti (UPB);Bucuresti, Bucuresti;N/A;N/A;N/A;5.000 lei;Protecția mediului în industria materialelor metalice;Public;Acreditat;Ingineria şi protecţia mediului în industrie;Ingineria mediului;Științe Inginerești;Examen;0;0
Facultatea de Ştiinţa şi Ingineria Materialelor;Universitatea Politehnica din Bucureşti (UPB);Bucuresti, Bucuresti;N/A;N/A;N/A;5.000 lei;Biomateriale metalice;Public;Acreditat;Inginerie medicală;Științe inginerești aplicate;Științe Inginerești;Examen;0;0
Facultatea de Ştiinţe Aplicate;Universitatea Politehnica din Bucureşti (UPB);Bucuresti, Bucuresti;N/A;N/A;N/A;5.000 lei;Ingineria și aplicațiile laserilor și acceleratorilor;Public;Acreditat;Inginerie medicală;Științe inginerești aplicate;Științe Inginerești;Examen;0;0
Facultatea de Ştiinţe Aplicate;Universitatea Politehnica din Bucureşti (UPB);Bucuresti, Bucuresti;N/A;N/A;N/A;5.000 lei;Teoria codării și stocării informației;Public;Acreditat;Inginerie medicală;Științe inginerești aplicate;Științe Inginerești;Examen;0;0
Facultatea de Transporturi;Universitatea Politehnica din Bucureşti (UPB);Bucuresti, Bucuresti;50;N/A;N/A;5.000 lei;Sisteme Inteligente pentru Transporturi;Public;Acreditat;Ingineria transporturilor şi a traficului;Ingineria transporturilor;Științe Inginerești;Examen;25;25
Facultatea de Antreprenoriat, Ingineria şi Managementul Afacerilor;Universitatea Politehnica din Bucureşti (UPB);Bucuresti, Bucuresti;50;8.95;1.00;5.000 lei;Antreprenoriat, managementul și ingineria afacerii;Public;Acreditat;Inginerie economică industrială;Inginerie și management;Științe Inginerești;Examen;20;30
Facultatea de Antreprenoriat, Ingineria şi Managementul Afacerilor;Universitatea Politehnica din Bucureşti (UPB);Bucuresti, Bucuresti;40;7.91;0.35;5.000 lei;Politici economice europene;Public;Acreditat;Inginerie economică industrială;Inginerie și management;Științe Inginerești;Examen;20;20
Facultatea de Electronică, Telecomunicaţii şi Tehnologia Informaţiei;Universitatea Politehnica din Bucureşti (UPB);Bucuresti, Bucuresti;50;6.98;0.58;5.000 lei;Tehnici avansate pentru imagistica digitală;Public;Acreditat;Electronică aplicată;Inginerie electronică, telecomunicații și tehnologii informaționale;Științe Inginerești;Examen;28;22
Facultatea de Electronică, Telecomunicaţii şi Tehnologia Informaţiei;Universitatea Politehnica din Bucureşti (UPB);Bucuresti, Bucuresti;N/A;N/A;N/A;5.000 lei;Tehnologii software avansate pentru comunicații;Public;Acreditat;Electronică aplicată;Inginerie electronică, telecomunicații și tehnologii informaționale;Științe Inginerești;Examen;0;0
Facultatea de Inginerie în Limbi Străine;Universitatea Politehnica din Bucureşti (UPB);Bucuresti, Bucuresti;10;8.98;0.50;5.500 lei;Ingénierie des systèmes intégrés avancés – Ingineria sistemelor integrate avansate;Public;Acreditat;Informatică aplicată în inginerie electrică;Științe inginerești aplicate;Științe Inginerești;Examen;5;5
Facultatea de Automatică şi Calculatoare;Universitatea Politehnica din Bucureşti (UPB);Bucuresti, Bucuresti;N/A;8.13;N/A;5.500 lei;Artificial Intelligence/ Inteligenţă artificială;Public;Acreditat;Calculatoare;Calculatoare și tehnologia informației;Științe Inginerești;Examen;0;0
Facultatea de Automatică şi Calculatoare;Universitatea Politehnica din Bucureşti (UPB);Bucuresti, Bucuresti;N/A;7.36;N/A;5.000 lei;Securitatea reţelelor informatice complexe;Public;Acreditat;Calculatoare;Calculatoare și tehnologia informației;Științe Inginerești;Examen;0;0
Facultatea de Inginerie în Limbi Străine;Universitatea Politehnica din Bucureşti (UPB);Bucuresti, Bucuresti;N/A;6.13;N/A;5.500 lei;Nachhaltige Geschäftsexzellenz und Leadership in der Industrie;Public;Acreditat;Inginerie industrială;Inginerie industrială;Științe Inginerești;Examen;0;0
Facultatea de Automatică şi Calculatoare;Universitatea Politehnica din Bucureşti (UPB);Bucuresti, Bucuresti;N/A;6.33;N/A;5.000 lei;Managementul şi protecţia informaţiei;Public;Acreditat;Automatică şi informatică aplicată;Ingineria sistemelor și inginerie mecanică;Științe Inginerești;Examen;0;0
Facultatea de Inginerie Mecanică şi Mecatronică;Universitatea Politehnica din Bucureşti (UPB);Bucuresti, Bucuresti;25;N/A;1.00;5.000 lei;Inginerie de mentenanță pentru ELI - NP;Public;Acreditat;Mecatronică;Mecatronică și robotică;Științe Inginerești;Examen;25;0
Facultatea de Inginerie Medicală;Universitatea Politehnica din Bucureşti (UPB);Bucuresti, Bucuresti;80;N/A;N/A;5.000 lei;Smart Biomaterials and Applications (SMART);Public;Acreditat;Biomateriale şi dispozitive medicale;Științe inginerești aplicate;Științe Inginerești;Examen;70;10
Facultatea de Chimie Aplicată şi Ştiinţa Materialelor;Universitatea Politehnica din Bucureşti (UPB);Bucuresti, Bucuresti;N/A;N/A;N/A;5.000 lei;Controlul calității și securitatea produselor alimentare;Public;Acreditat;Controlul şi securitatea produselor alimentare;Inginerie chimică;Științe Inginerești;Examen;0;0
Facultatea de Chimie Aplicată şi Ştiinţa Materialelor;Universitatea Politehnica din Bucureşti (UPB);Bucuresti, Bucuresti;N/A;N/A;N/A;5.000 lei;Ingineria Proceselor Chimice;Public;Acreditat;Ingineria substanţelor anorganice şi protecţia mediului;Inginerie chimică;Științe Inginerești;Examen;0;0
Facultatea de Chimie Aplicată şi Ştiinţa Materialelor;Universitatea Politehnica din Bucureşti (UPB);Bucuresti, Bucuresti;N/A;N/A;N/A;5.000 lei;Biocombustibili, Biorafinării și Tehnologii Conexe;Public;Acreditat;Mecatronică;Mecatronică și robotică;Științe Inginerești;Examen;0;0
Facultatea de Inginerie Electrică;Universitatea Politehnica din Bucureşti (UPB);Bucuresti, Bucuresti;50;8.05;0.60;5.000 lei;Inginerie electrică și informatică aplicată;Public;Acreditat;Inginerie electrică şi calculatoare;Inginerie electrică;Științe Inginerești;Examen;25;25
Facultatea de Inginerie Electrică;Universitatea Politehnica din Bucureşti (UPB);Bucuresti, Bucuresti;50;7.09;0.42;5.000 lei;Ingineria produselor și serviciilor în electrotehnică;Public;Acreditat;Electrotehnică;Inginerie electrică;Științe Inginerești;Examen;25;25
Facultatea de Energetică;Universitatea Politehnica din Bucureşti (UPB);Bucuresti, Bucuresti;N/A;N/A;N/A;5.000 lei;Eficiența Energetică;Public;Acreditat;Ingineria sistemelor electroenergetice;Inginerie energetică;Științe Inginerești;Examen;0;0
Facultatea de Inginerie în Limbi Străine;Universitatea Politehnica din Bucureşti (UPB);Bucuresti, Bucuresti;15;9.33;0.53;5.500 lei;Entwicklung und Organisation mechatronischer Systeme – Dezvoltarea si organizarea sistemelor mecatronice;Public;Acreditat;Ingineria şi managementul afacerilor;Inginerie și management;Științe Inginerești;Examen;5;10
Facultatea de Inginerie în Limbi Străine;Universitatea Politehnica din Bucureşti (UPB);Bucuresti, Bucuresti;20;9.23;0.50;5.500 lei;Geschäfts- und Industrieverwaltung – Administrarea şi ingineria afacerilor în industrie;Public;Acreditat;Ingineria şi managementul afacerilor;Inginerie și management;Științe Inginerești;Examen;5;15
Facultatea de Inginerie în Limbi Străine;Universitatea Politehnica din Bucureşti (UPB);Bucuresti, Bucuresti;35;N/A;N/A;5.500 lei;Business Administration and Engineering in Industry - Administrarea și Ingineria Afacerilor;Public;Acreditat;Ingineria şi managementul afacerilor;Inginerie și management;Științe Inginerești;Examen;10;25
Facultatea de Electronică, Telecomunicaţii şi Tehnologia Informaţiei;Universitatea Politehnica din Bucureşti (UPB);Bucuresti, Bucuresti;50;8.68;0.60;5.000 lei;Ingineria Informației și a Sistemelor de Calcul (IISC);Public;Acreditat;Electronică aplicată;Inginerie electronică, telecomunicații și tehnologii informaționale;Științe Inginerești;Examen;28;22
Facultatea de Inginerie Mecanică şi Mecatronică;Universitatea Politehnica din Bucureşti (UPB);Bucuresti, Bucuresti;N/A;N/A;N/A;5.000 lei;Optometrie avansată;Public;Acreditat;Optometrie;Științe inginerești aplicate;Științe Inginerești;Examen;0;0
Facultatea de Inginerie Mecanică şi Mecatronică;Universitatea Politehnica din Bucureşti (UPB);Bucuresti, Bucuresti;N/A;N/A;N/A;5.000 lei;Mecanică de precizie;Public;Acreditat;Construcţii civile, industriale şi agricole;Inginerie civilă;Științe Inginerești;Examen;0;0
Facultatea de Energetică;Universitatea Politehnica din Bucureşti (UPB);Bucuresti, Bucuresti;N/A;N/A;N/A;5.000 lei;Managementul Sistemelor Energetice;Public;Acreditat;Inginerie economică industrială;Inginerie și management;Științe Inginerești;Examen;0;0
Facultatea de Inginerie Industrială și Robotică;Universitatea Politehnica din Bucureşti (UPB);Bucuresti, Bucuresti;40;8.68;0.25;5.000 lei;Robotică;Public;Acreditat;Robotică;Mecatronică și robotică;Științe Inginerești;Examen;20;20
Facultatea de Inginerie Industrială și Robotică;Universitatea Politehnica din Bucureşti (UPB);Bucuresti, Bucuresti;40;7.16;0.40;5.000 lei;Consultanţă în proiectarea sistemelor mecanice;Public;Acreditat;Inginerie mecanică;Ingineria sistemelor și inginerie mecanică;Științe Inginerești;Examen;20;20
Facultatea de Inginerie Industrială și Robotică;Universitatea Politehnica din Bucureşti (UPB);Bucuresti, Bucuresti;40;7.36;0.28;5.000 lei;Maşini şi sisteme de producţie;Public;Acreditat;Inginerie industrială;Inginerie industrială;Științe Inginerești;Examen;20;20
Facultatea de Inginerie Industrială și Robotică;Universitatea Politehnica din Bucureşti (UPB);Bucuresti, Bucuresti;40;7.97;0.47;5.000 lei;Inginerie economică şi managementul afacerilor;Public;Acreditat;Ingineria şi managementul afacerilor;Inginerie și management;Științe Inginerești;Examen;20;20
Facultatea de Inginerie Industrială și Robotică;Universitatea Politehnica din Bucureşti (UPB);Bucuresti, Bucuresti;40;7.74;0.42;5.000 lei;Inginerie avansată asistată de calculator;Public;Acreditat;Tehnologia construcţiilor de maşini;Inginerie industrială;Științe Inginerești;Examen;20;20
Facultatea de Inginerie Industrială și Robotică;Universitatea Politehnica din Bucureşti (UPB);Bucuresti, Bucuresti;39;8.96;1.00;5.000 lei;Ingineria managerială a sistemelor tehnice;Public;Acreditat;Inginerie economică industrială;Inginerie și management;Științe Inginerești;Examen;19;20
Facultatea de Transporturi;Universitatea Politehnica din Bucureşti (UPB);Bucuresti, Bucuresti;N/A;N/A;N/A;5.000 lei;Cercetare şi Dezvoltare în Ingineria Autovehiculelor;Public;Acreditat;Ingineria sistemelor de propulsie pentru autovehicule;Ingineria autovehiculelor;Științe Inginerești;Examen;0;0
Facultatea de Transporturi;Universitatea Politehnica din Bucureşti (UPB);Bucuresti, Bucuresti;N/A;N/A;N/A;5.000 lei;Sisteme si Tehnologii Avansate în Domeniul Autovehiculelor;Public;Acreditat;Ingineria transporturilor şi a traficului;Ingineria transporturilor;Științe Inginerești;Examen;0;0
Facultatea de Ingineria Sistemelor Biotehnice;Universitatea Politehnica din Bucureşti (UPB);Bucuresti, Bucuresti;N/A;6.61;N/A;5.000 lei;Ingineria și Managementul Sistemelor Biotehnice;Public;Acreditat;Ingineria sistemelor biotehnice şi ecologice;Ingineria mediului;Științe Inginerești;Examen;0;0
Facultatea de Transporturi;Universitatea Politehnica din Bucureşti (UPB);Bucuresti, Bucuresti;N/A;N/A;N/A;5.000 lei;Logistica Transporturilor;Public;Acreditat;Ingineria transporturilor şi a traficului;Ingineria transporturilor;Științe Inginerești;Examen;0;0
Facultatea de Ştiinţa şi Ingineria Materialelor;Universitatea Politehnica din Bucureşti (UPB);Bucuresti, Bucuresti;N/A;N/A;N/A;5.000 lei;Știința și expertizarea materialelor metalice avansate;Public;Acreditat;Ştiinţa materialelor;Ingineria materialelor;Științe Inginerești;Examen;0;0
Facultatea de Ştiinţa şi Ingineria Materialelor;Universitatea Politehnica din Bucureşti (UPB);Bucuresti, Bucuresti;N/A;N/A;N/A;5.000 lei;Ingineria și managementul producerii materialelor metalice;Public;Acreditat;Inginerie economică industrială;Inginerie și management;Științe Inginerești;Examen;0;0
Facultatea de Chimie Aplicată şi Ştiinţa Materialelor;Universitatea Politehnica din Bucureşti (UPB);Bucuresti, Bucuresti;N/A;N/A;N/A;5.000 lei;Controlul Analitic al Calității Mediului și Tehnici de Depoluare;Public;Acreditat;Ingineria şi protecţia mediului în industrie;Ingineria mediului;Științe Inginerești;Examen;0;0
Facultatea de Antreprenoriat, Ingineria şi Managementul Afacerilor;Universitatea Politehnica din Bucureşti (UPB);Bucuresti, Bucuresti;47;8.41;N/A;5.000 lei;Management of the digital entreprise/ Managementul întreprinderilor digitale;Public;Acreditat;Inginerie economică industrială;Inginerie și management;Științe Inginerești;Examen;27;20
Facultatea de Antreprenoriat, Ingineria şi Managementul Afacerilor;Universitatea Politehnica din Bucureşti (UPB);Bucuresti, Bucuresti;40;7.53;0.47;5.000 lei;Marketing industrial;Public;Acreditat;Inginerie economică industrială;Inginerie și management;Științe Inginerești;Examen;20;20
Facultatea de Electronică, Telecomunicaţii şi Tehnologia Informaţiei;Universitatea Politehnica din Bucureşti (UPB);Bucuresti, Bucuresti;N/A;N/A;N/A;5.000 lei;Advanced Wireless Telecommunications;Public;Acreditat;Electronică aplicată;Inginerie electronică, telecomunicații și tehnologii informaționale;Științe Inginerești;Examen;0;0
Facultatea de Electronică, Telecomunicaţii şi Tehnologia Informaţiei;Universitatea Politehnica din Bucureşti (UPB);Bucuresti, Bucuresti;N/A;N/A;N/A;5.000 lei;Comunicații multimedia;Public;Acreditat;Electronică aplicată;Inginerie electronică, telecomunicații și tehnologii informaționale;Științe Inginerești;Examen;0;0
Facultatea de Electronică, Telecomunicaţii şi Tehnologia Informaţiei;Universitatea Politehnica din Bucureşti (UPB);Bucuresti, Bucuresti;N/A;N/A;N/A;2.700 lei;Microelectronică și nanoelectronică;Public;Acreditat;Microelectronică, optoelectronică şi nanotehnologii;Inginerie electronică, telecomunicații și tehnologii informaționale;Științe Inginerești;Examen;0;0
Facultatea de Electronică, Telecomunicaţii şi Tehnologia Informaţiei;Universitatea Politehnica din Bucureşti (UPB);Bucuresti, Bucuresti;N/A;N/A;N/A;5.000 lei;Telecomunicații;Public;Acreditat;Electronică aplicată;Inginerie electronică, telecomunicații și tehnologii informaționale;Științe Inginerești;Examen;0;0
Facultatea de Electronică, Telecomunicaţii şi Tehnologia Informaţiei;Universitatea Politehnica din Bucureşti (UPB);Bucuresti, Bucuresti;N/A;N/A;N/A;5.000 lei;Optoelectronică;Public;Acreditat;Microelectronică, optoelectronică şi nanotehnologii;Inginerie electronică, telecomunicații și tehnologii informaționale;Științe Inginerești;Examen;0;0
Facultatea de Automatică şi Calculatoare;Universitatea Politehnica din Bucureşti (UPB);Bucuresti, Bucuresti;N/A;7.35;N/A;5.000 lei;Servicii software avansate;Public;Acreditat;Calculatoare;Calculatoare și tehnologia informației;Științe Inginerești;Examen;0;0
Facultatea de Automatică şi Calculatoare;Universitatea Politehnica din Bucureşti (UPB);Bucuresti, Bucuresti;40;6.36;0.68;5.000 lei;e-Guvernare;Public;Acreditat;Calculatoare;Calculatoare și tehnologia informației;Științe Inginerești;Examen;30;10
Facultatea de Antreprenoriat, Ingineria şi Managementul Afacerilor;Universitatea Politehnica din Bucureşti (UPB);Bucuresti, Bucuresti;30;8.99;0.53;5.000 lei;Managementul organizațiilor educaționale;Public;Acreditat;Inginerie economică industrială;Inginerie și management;Științe Inginerești;Examen;15;15
Facultatea de Automatică şi Calculatoare;Universitatea Politehnica din Bucureşti (UPB);Bucuresti, Bucuresti;N/A;N/A;N/A;5.000 lei;Sisteme informatice integrate avansate;Public;Acreditat;Automatică şi informatică aplicată;Ingineria sistemelor și inginerie mecanică;Științe Inginerești;Examen;0;0
Facultatea de Automatică şi Calculatoare;Universitatea Politehnica din Bucureşti (UPB);Bucuresti, Bucuresti;N/A;6.91;N/A;5.000 lei;Prelucrări complexe de semnal în aplicaţii multimedia;Public;Acreditat;Automatică şi informatică aplicată;Ingineria sistemelor și inginerie mecanică;Științe Inginerești;Examen;0;0
Facultatea de Antreprenoriat, Ingineria şi Managementul Afacerilor;Universitatea Politehnica din Bucureşti (UPB);Bucuresti, Bucuresti;50;8.13;0.54;5.000 lei;Business engineering and entrepreneurship;Public;Acreditat;Ingineria şi managementul afacerilor;Inginerie și management;Științe Inginerești;Examen;27;23
Facultatea de Chimie Aplicată şi Ştiinţa Materialelor;Universitatea Politehnica din Bucureşti (UPB);Bucuresti, Bucuresti;N/A;N/A;N/A;5.000 lei;Materiale Compozite Avansate cu Destinații Speciale;Public;Acreditat;Ingineria substanţelor anorganice şi protecţia mediului;Inginerie chimică;Științe Inginerești;Examen;0;0
Facultatea de Chimie Aplicată şi Ştiinţa Materialelor;Universitatea Politehnica din Bucureşti (UPB);Bucuresti, Bucuresti;N/A;N/A;N/A;5.000 lei;Aplicații ale chimiei în expertize juridice;Public;Acreditat;Inginerie chimică;Inginerie chimică;Științe Inginerești;Examen;0;0
Facultatea de Management-Marketing;Universitatea Româno-Americană din Bucureşti;Bucuresti, Bucuresti;200;N/A;N/A;4.600 lei;Managementul strategic al firmei;Public;Acreditat;Management;Management;Științe Economice;Examen;0;200
Facultatea de Drept;Universitatea Româno-Americană din Bucureşti;Bucuresti, Bucuresti;100;N/A;N/A;4.600 lei;Științe penale;Public;Acreditat;Drept;Drept;Științe Juridice;Examen;0;100
Facultatea de Management-Marketing;Universitatea Româno-Americană din Bucureşti;Bucuresti, Bucuresti;200;N/A;N/A;4.600 lei;Managementul informațiilor;Public;Acreditat;Management;Management;Științe Economice;Examen;0;200
Facultatea de Relaţii Comerciale şi Financiar - Bancare Interne şi Internaţionale;Universitatea Româno-Americană din Bucureşti;Bucuresti, Bucuresti;150;N/A;N/A;4.600 lei;Finanțe, bănci, asigurări;Public;Acreditat;Finanţe şi bănci;Finanţe;Științe Economice;Examen;0;150
Facultatea de Management-Marketing;Universitatea Româno-Americană din Bucureşti;Bucuresti, Bucuresti;200;N/A;N/A;4.600 lei;Managementul logisticii;Public;Acreditat;Management;Management;Științe Economice;Examen;0;200
Facultatea de Informatică Managerială;Universitatea Româno-Americană din Bucureşti;Bucuresti, Bucuresti;175;N/A;N/A;4.600 lei;Sisteme informatice manageriale;Public;Acreditat;Economie generală;Economie;Științe Economice;Examen;0;175
Facultatea de Relaţii Comerciale şi Financiar - Bancare Interne şi Internaţionale;Universitatea Româno-Americană din Bucureşti;Bucuresti, Bucuresti;200;N/A;N/A;11.040 lei;International business and entrepreneurship;Public;Acreditat;Afaceri internaţionale;Economie şi afaceri internaţionale;Științe Economice;Examen;0;200
Facultatea de Relaţii Comerciale şi Financiar - Bancare Interne şi Internaţionale;Universitatea Româno-Americană din Bucureşti;Bucuresti, Bucuresti;200;N/A;N/A;4.600 lei;Gestiunea afacerilor financiar-bancare interne și internaționale;Public;Acreditat;Finanţe şi bănci;Finanţe;Științe Economice;Examen;0;200
Facultatea de Relaţii Comerciale şi Financiar - Bancare Interne şi Internaţionale;Universitatea Româno-Americană din Bucureşti;Bucuresti, Bucuresti;200;N/A;N/A;4.600 lei;Afaceri internaționale;Public;Acreditat;Afaceri internaţionale;Economie şi afaceri internaţionale;Științe Economice;Examen;0;200
Facultatea de Management-Marketing;Universitatea Româno-Americană din Bucureşti;Bucuresti, Bucuresti;50;N/A;N/A;11.040 lei;Strategic marketing;Public;Acreditat;Marketing;Marketing;Științe Economice;Examen;0;50
Facultatea de Informatică Managerială;Universitatea Româno-Americană din Bucureşti;Bucuresti, Bucuresti;175;N/A;N/A;4.600 lei;Informatică aplicată în management;Public;Acreditat;Informatică economică;Informatică economică;Științe Economice;Examen;0;175
Facultatea de Management-Marketing;Universitatea Româno-Americană din Bucureşti;Bucuresti, Bucuresti;50;N/A;N/A;4.600 lei;Marketing în afaceri;Public;Acreditat;Marketing;Marketing;Științe Economice;Examen;0;50
Facultatea de Relaţii Comerciale şi Financiar - Bancare Interne şi Internaţionale;Universitatea Româno-Americană din Bucureşti;Bucuresti, Bucuresti;200;N/A;N/A;4.600 lei;Gestiunea şi auditul afacerilor;Public;Acreditat;Administrarea afacerilor;Administrarea afacerilor;Științe Economice;Examen;0;200
Facultatea de Studii Economice Europene;Universitatea Româno-Americană din Bucureşti;Bucuresti, Bucuresti;50;N/A;N/A;11.040 lei;International economic relations and economic diplomacy;Public;Acreditat;Economie şi comunicare economică în afaceri;Economie;Științe Economice;Examen;0;50
Facultatea de Studii Economice Europene;Universitatea Româno-Americană din Bucureşti;Bucuresti, Bucuresti;50;N/A;N/A;4.600 lei;Relații Economice Europene;Public;Acreditat;Economie şi afaceri internaţionale;Economie şi afaceri internaţionale;Științe Economice;Examen;0;50
Facultatea de Informatică Managerială;Universitatea Româno-Americană din Bucureşti;Bucuresti, Bucuresti;175;N/A;N/A;11.040 lei;Computer science for business;Public;Acreditat;Informatică economică;Informatică economică;Științe Economice;Examen;0;175
Facultatea de Economia Turismului Intern şi Internaţional;Universitatea Româno-Americană din Bucureşti;Bucuresti, Bucuresti;125;N/A;N/A;4.600 lei;Administrarea afacerilor în turism;Public;Acreditat;Administrarea afacerilor în comerţ, turism, servicii, merceologie şi managementul calităţii;Administrarea afacerilor;Științe Economice;Examen;0;125
Facultatea de Drept;Universitatea Româno-Americană din Bucureşti;Bucuresti, Bucuresti;100;N/A;N/A;4.600 lei;Dreptul afacerilor;Public;Acreditat;Drept;Drept;Științe Juridice;Examen;0;100
Facultatea de Drept;Universitatea Româno-Americană din Bucureşti;Bucuresti, Bucuresti;100;N/A;N/A;4.600 lei;Drept și relații internaționale;Public;Acreditat;Drept;Drept;Științe Juridice;Examen;0;100
Facultatea de Economia Turismului Intern şi Internaţional;Universitatea Româno-Americană din Bucureşti;Bucuresti, Bucuresti;150;N/A;N/A;11.040 lei;Business management in travel, tourism and aviation;Public;Acreditat;Management;Management;Științe Economice;Examen;0;150
Facultatea de Management-Marketing;Universitatea Româno-Americană din Bucureşti;Bucuresti, Bucuresti;200;N/A;N/A;4.600 lei;Managementul şi marketingul organizaţiei;Public;Acreditat;Management;Management;Științe Economice;Examen;0;200
Facultatea de Economia Turismului Intern şi Internaţional;Universitatea Româno-Americană din Bucureşti;Bucuresti, Bucuresti;125;N/A;N/A;4.600 lei;Economie și afaceri în industria ospitalității;Public;Acreditat;Administrarea afacerilor în servicii de ospitalitate;Administrarea afacerilor;Științe Economice;Examen;0;125
Facultatea de Relaţii Comerciale şi Financiar - Bancare Interne şi Internaţionale;Universitatea Româno-Americană din Bucureşti;Bucuresti, Bucuresti;150;N/A;N/A;11.040 lei;Finance (EN);Public;Acreditat;;Economie;Științe Economice;Examen;0;150
Facultatea de Relaţii Comerciale şi Financiar - Bancare Interne şi Internaţionale;Universitatea Româno-Americană din Bucureşti;Bucuresti, Bucuresti;150;N/A;N/A;4.600 lei;Politici și practici fiscale;Public;Acreditat;Economie generală;Economie;Științe Economice;Examen;0;150
Facultatea de Informatică Managerială;Universitatea Româno-Americană din Bucureşti;Bucuresti, Bucuresti;175;N/A;N/A;4.600 lei;Informatică economică;Public;Acreditat;Informatică;Informatică;Științe Exacte;Examen;0;175
Facultatea de Ştiinţe Economice, Juridice şi Administrative;Universitatea Română de Ştiințe și Arte "Gheorghe Cristea" din București;Bucuresti, Bucuresti;50;N/A;N/A;4.000 lei;Criminalistică;Public;Acreditat;Drept;Drept;Științe Juridice;Dosar;0;50
Facultatea de Ştiinţe Economice, Juridice şi Administrative;Universitatea Română de Ştiințe și Arte "Gheorghe Cristea" din București;Bucuresti, Bucuresti;50;N/A;N/A;4.000 lei;Integrare economică europeană;Public;Acreditat;Economie internaţională;Economie şi afaceri internaţionale;Științe Economice;Dosar;0;50
Facultatea de Arte şi Ştiinţe;Universitatea Română de Ştiințe și Arte "Gheorghe Cristea" din București;Bucuresti, Bucuresti;50;N/A;N/A;6.800 lei;Spectacolul coregrafic contemporan;Public;Acreditat;Artele spectacolului;Teatru şi artele spectacolului;Arte, Arhitectură și Urbanism ;Dosar;0;50
Facultatea de Automatică și Calculatoare;Universitatea Tehnică "Gheorghe Asachi" din Iaşi (TUIASI);Iasi, Iasi;35;8.36;N/A;3.000 lei;Distributed Systems and Web Technologies;Public;Acreditat;Tehnologia informaţiei;Calculatoare și tehnologia informației;Științe Inginerești;Examen;30;5
Facultatea de Automatică și Calculatoare;Universitatea Tehnică "Gheorghe Asachi" din Iaşi (TUIASI);Iasi, Iasi;48;6.73;N/A;3.000 lei;Sisteme de control încorporate;Public;Acreditat;Automatică şi informatică aplicată;Ingineria sistemelor și inginerie mecanică;Științe Inginerești;Examen;48;0
Facultatea de Inginerie Chimică şi Protecţia Mediului;Universitatea Tehnică "Gheorghe Asachi" din Iaşi (TUIASI);Iasi, Iasi;40;7.69;N/A;3.000 lei;Produse farmaceutice şi cosmetice;Public;Acreditat;Inginerie chimică;Inginerie chimică;Științe Inginerești;Examen;28;12
Facultatea de Construcţii şi Instalaţii;Universitatea Tehnică "Gheorghe Asachi" din Iaşi (TUIASI);Iasi, Iasi;35;6.05;N/A;2.900 lei;Ingineria Clădirilor;Public;Acreditat;Inginerie civilă;Inginerie civilă;Științe Inginerești;Examen;25;10
Facultatea de Inginerie Chimică şi Protecţia Mediului;Universitatea Tehnică "Gheorghe Asachi" din Iaşi (TUIASI);Iasi, Iasi;53;7.20;N/A;3.000 lei;Managementul mediului;Public;Acreditat;Ingineria mediului;Ingineria mediului;Științe Inginerești;Examen;43;10
Facultatea de Inginerie Chimică şi Protecţia Mediului;Universitatea Tehnică "Gheorghe Asachi" din Iaşi (TUIASI);Iasi, Iasi;20;N/A;N/A;2.500 lei;Produse naturale;Public;Acreditat;Inginerie chimică;Inginerie chimică;Științe Inginerești;Examen;0;20
Facultatea de Inginerie Electrică, Energetică şi Informatică Aplicată;Universitatea Tehnică "Gheorghe Asachi" din Iaşi (TUIASI);Iasi, Iasi;37;7.25;N/A;2.500 lei;Sisteme informatice de monitorizare a mediului;Public;Acreditat;Sisteme electrice;Inginerie electrică;Științe Inginerești;Examen;32;5
Facultatea de Electronică, Telecomunicaţii şi Tehnologia Informaţiei;Universitatea Tehnică "Gheorghe Asachi" din Iaşi (TUIASI);Iasi, Iasi;28;7.69;N/A;3.500 lei;Sisteme electronice inteligente şi informatica industrială;Public;Acreditat;Electronică aplicată;Inginerie electronică, telecomunicații și tehnologii informaționale;Științe Inginerești;Examen;23;5
Facultatea de Construcţii de Maşini şi Management Industrial;Universitatea Tehnică "Gheorghe Asachi" din Iaşi (TUIASI);Iasi, Iasi;28;6.45;N/A;2.700 lei;Sisteme micromecanice;Public;Acreditat;Automatică şi informatică aplicată;Ingineria sistemelor și inginerie mecanică;Științe Inginerești;Examen;18;10
Facultatea de Construcţii de Maşini şi Management Industrial;Universitatea Tehnică "Gheorghe Asachi" din Iaşi (TUIASI);Iasi, Iasi;32;7.48;N/A;2.700 lei;Tehnologii avansate de fabricație;Public;Acreditat;Tehnologia construcţiilor de maşini;Inginerie industrială;Științe Inginerești;Examen;22;10
Facultatea de Construcţii de Maşini şi Management Industrial;Universitatea Tehnică "Gheorghe Asachi" din Iaşi (TUIASI);Iasi, Iasi;15;N/A;N/A;2.700 lei;Inginerie și management în fabricația mașinilor;Public;Acreditat;Inginerie economică în domeniul mecanic;Inginerie și management;Științe Inginerești;Examen;0;15
Facultatea de Mecanică;Universitatea Tehnică "Gheorghe Asachi" din Iaşi (TUIASI);Iasi, Iasi;46;9.02;N/A;2.700 lei;Siguranţa şi Performanţele Circulaţiei Rutiere;Public;Acreditat;Autovehicule rutiere;Ingineria autovehiculelor;Științe Inginerești;Examen;23;23
Facultatea de Mecanică;Universitatea Tehnică "Gheorghe Asachi" din Iaşi (TUIASI);Iasi, Iasi;41;7.60;N/A;2.200 lei;Tehnici Nepoluante în Industria Agroalimentară;Public;Acreditat;Inginerie mecanică;Ingineria sistemelor și inginerie mecanică;Științe Inginerești;Examen;21;20
Facultatea de Mecanică;Universitatea Tehnică "Gheorghe Asachi" din Iaşi (TUIASI);Iasi, Iasi;40;6.60;N/A;2.200 lei;Maşini Termice, Frigotehnie şi Climatizare;Public;Acreditat;Inginerie mecanică;Ingineria sistemelor și inginerie mecanică;Științe Inginerești;Examen;20;20
Facultatea de Știința și Ingineria Materialelor;Universitatea Tehnică "Gheorghe Asachi" din Iaşi (TUIASI);Iasi, Iasi;50;7.50;N/A;2.000 lei;Sisteme Industriale pentru Tehnologii Moderne;Public;Acreditat;Inginerie mecanică;Ingineria sistemelor și inginerie mecanică;Științe Inginerești;Examen;48;2
Facultatea de Textile – Pielărie şi Management Industrial;Universitatea Tehnică "Gheorghe Asachi" din Iaşi (TUIASI);Iasi, Iasi;150;7.12;N/A;2.000 lei;Asigurarea calităţii în domeniul textile-pielărie;Public;Acreditat;Design industrial;Inginerie industrială;Științe Inginerești;Examen;120;30
Facultatea de Textile – Pielărie şi Management Industrial;Universitatea Tehnică "Gheorghe Asachi" din Iaşi (TUIASI);Iasi, Iasi;125;7.30;N/A;2.000 lei;Managementul și administrarea afacerilor;Public;Acreditat;Inginerie economică în industria chimică şi de materiale;Inginerie și management;Științe Inginerești;Examen;105;20
Facultatea de Știința și Ingineria Materialelor;Universitatea Tehnică "Gheorghe Asachi" din Iaşi (TUIASI);Iasi, Iasi;50;8.18;N/A;2.000 lei;Ingineria Securității și Sănătății în Muncă;Public;Acreditat;Tehnologia construcţiilor de maşini;Inginerie industrială;Științe Inginerești;Examen;48;2
Facultatea de Construcţii şi Instalaţii;Universitatea Tehnică "Gheorghe Asachi" din Iaşi (TUIASI);Iasi, Iasi;35;7.19;N/A;2.900 lei;Antreprenoriat imobiliar;Public;Acreditat;Economie generală;Economie;Științe Economice;Examen;25;10
Facultatea de Automatică și Calculatoare;Universitatea Tehnică "Gheorghe Asachi" din Iaşi (TUIASI);Iasi, Iasi;28;7.05;N/A;3.000 lei;Systems and control;Public;Acreditat;Automatică şi informatică aplicată;Ingineria sistemelor și inginerie mecanică;Științe Inginerești;Examen;25;3
Facultatea de Inginerie Chimică şi Protecţia Mediului;Universitatea Tehnică "Gheorghe Asachi" din Iaşi (TUIASI);Iasi, Iasi;39;7.43;N/A;3.000 lei;Ingineria procedeelor nepoluante;Public;Acreditat;Reconstrucție ecologică;Ingineria mediului;Științe Inginerești;Examen;30;9
Facultatea de Construcţii şi Instalaţii;Universitatea Tehnică "Gheorghe Asachi" din Iaşi (TUIASI);Iasi, Iasi;35;8.50;N/A;2.900 lei;Inginerie Structurală;Public;Acreditat;Inginerie civilă;Inginerie civilă;Științe Inginerești;Examen;25;10
Facultatea de Inginerie Chimică şi Protecţia Mediului;Universitatea Tehnică "Gheorghe Asachi" din Iaşi (TUIASI);Iasi, Iasi;20;N/A;N/A;2.500 lei;Controlul calităţii mediului ambiant;Public;Acreditat;Ingineria mediului;Ingineria mediului;Științe Inginerești;Examen;0;20
Facultatea de Construcţii şi Instalaţii;Universitatea Tehnică "Gheorghe Asachi" din Iaşi (TUIASI);Iasi, Iasi;36;7.26;N/A;2.900 lei;Infrastructuri Moderne pentru Transporturi;Public;Acreditat;Infrastructura transporturilor metropolitane;Inginerie civilă;Științe Inginerești;Examen;26;10
Facultatea de Construcţii şi Instalaţii;Universitatea Tehnică "Gheorghe Asachi" din Iaşi (TUIASI);Iasi, Iasi;35;N/A;N/A;2.900 lei;Evaluare şi Administrare Imobiliară;Public;Acreditat;Inginerie civilă;Inginerie civilă;Științe Inginerești;Examen;25;10
Facultatea de Inginerie Electrică, Energetică şi Informatică Aplicată;Universitatea Tehnică "Gheorghe Asachi" din Iaşi (TUIASI);Iasi, Iasi;34;7.21;N/A;2.500 lei;Sisteme electrice avansate;Public;Acreditat;Sisteme electrice;Inginerie electrică;Științe Inginerești;Examen;29;5
Facultatea de Construcţii de Maşini şi Management Industrial;Universitatea Tehnică "Gheorghe Asachi" din Iaşi (TUIASI);Iasi, Iasi;34;7.60;N/A;2.700 lei;Managementul și tehnologia Producției;Public;Acreditat;Tehnologia construcţiilor de maşini;Inginerie industrială;Științe Inginerești;Examen;24;10
Facultatea de Hidrotehnică, Geodezie şi Ingineria Mediului;Universitatea Tehnică "Gheorghe Asachi" din Iaşi (TUIASI);Iasi, Iasi;50;7.81;N/A;2.500 lei;Geomatică şi cartografie;Public;Acreditat;Măsurători terestre şi cadastru;Inginerie geodezică;Științe Inginerești;Examen;40;10
Facultatea de Mecanică;Universitatea Tehnică "Gheorghe Asachi" din Iaşi (TUIASI);Iasi, Iasi;39;7.40;N/A;2.200 lei;Sisteme Robotizate;Public;Acreditat;Robotică;Mecatronică și robotică;Științe Inginerești;Examen;19;20
Facultatea de Textile – Pielărie şi Management Industrial;Universitatea Tehnică "Gheorghe Asachi" din Iaşi (TUIASI);Iasi, Iasi;125;7.90;N/A;2.000 lei;Managementul proiectelor europene în domeniul ingineriei;Public;Acreditat;Inginerie economică în industria chimică şi de materiale;Inginerie și management;Științe Inginerești;Examen;105;20
Facultatea de Textile – Pielărie şi Management Industrial;Universitatea Tehnică "Gheorghe Asachi" din Iaşi (TUIASI);Iasi, Iasi;125;7.37;N/A;2.000 lei;Ingineria și managementul producției de bunuri și servicii;Public;Acreditat;Inginerie economică în industria chimică şi de materiale;Inginerie și management;Științe Inginerești;Examen;105;20
Facultatea de Textile – Pielărie şi Management Industrial;Universitatea Tehnică "Gheorghe Asachi" din Iaşi (TUIASI);Iasi, Iasi;125;N/A;N/A;2.000 lei;Inovare și antreprenoriat;Public;Acreditat;Inginerie economică în industria chimică şi de materiale;Inginerie și management;Științe Inginerești;Examen;105;20
Facultatea de Textile – Pielărie şi Management Industrial;Universitatea Tehnică "Gheorghe Asachi" din Iaşi (TUIASI);Iasi, Iasi;150;N/A;N/A;2.000 lei;Dezvoltări în proiectarea produselor de încălţăminte şi marochinărie;Public;Acreditat;Tehnologia şi designul produselor textile;Inginerie industrială;Științe Inginerești;Examen;120;30
Facultatea de Textile – Pielărie şi Management Industrial;Universitatea Tehnică "Gheorghe Asachi" din Iaşi (TUIASI);Iasi, Iasi;150;N/A;N/A;2.000 lei;Tehnologii performante de tricotare;Public;Acreditat;Tehnologia tricotajelor şi confecţiilor;Inginerie industrială;Științe Inginerești;Examen;120;30
Facultatea de Știința și Ingineria Materialelor;Universitatea Tehnică "Gheorghe Asachi" din Iaşi (TUIASI);Iasi, Iasi;34;10.00;N/A;2.000 lei;Materiale Avansate și Tehnici de Analiză Experimentală;Public;Acreditat;Ştiinţa materialelor;Ingineria materialelor;Științe Inginerești;Examen;24;10
Facultatea de Construcţii şi Instalaţii;Universitatea Tehnică "Gheorghe Asachi" din Iaşi (TUIASI);Iasi, Iasi;72;N/A;N/A;2.400 lei;Instalaţii pentru construcţii;Public;Acreditat;Instalaţii pentru construcţii;Ingineria instalaţiilor;Științe Inginerești;Dosar;47;25
Facultatea de Automatică și Calculatoare;Universitatea Tehnică "Gheorghe Asachi" din Iaşi (TUIASI);Iasi, Iasi;37;6.80;N/A;3.000 lei;Calculatoare încorporate;Public;Acreditat;Tehnologia informaţiei;Calculatoare și tehnologia informației;Științe Inginerești;Examen;32;5
Facultatea de Inginerie Chimică şi Protecţia Mediului;Universitatea Tehnică "Gheorghe Asachi" din Iaşi (TUIASI);Iasi, Iasi;20;N/A;N/A;2.500 lei;Managementul mediului IFR;Public;Acreditat;Ingineria mediului;Ingineria mediului;Științe Inginerești;Examen;0;20
Facultatea de Inginerie Chimică şi Protecţia Mediului;Universitatea Tehnică "Gheorghe Asachi" din Iaşi (TUIASI);Iasi, Iasi;20;N/A;N/A;2.500 lei;Protecţie anticorosivă şi electrochimie aplicată;Public;Acreditat;Inginerie chimică;Inginerie chimică;Științe Inginerești;Examen;0;20
Facultatea de Construcţii şi Instalaţii;Universitatea Tehnică "Gheorghe Asachi" din Iaşi (TUIASI);Iasi, Iasi;36;9.12;N/A;2.900 lei;Inginerie Geotehnică;Public;Acreditat;Inginerie civilă;Inginerie civilă;Științe Inginerești;Examen;26;10
Facultatea de Construcţii şi Instalaţii;Universitatea Tehnică "Gheorghe Asachi" din Iaşi (TUIASI);Iasi, Iasi;35;8.45;N/A;2.900 lei;Inginerie Structurală (engleză);Public;Acreditat;Inginerie civilă;Inginerie civilă;Științe Inginerești;Examen;25;10
Facultatea de Electronică, Telecomunicaţii şi Tehnologia Informaţiei;Universitatea Tehnică "Gheorghe Asachi" din Iaşi (TUIASI);Iasi, Iasi;28;7.00;N/A;3.500 lei;Tehnici moderne de prelucrare a semnalelor;Public;Acreditat;Electronică aplicată;Inginerie electronică, telecomunicații și tehnologii informaționale;Științe Inginerești;Examen;23;5
Facultatea de Construcţii de Maşini şi Management Industrial;Universitatea Tehnică "Gheorghe Asachi" din Iaşi (TUIASI);Iasi, Iasi;26;7.07;N/A;2.700 lei;Mecanica fluidelor aplicată;Public;Acreditat;Automatică şi informatică aplicată;Ingineria sistemelor și inginerie mecanică;Științe Inginerești;Examen;16;10
Facultatea de Inginerie Electrică, Energetică şi Informatică Aplicată;Universitatea Tehnică "Gheorghe Asachi" din Iaşi (TUIASI);Iasi, Iasi;36;6.13;N/A;2.500 lei;Management energie – mediu;Public;Acreditat;Managementul energiei;Inginerie energetică;Științe Inginerești;Examen;32;4
Facultatea de Hidrotehnică, Geodezie şi Ingineria Mediului;Universitatea Tehnică "Gheorghe Asachi" din Iaşi (TUIASI);Iasi, Iasi;35;6.68;N/A;2.000 lei;Modernizarea sistemelor hidrotehnice, hidroameliorative şi hidroedilitare;Public;Acreditat;Amenajări şi construcţii hidrotehnice;Inginerie civilă;Științe Inginerești;Examen;30;5
Facultatea de Hidrotehnică, Geodezie şi Ingineria Mediului;Universitatea Tehnică "Gheorghe Asachi" din Iaşi (TUIASI);Iasi, Iasi;40;7.27;N/A;2.000 lei;Inginerie hidrotehnică;Public;Acreditat;Amenajări şi construcţii hidrotehnice;Inginerie civilă;Științe Inginerești;Examen;35;5
Facultatea de Hidrotehnică, Geodezie şi Ingineria Mediului;Universitatea Tehnică "Gheorghe Asachi" din Iaşi (TUIASI);Iasi, Iasi;35;6.50;N/A;2.000 lei;Evaluare şi dezvoltare imobiliară;Public;Acreditat;Inginerie civilă;Inginerie civilă;Științe Inginerești;Examen;25;10
Facultatea de Mecanică;Universitatea Tehnică "Gheorghe Asachi" din Iaşi (TUIASI);Iasi, Iasi;40;8.81;N/A;2.700 lei;Concepţia şi Managementul Proiectării Automobilului;Public;Acreditat;Autovehicule rutiere;Ingineria autovehiculelor;Științe Inginerești;Examen;20;20
Facultatea de Textile – Pielărie şi Management Industrial;Universitatea Tehnică "Gheorghe Asachi" din Iaşi (TUIASI);Iasi, Iasi;50;7.10;N/A;2.000 lei;Marketing industrial;Public;Acreditat;Inginerie economică în industria chimică şi de materiale;Inginerie și management;Științe Inginerești;Examen;25;25
Facultatea de Construcţii şi Instalaţii;Universitatea Tehnică "Gheorghe Asachi" din Iaşi (TUIASI);Iasi, Iasi;35;N/A;N/A;2.900 lei;Reabilitarea şi Creşterea Siguranţei Construcţiilor;Public;Acreditat;Inginerie civilă;Inginerie civilă;Științe Inginerești;Examen;25;10
Facultatea de Inginerie Chimică şi Protecţia Mediului;Universitatea Tehnică "Gheorghe Asachi" din Iaşi (TUIASI);Iasi, Iasi;29;7.20;N/A;3.000 lei;Environmental management and sustainable energy;Public;Acreditat;Ingineria mediului;Ingineria mediului;Științe Inginerești;Examen;19;10
Facultatea de Inginerie Chimică şi Protecţia Mediului;Universitatea Tehnică "Gheorghe Asachi" din Iaşi (TUIASI);Iasi, Iasi;20;N/A;N/A;2.500 lei;Cataliză şi materiale catalitice pentru mediu, energie şi sănătate;Public;Acreditat;Ingineria substanţelor anorganice şi protecţia mediului;Inginerie chimică;Științe Inginerești;Examen;0;20
Facultatea de Inginerie Chimică şi Protecţia Mediului;Universitatea Tehnică "Gheorghe Asachi" din Iaşi (TUIASI);Iasi, Iasi;20;N/A;N/A;2.500 lei;Ştiinţa hârtiei şi a materialelor polimerice;Public;Acreditat;Ingineria fabricaţiei hârtiei;Inginerie chimică;Științe Inginerești;Examen;0;20
Facultatea de Inginerie Chimică şi Protecţia Mediului;Universitatea Tehnică "Gheorghe Asachi" din Iaşi (TUIASI);Iasi, Iasi;20;N/A;N/A;2.500 lei;Materiale macromoleculare înalt performante;Public;Acreditat;Ştiinţa materialelor;Ingineria materialelor;Științe Inginerești;Examen;0;20
Facultatea de Inginerie Electrică, Energetică şi Informatică Aplicată;Universitatea Tehnică "Gheorghe Asachi" din Iaşi (TUIASI);Iasi, Iasi;43;6.15;N/A;2.500 lei;Conversia energiei şi controlul mişcării;Public;Acreditat;Sisteme electrice;Inginerie electrică;Științe Inginerești;Examen;39;4
Facultatea de Construcţii de Maşini şi Management Industrial;Universitatea Tehnică "Gheorghe Asachi" din Iaşi (TUIASI);Iasi, Iasi;40;7.00;N/A;2.700 lei;Concepția și fabricația asistată de calculator;Public;Acreditat;Tehnologia construcţiilor de maşini;Inginerie industrială;Științe Inginerești;Examen;30;10
Facultatea de Mecanică;Universitatea Tehnică "Gheorghe Asachi" din Iaşi (TUIASI);Iasi, Iasi;40;6.86;N/A;2.200 lei;Mecatronică Avansată;Public;Acreditat;Mecatronică;Mecatronică și robotică;Științe Inginerești;Examen;20;20
Facultatea de Mecanică;Universitatea Tehnică "Gheorghe Asachi" din Iaşi (TUIASI);Iasi, Iasi;40;8.20;N/A;2.200 lei;Diagnoze şi Expertize Tehnice în Ingineria Mecanică;Public;Acreditat;Inginerie mecanică;Ingineria sistemelor și inginerie mecanică;Științe Inginerești;Examen;20;20
Facultatea de Textile – Pielărie şi Management Industrial;Universitatea Tehnică "Gheorghe Asachi" din Iaşi (TUIASI);Iasi, Iasi;150;6.68;N/A;2.000 lei;Proiectarea și modelarea îmbrăcămintei;Public;Acreditat;Tehnologia şi designul produselor textile;Inginerie industrială;Științe Inginerești;Examen;120;30
Facultatea de Textile – Pielărie şi Management Industrial;Universitatea Tehnică "Gheorghe Asachi" din Iaşi (TUIASI);Iasi, Iasi;20;8.60;N/A;2.000 lei;Ecodesign în finisarea textilelor (engleză);Public;Acreditat;Tehnologie chimică textilă;Inginerie chimică;Științe Inginerești;Examen;15;5
Facultatea de Știința și Ingineria Materialelor;Universitatea Tehnică "Gheorghe Asachi" din Iaşi (TUIASI);Iasi, Iasi;34;8.35;N/A;2.000 lei;Tehnici Avansate în Ingineria Procesării Materialelor;Public;Acreditat;Ştiinţa materialelor;Ingineria materialelor;Științe Inginerești;Examen;24;10
Facultatea de Textile – Pielărie şi Management Industrial;Universitatea Tehnică "Gheorghe Asachi" din Iaşi (TUIASI);Iasi, Iasi;150;N/A;N/A;2.000 lei;Design vestimentar;Public;Acreditat;Design industrial;Inginerie industrială;Științe Inginerești;Examen;120;30
Facultatea de Electronică, Telecomunicaţii şi Tehnologia Informaţiei;Universitatea Tehnică "Gheorghe Asachi" din Iaşi (TUIASI);Iasi, Iasi;28;6.68;N/A;3.500 lei;Radiocomunicații digitale;Public;Acreditat;Inginerie electrică şi calculatoare;Inginerie electrică;Științe Inginerești;Examen;23;5
Facultatea de Automatică și Calculatoare;Universitatea Tehnică "Gheorghe Asachi" din Iaşi (TUIASI);Iasi, Iasi;34;7.10;N/A;3.000 lei;Sisteme distribuite şi tehnologii web;Public;Acreditat;Tehnologia informaţiei;Calculatoare și tehnologia informației;Științe Inginerești;Examen;30;4
Facultatea de Automatică și Calculatoare;Universitatea Tehnică "Gheorghe Asachi" din Iaşi (TUIASI);Iasi, Iasi;N/A;N/A;N/A;3.000 lei;Sisteme şi control automat;Public;Acreditat;Automatică şi informatică aplicată;Ingineria sistemelor și inginerie mecanică;Științe Inginerești;Examen;0;0
Facultatea de Inginerie Chimică şi Protecţia Mediului;Universitatea Tehnică "Gheorghe Asachi" din Iaşi (TUIASI);Iasi, Iasi;40;7.28;N/A;3.000 lei;Biomateriale Polimerice şi Bioresurse;Public;Acreditat;Inginerie chimică;Inginerie chimică;Științe Inginerești;Examen;30;10
Facultatea de Inginerie Chimică şi Protecţia Mediului;Universitatea Tehnică "Gheorghe Asachi" din Iaşi (TUIASI);Iasi, Iasi;35;7.20;N/A;3.000 lei;Managementul, tratarea şi valorificarea deşeurilor;Public;Acreditat;Ingineria valorificării deşeurilor;Ingineria mediului;Științe Inginerești;Examen;25;10
Facultatea de Inginerie Chimică şi Protecţia Mediului;Universitatea Tehnică "Gheorghe Asachi" din Iaşi (TUIASI);Iasi, Iasi;36;7.66;N/A;3.000 lei;Controlul şi Procesarea Alimentelor;Public;Acreditat;Controlul şi expertiza produselor alimentare;Ingineria produselor alimentare;Științe Agricole;Examen;25;11
Facultatea de Construcţii şi Instalaţii;Universitatea Tehnică "Gheorghe Asachi" din Iaşi (TUIASI);Iasi, Iasi;40;6.16;N/A;2.900 lei;Management şi Tehnologii Speciale în Construcţii;Public;Acreditat;Inginerie civilă;Inginerie civilă;Științe Inginerești;Examen;30;10
Facultatea de Construcţii şi Instalaţii;Universitatea Tehnică "Gheorghe Asachi" din Iaşi (TUIASI);Iasi, Iasi;35;7.25;N/A;2.900 lei;Materiale şi Produse Performante pentru Construcţii;Public;Acreditat;Inginerie civilă;Inginerie civilă;Științe Inginerești;Examen;25;10
Facultatea de Electronică, Telecomunicaţii şi Tehnologia Informaţiei;Universitatea Tehnică "Gheorghe Asachi" din Iaşi (TUIASI);Iasi, Iasi;28;8.69;N/A;3.500 lei;Reţele de comunicaţii;Public;Acreditat;Reţele şi software de telecomunicaţii;Inginerie electronică, telecomunicații și tehnologii informaționale;Științe Inginerești;Examen;23;5
Facultatea de Electronică, Telecomunicaţii şi Tehnologia Informaţiei;Universitatea Tehnică "Gheorghe Asachi" din Iaşi (TUIASI);Iasi, Iasi;28;8.28;N/A;3.500 lei;Sisteme avansate în electronica aplicată;Public;Acreditat;Electronică aplicată;Inginerie electronică, telecomunicații și tehnologii informaționale;Științe Inginerești;Examen;23;5
Facultatea de Electronică, Telecomunicaţii şi Tehnologia Informaţiei;Universitatea Tehnică "Gheorghe Asachi" din Iaşi (TUIASI);Iasi, Iasi;28;N/A;N/A;3.500 lei;Proiectarea circuitelor VLSI avansate;Public;Acreditat;Electronică aplicată;Inginerie electronică, telecomunicații și tehnologii informaționale;Științe Inginerești;Examen;23;5
Facultatea de Inginerie Electrică, Energetică şi Informatică Aplicată;Universitatea Tehnică "Gheorghe Asachi" din Iaşi (TUIASI);Iasi, Iasi;33;6.00;N/A;2.500 lei;Inginerie şi management în contextul globalizării;Public;Acreditat;Inginerie economică industrială;Inginerie și management;Științe Inginerești;Examen;28;5
Facultatea de Inginerie Electrică, Energetică şi Informatică Aplicată;Universitatea Tehnică "Gheorghe Asachi" din Iaşi (TUIASI);Iasi, Iasi;34;6.88;N/A;2.500 lei;Managementul sistemelor de energie;Public;Acreditat;Managementul energiei;Inginerie energetică;Științe Inginerești;Examen;30;4
Facultatea de Construcţii de Maşini şi Management Industrial;Universitatea Tehnică "Gheorghe Asachi" din Iaşi (TUIASI);Iasi, Iasi;40;7.42;N/A;2.700 lei;Antreprenoriat industrial;Public;Acreditat;Inginerie economică industrială;Inginerie și management;Științe Inginerești;Examen;25;15
Facultatea de Hidrotehnică, Geodezie şi Ingineria Mediului;Universitatea Tehnică "Gheorghe Asachi" din Iaşi (TUIASI);Iasi, Iasi;50;7.75;N/A;2.000 lei;Ingineria şi managementul factorilor de mediu;Public;Acreditat;Ingineria mediului;Ingineria mediului;Științe Inginerești;Examen;50;0
Facultatea de Mecanică;Universitatea Tehnică "Gheorghe Asachi" din Iaşi (TUIASI);Iasi, Iasi;39;8.57;N/A;2.700 lei;Sistemica Transporturilor Autopropulsate;Public;Acreditat;Autovehicule rutiere;Ingineria autovehiculelor;Științe Inginerești;Examen;19;20
Facultatea de Mecanică;Universitatea Tehnică "Gheorghe Asachi" din Iaşi (TUIASI);Iasi, Iasi;39;6.85;N/A;2.200 lei;Sisteme de transport pe cale ferată;Public;Acreditat;Inginerie mecanică;Ingineria sistemelor și inginerie mecanică;Științe Inginerești;Examen;19;20
Facultatea de Textile – Pielărie şi Management Industrial;Universitatea Tehnică "Gheorghe Asachi" din Iaşi (TUIASI);Iasi, Iasi;20;8.00;N/A;2.000 lei;Procesarea avansată a resurselor proteice;Public;Acreditat;Tehnologie chimică textilă;Inginerie chimică;Științe Inginerești;Examen;15;5
Facultatea de Textile – Pielărie şi Management Industrial;Universitatea Tehnică "Gheorghe Asachi" din Iaşi (TUIASI);Iasi, Iasi;150;N/A;N/A;2.000 lei;Sisteme inovative de producție în confecții;Public;Acreditat;Tehnologia tricotajelor şi confecţiilor;Inginerie industrială;Științe Inginerești;Examen;120;30
Facultatea de Textile – Pielărie şi Management Industrial;Universitatea Tehnică "Gheorghe Asachi" din Iaşi (TUIASI);Iasi, Iasi;25;N/A;N/A;2.000 lei;Textile avansate;Public;Acreditat;Design industrial;Inginerie industrială;Științe Inginerești;Dosar;20;5
Facultatea de Electronică, Telecomunicaţii şi Tehnologia Informaţiei;Universitatea Tehnică "Gheorghe Asachi" din Iaşi (TUIASI);Iasi, Iasi;28;6.15;N/A;3.500 lei;Automotive electronic control systems;Public;Acreditat;Ingineria sistemelor de propulsie pentru autovehicule;Ingineria autovehiculelor;Științe Inginerești;Examen;23;5
Facultatea de Utilaj Tehnologic;Universitatea Tehnică de Construcţii din Bucureşti (UTCB);Bucuresti, Bucuresti;47;6.95;0.36;4.200 lei;Echipamente pentru dezafectarea/demolarea constructiilor si reciclarea materialelor;Public;Acreditat;Inginerie mecanică;Ingineria sistemelor și inginerie mecanică;Științe Inginerești;Examen;17;30
Facultatea de Utilaj Tehnologic;Universitatea Tehnică de Construcţii din Bucureşti (UTCB);Bucuresti, Bucuresti;47;6.64;0.89;4.200 lei;Sisteme mecanice avansate;Public;Acreditat;Inginerie mecanică;Ingineria sistemelor și inginerie mecanică;Științe Inginerești;Examen;17;30
Facultatea de Inginerie în Limbi Străine;Universitatea Tehnică de Construcţii din Bucureşti (UTCB);Bucuresti, Bucuresti;20;8.87;0.60;4.200 lei;Inginerie structurală (în limba engleză);Public;Acreditat;Inginerie civilă;Inginerie civilă;Științe Inginerești;Examen;5;15
Facultatea de Inginerie în Limbi Străine;Universitatea Tehnică de Construcţii din Bucureşti (UTCB);Bucuresti, Bucuresti;21;7.16;0.67;4.200 lei;Inginerie structurală (în limba franceză);Public;Acreditat;Inginerie civilă;Inginerie civilă;Științe Inginerești;Examen;6;15
Departamentul de Limbi Străine şi Comunicare;Universitatea Tehnică de Construcţii din Bucureşti (UTCB);Bucuresti, Bucuresti;44;N/A;N/A;2.400 lei;Masterat Traducere şi interpretare specializată;Public;Acreditat;Traducere și interpretare;Limbi moderne aplicate;Științe Umaniste;Examen;4;40
Facultatea de Utilaj Tehnologic;Universitatea Tehnică de Construcţii din Bucureşti (UTCB);Bucuresti, Bucuresti;47;N/A;N/A;4.200 lei;Managementul și gestionarea situațiilor de urgență;Public;Acreditat;Inginerie mecanică;Ingineria sistemelor și inginerie mecanică;Științe Inginerești;Examen;17;30
Facultatea de Construcţii de Maşini;Universitatea Tehnică din Cluj-Napoca - extensia Alba Iulia;Alba Iulia, Alba;N/A;7.40;N/A;3.300 lei;Tehnologii avansate de fabricaţie;Public;Acreditat;Inginerie industrială;Inginerie industrială;Științe Inginerești;Examen;0;0
Facultatea de Inginerie;Universitatea Tehnică din Cluj-Napoca - extensia Baia Mare;Baia Mare, Maramures;48;N/A;N/A;3.300 lei;Ingineria procesării materialelor prin procedee speciale;Public;Acreditat;Ingineria procesării materialelor;Ingineria materialelor;Științe Inginerești;Examen;18;30
Facultatea de Litere;Universitatea Tehnică din Cluj-Napoca - extensia Baia Mare;Baia Mare, Maramures;50;N/A;N/A;2.000 lei;Etnoturism - Etnologia şi turismul cultural;Public;Acreditat;Etnologie;Studii culturale;Științe Umaniste;Examen;25;25
Facultatea de Științe;Universitatea Tehnică din Cluj-Napoca - extensia Baia Mare;Baia Mare, Maramures;N/A;N/A;N/A;3.300 lei;Matemetici computaționale și tehnologii informatice;Public;Acreditat;Matematică informatică;Matematică;Științe Exacte;Examen;0;0
Facultatea de Științe;Universitatea Tehnică din Cluj-Napoca - extensia Baia Mare;Baia Mare, Maramures;50;7.77;0.22;3.300 lei;Matematică didactică;Public;Acreditat;Matematică;Matematică;Științe Exacte;Examen;15;35
Facultatea de Științe;Universitatea Tehnică din Cluj-Napoca - extensia Baia Mare;Baia Mare, Maramures;50;7.82;N/A;2.000 lei;Metode de analiză utilizate în controlul calității mediului și produselor;Public;Acreditat;Chimie;Chimie;Științe Exacte;Examen;20;30
Facultatea de Inginerie;Universitatea Tehnică din Cluj-Napoca - extensia Baia Mare;Baia Mare, Maramures;25;N/A;N/A;3.300 lei;Evaluarea impactului și riscului pentru mediu;Public;Acreditat;Ingineria mediului;Ingineria mediului;Științe Inginerești;Examen;19;6
Facultatea de Inginerie;Universitatea Tehnică din Cluj-Napoca - extensia Baia Mare;Baia Mare, Maramures;25;N/A;N/A;3.300 lei;Securitatea și reabilitarea perimetrelor miniere;Public;Acreditat;Inginerie minieră;Mine, petrol şi gaze;Științe Inginerești;Examen;20;5
Facultatea de Inginerie;Universitatea Tehnică din Cluj-Napoca - extensia Baia Mare;Baia Mare, Maramures;60;N/A;N/A;3.300 lei;Ingineria calității sistemelor tehnologice;Public;Acreditat;Ingineria şi managementul calităţii;Inginerie industrială;Științe Inginerești;Examen;24;36
Facultatea de Litere;Universitatea Tehnică din Cluj-Napoca - extensia Baia Mare;Baia Mare, Maramures;50;N/A;N/A;2.000 lei;Limba română în context european;Public;Acreditat;Limba şi literatura română;Limbă şi literatură;Științe Umaniste;Examen;25;25
Facultatea de Litere;Universitatea Tehnică din Cluj-Napoca - extensia Baia Mare;Baia Mare, Maramures;75;N/A;N/A;2.000 lei;Studii canadiene;Public;Acreditat;Studii culturale;Studii culturale;Științe Umaniste;Examen;40;35
Facultatea de Științe;Universitatea Tehnică din Cluj-Napoca - extensia Baia Mare;Baia Mare, Maramures;50;7.96;0.50;3.300 lei;Biochimie aplicată;Public;Acreditat;Biologie;Biologie;Științe ale Naturii;Examen;23;27
Facultatea de Științe;Universitatea Tehnică din Cluj-Napoca - extensia Baia Mare;Baia Mare, Maramures;50;9.73;1.28;2.600 lei;Managementul afacerilor;Public;Acreditat;Administrarea afacerilor;Administrarea afacerilor;Științe Economice;Examen;18;32
Facultatea de Construcţii;Universitatea Tehnică din Cluj-Napoca - extensia Baia Mare;Baia Mare, Maramures;30;7.00;0.77;3.300 lei;Proiectarea avansată a structurilor din lemn şi metal;Public;Acreditat;Instalaţii pentru construcţii;Inginerie civilă și instalații;Științe Inginerești;Examen;25;5
Facultatea de Științe;Universitatea Tehnică din Cluj-Napoca - extensia Baia Mare;Baia Mare, Maramures;50;6.82;0.60;3.300 lei;Informatică şi inginerie software;Public;Acreditat;Informatică;Informatică;Științe Exacte;Examen;30;20
Facultatea de Inginerie;Universitatea Tehnică din Cluj-Napoca - extensia Baia Mare;Baia Mare, Maramures;31;N/A;N/A;3.300 lei;Inginerie și management în domeniul electric;Public;Acreditat;Sisteme electrice;Inginerie electrică;Științe Inginerești;Examen;25;6
Facultatea de Litere;Universitatea Tehnică din Cluj-Napoca - extensia Baia Mare;Baia Mare, Maramures;N/A;N/A;N/A;2.000 lei;Literatura engleză pentru copii și tineret;Public;Acreditat;Limbă şi literatură;Filologie;Științe Umaniste;Examen;0;0
Facultatea de Inginerie;Universitatea Tehnică din Cluj-Napoca - extensia Baia Mare;Baia Mare, Maramures;31;N/A;N/A;3.300 lei;Inginerie și management în domeniul energetic;Public;Acreditat;Managementul energiei;Inginerie energetică;Științe Inginerești;Examen;25;6
Facultatea de Inginerie;Universitatea Tehnică din Cluj-Napoca - extensia Baia Mare;Baia Mare, Maramures;48;N/A;N/A;3.300 lei;Managementul mentenanței sistemelor mecanice;Public;Acreditat;Inginerie mecanică;Ingineria sistemelor și inginerie mecanică;Științe Inginerești;Examen;20;28
Facultatea de Litere;Universitatea Tehnică din Cluj-Napoca - extensia Baia Mare;Baia Mare, Maramures;37;N/A;N/A;2.000 lei;Asistență și incluziune socială a vârstnicilor și persoanelor cu dizabilități;Public;Acreditat;Sociologie;Sociologie;Științe Sociale și Psihologie;Examen;17;20
Facultatea de Litere;Universitatea Tehnică din Cluj-Napoca - extensia Baia Mare;Baia Mare, Maramures;50;N/A;N/A;2.000 lei;Literatura română și modernismul european;Public;Acreditat;Limba şi literatura română;Filologie;Științe Umaniste;Examen;25;25
Facultatea de Litere;Universitatea Tehnică din Cluj-Napoca - extensia Baia Mare;Baia Mare, Maramures;47;7.82;N/A;2.000 lei;Teologie creștină și spiritualitate europeană;Public;Acreditat;Studii religioase;Teologie;Teologie;Dosar;17;30
Facultatea de Științe;Universitatea Tehnică din Cluj-Napoca - extensia Baia Mare;Baia Mare, Maramures;50;8.80;0.46;2.000 lei;Chimie didactică;Public;Acreditat;Chimie;Chimie;Științe Exacte;Examen;15;35
Facultatea de Științe;Universitatea Tehnică din Cluj-Napoca - extensia Baia Mare;Baia Mare, Maramures;50;9.34;0.68;2.600 lei;Managementul proiectelor europene;Public;Acreditat;Management;Management;Științe Economice;Examen;17;33
Facultatea de Inginerie;Universitatea Tehnică din Cluj-Napoca - extensia Baia Mare;Baia Mare, Maramures;31;N/A;N/A;3.300 lei;Managementul inovării și dezvoltării tehnologiei;Public;Acreditat;Inginerie economică industrială;Inginerie și management;Științe Inginerești;Examen;21;10
Facultatea de Litere;Universitatea Tehnică din Cluj-Napoca - extensia Baia Mare;Baia Mare, Maramures;37;N/A;N/A;2.000 lei;Drepturile omului;Public;Acreditat;Filosofie;Filosofie;Științe Umaniste;Examen;17;20
Facultatea de Litere;Universitatea Tehnică din Cluj-Napoca - extensia Baia Mare;Baia Mare, Maramures;50;N/A;N/A;2.000 lei;Limba franceză în traduceri specializate;Public;Acreditat;Traducere și interpretare;Filologie;Științe Umaniste;Examen;25;25
Facultatea de Construcţii de Maşini;Universitatea Tehnică din Cluj-Napoca - extensia Bistriţa;Bistrita, Bistrita-Nasaud;N/A;8.22;N/A;3.300 lei;Robotică;Public;Acreditat;Robotică;Mecatronică și robotică;Științe Inginerești;Examen;0;0
Facultatea de Ingineria Materialelor şi a Mediului;Universitatea Tehnică din Cluj-Napoca - extensia Bistriţa;Bistrita, Bistrita-Nasaud;36;8.18;0.36;3.300 lei;Sudarea şi asigurarea calităţii materialelor;Public;Acreditat;Ştiinţa materialelor;Ingineria materialelor;Științe Inginerești;Examen;19;17
Facultatea de Construcţii de Maşini;Universitatea Tehnică din Cluj-Napoca - extensia Bistriţa;Bistrita, Bistrita-Nasaud;N/A;8.16;N/A;3.300 lei;Ingineria şi managementul calităţii;Public;Acreditat;Ingineria şi managementul calităţii;Inginerie industrială;Științe Inginerești;Examen;0;0
Facultatea de Construcţii de Maşini;Universitatea Tehnică din Cluj-Napoca - extensia Satu Mare;Satu Mare, Satu Mare;9;8.00;2.67;3.300 lei;Ingineria şi managementul resurselor tehnologice în industrie;Public;Acreditat;Ingineria şi managementul calităţii;Inginerie industrială;Științe Inginerești;Examen;3;6
Facultatea de Construcţii de Maşini;Universitatea Tehnică din Cluj-Napoca - extensia Zalău;Zalau, Salaj;15;7.08;1.13;3.300 lei;Inginerie virtuală şi fabricaţie competitivă;Public;Acreditat;Inginerie industrială;Inginerie industrială;Științe Inginerești;Examen;13;2
Facultatea de Construcţii;Universitatea Tehnică din Cluj–Napoca (UTCN);Cluj-Napoca, Cluj;32;N/A;N/A;3.300 lei;Inginerie structurală;Public;Acreditat;Construcţii civile, industriale şi agricole;Inginerie civilă;Științe Inginerești;Examen;25;7
Facultatea de Automatică şi Calculatoare;Universitatea Tehnică din Cluj–Napoca (UTCN);Cluj-Napoca, Cluj;31;7.27;0.58;3.300 lei;Complemente de ştiinţa calculatoarelor;Public;Acreditat;Calculatoare;Calculatoare și tehnologia informației;Științe Inginerești;Examen;18;13
Facultatea de Construcţii de Maşini;Universitatea Tehnică din Cluj–Napoca (UTCN);Cluj-Napoca, Cluj;N/A;N/A;N/A;3.300 lei;Evaluarea proprietăţii;Public;Acreditat;Ingineria şi managementul afacerilor;Inginerie și management;Științe Inginerești;Examen;0;0
Facultatea de Construcţii de Maşini;Universitatea Tehnică din Cluj–Napoca (UTCN);Cluj-Napoca, Cluj;N/A;7.83;N/A;3.300 lei;Design industrial;Public;Acreditat;Design industrial;Inginerie industrială;Științe Inginerești;Examen;0;0
Facultatea de Autovehicule rutiere, mecatronică și mecanică;Universitatea Tehnică din Cluj–Napoca (UTCN);Cluj-Napoca, Cluj;24;7.74;0.83;3.300 lei;Ingineria biosistemelor în agricultură şi industria alimentară;Public;Acreditat;Maşini şi instalaţii pentru agricultură şi industrie alimentară;Ingineria sistemelor și inginerie mecanică;Științe Inginerești;Examen;20;4
Facultatea de Autovehicule rutiere, mecatronică și mecanică;Universitatea Tehnică din Cluj–Napoca (UTCN);Cluj-Napoca, Cluj;23;6.40;N/A;3.300 lei;Managementul energiei termice;Public;Acreditat;Sisteme şi echipamente termice;Ingineria sistemelor și inginerie mecanică;Științe Inginerești;Examen;19;4
Facultatea de Autovehicule rutiere, mecatronică și mecanică;Universitatea Tehnică din Cluj–Napoca (UTCN);Cluj-Napoca, Cluj;28;8.51;0.96;3.300 lei;Logistica transporturilor rutiere;Public;Acreditat;Echipamente și sisteme de comandă și control pentru autovehicule;Ingineria autovehiculelor;Științe Inginerești;Examen;25;3
Facultatea de Inginerie Electrică;Universitatea Tehnică din Cluj–Napoca (UTCN);Cluj-Napoca, Cluj;13;7.80;1.77;3.300 lei;Sisteme de monitorizare şi control în inginerie electrică;Public;Acreditat;Sisteme electrice;Inginerie electrică;Științe Inginerești;Examen;3;10
Facultatea de Construcţii;Universitatea Tehnică din Cluj–Napoca (UTCN);Cluj-Napoca, Cluj;50;N/A;N/A;3.300 lei;Managementul proiectelor şi evaluarea proprietăţii;Public;Acreditat;Inginerie economică în construcţii;Inginerie și management;Științe Inginerești;Examen;46;4
Facultatea de Automatică şi Calculatoare;Universitatea Tehnică din Cluj–Napoca (UTCN);Cluj-Napoca, Cluj;34;7.80;0.59;3.300 lei;Ingineria calculatoarelor;Public;Acreditat;Calculatoare;Calculatoare și tehnologia informației;Științe Inginerești;Examen;20;14
Facultatea de Automatică şi Calculatoare;Universitatea Tehnică din Cluj–Napoca (UTCN);Cluj-Napoca, Cluj;40;8.04;0.65;3.300 lei;Informatică aplicată;Public;Acreditat;Automatică şi informatică aplicată;Ingineria sistemelor și inginerie mecanică;Științe Inginerești;Examen;22;18
Facultatea de Automatică şi Calculatoare;Universitatea Tehnică din Cluj–Napoca (UTCN);Cluj-Napoca, Cluj;39;8.80;0.77;3.300 lei;Tehnologia informaţiei în economie;Public;Acreditat;Tehnologia informaţiei;Calculatoare și tehnologia informației;Științe Inginerești;Examen;25;14
Facultatea de Electronică, Telecomunicaţii si Tehnologia Informaţiei;Universitatea Tehnică din Cluj–Napoca (UTCN);Cluj-Napoca, Cluj;76;7.13;N/A;3.300 lei;Inginerie electronică;Public;Acreditat;Electronică aplicată;Inginerie electronică, telecomunicații și tehnologii informaționale;Științe Inginerești;Examen;44;32
Facultatea de Electronică, Telecomunicaţii si Tehnologia Informaţiei;Universitatea Tehnică din Cluj–Napoca (UTCN);Cluj-Napoca, Cluj;76;N/A;N/A;3.300 lei;Telecomunicaţii;Public;Acreditat;Tehnologii şi sisteme de telecomunicaţii;Inginerie electronică, telecomunicații și tehnologii informaționale;Științe Inginerești;Examen;44;32
Facultatea de Construcţii de Maşini;Universitatea Tehnică din Cluj–Napoca (UTCN);Cluj-Napoca, Cluj;N/A;8.73;N/A;3.500 lei;Robotică;Public;Acreditat;Robotică;Mecatronică și robotică;Științe Inginerești;Examen;0;0
Facultatea de Construcţii de Maşini;Universitatea Tehnică din Cluj–Napoca (UTCN);Cluj-Napoca, Cluj;N/A;7.20;N/A;3.500 lei;Inginerie virtuală şi fabricaţie competitivă;Public;Acreditat;Inginerie industrială;Inginerie industrială;Științe Inginerești;Examen;0;0
Facultatea de Ingineria Materialelor şi a Mediului;Universitatea Tehnică din Cluj–Napoca (UTCN);Cluj-Napoca, Cluj;80;8.50;N/A;3.300 lei;Managementul integrat al resurselor naturale si ale deseurilor;Public;Acreditat;Ingineria valorificării deşeurilor;Ingineria mediului;Științe Inginerești;Examen;54;26
Facultatea de Inginerie Electrică;Universitatea Tehnică din Cluj–Napoca (UTCN);Cluj-Napoca, Cluj;45;8.80;N/A;3.300 lei;Managementul sistemelor electroenergetice moderne;Public;Acreditat;Managementul energiei;Inginerie energetică;Științe Inginerești;Examen;35;10
Facultatea de Autovehicule rutiere, mecatronică și mecanică;Universitatea Tehnică din Cluj–Napoca (UTCN);Cluj-Napoca, Cluj;25;8.67;N/A;3.300 lei;Tehnici avansate în ingineria autovehiculelor;Public;Acreditat;Inginerie mecanică;Ingineria sistemelor și inginerie mecanică;Științe Inginerești;Examen;20;5
Facultatea de Electronică, Telecomunicaţii si Tehnologia Informaţiei;Universitatea Tehnică din Cluj–Napoca (UTCN);Cluj-Napoca, Cluj;76;7.25;N/A;3.500 lei;Prelucrarea semnalelor şi imaginilor;Public;Acreditat;Transmisiuni;Inginerie electronică, telecomunicații și tehnologii informaționale;Științe Inginerești;Examen;44;32
Facultatea de Construcţii;Universitatea Tehnică din Cluj–Napoca (UTCN);Cluj-Napoca, Cluj;32;N/A;N/A;3.300 lei;Construcţii durabile din beton;Public;Acreditat;Construcţii şi fortificaţii;Inginerie civilă și instalații;Științe Inginerești;Examen;25;7
Facultatea de Automatică şi Calculatoare;Universitatea Tehnică din Cluj–Napoca (UTCN);Cluj-Napoca, Cluj;36;8.88;0.69;3.300 lei;Inginerie software;Public;Acreditat;Calculatoare;Calculatoare și tehnologia informației;Științe Inginerești;Examen;22;14
Facultatea de Construcţii de Maşini;Universitatea Tehnică din Cluj–Napoca (UTCN);Cluj-Napoca, Cluj;N/A;7.66;N/A;3.300 lei;Ingineria şi managementul calităţii;Public;Acreditat;Ingineria şi managementul calităţii;Inginerie industrială;Științe Inginerești;Examen;0;0
Facultatea de Construcţii de Maşini;Universitatea Tehnică din Cluj–Napoca (UTCN);Cluj-Napoca, Cluj;N/A;8.75;N/A;3.500 lei;Procese de producţie inovative şi management tehnologic;Public;Acreditat;Inginerie industrială;Inginerie industrială;Științe Inginerești;Examen;0;0
Facultatea de Construcţii de Maşini;Universitatea Tehnică din Cluj–Napoca (UTCN);Cluj-Napoca, Cluj;N/A;N/A;N/A;3.300 lei;Managementul sistemelor logistice;Public;Acreditat;Ingineria şi managementul afacerilor;Inginerie și management;Științe Inginerești;Examen;0;0
Facultatea de Autovehicule rutiere, mecatronică și mecanică;Universitatea Tehnică din Cluj–Napoca (UTCN);Cluj-Napoca, Cluj;25;6.40;0.32;3.300 lei;Energii regenerabile;Public;Acreditat;Inginerie mecanică;Ingineria sistemelor și inginerie mecanică;Științe Inginerești;Examen;21;4
Facultatea de Autovehicule rutiere, mecatronică și mecanică;Universitatea Tehnică din Cluj–Napoca (UTCN);Cluj-Napoca, Cluj;27;7.10;0.78;3.300 lei;Ingineria sistemelor mecatronice;Public;Acreditat;Mecatronică;Mecatronică și robotică;Științe Inginerești;Examen;23;4
Facultatea de Construcţii;Universitatea Tehnică din Cluj–Napoca (UTCN);Cluj-Napoca, Cluj;42;N/A;N/A;3.300 lei;Patologia şi reabilitarea construcţiilor;Public;Acreditat;Construcţii civile, industriale şi agricole;Inginerie civilă și instalații;Științe Inginerești;Examen;35;7
Facultatea de Construcţii;Universitatea Tehnică din Cluj–Napoca (UTCN);Cluj-Napoca, Cluj;37;9.60;0.41;3.300 lei;,,ECO'' infrastructuri pentru transporturi şi lucrări de artă;Public;Acreditat;Ingineria transporturilor şi a traficului;Ingineria transporturilor;Științe Inginerești;Examen;30;7
Facultatea de Automatică şi Calculatoare;Universitatea Tehnică din Cluj–Napoca (UTCN);Cluj-Napoca, Cluj;50;8.70;0.74;3.300 lei;Informatică aplicată în ingineria sistemelor complexe;Public;Acreditat;Automatică şi informatică aplicată;Ingineria sistemelor și inginerie mecanică;Științe Inginerești;Examen;36;14
Facultatea de Automatică şi Calculatoare;Universitatea Tehnică din Cluj–Napoca (UTCN);Cluj-Napoca, Cluj;30;9.70;0.33;3.300 lei;Ingineria conducerii avansate a fabricaţiei;Public;Acreditat;Automatică şi informatică aplicată;Ingineria sistemelor și inginerie mecanică;Științe Inginerești;Examen;14;16
Facultatea de Electronică, Telecomunicaţii si Tehnologia Informaţiei;Universitatea Tehnică din Cluj–Napoca (UTCN);Cluj-Napoca, Cluj;76;N/A;N/A;3.300 lei;Sisteme integrate de comunicaţii cu aplicații speciale;Public;Acreditat;Tehnologii şi sisteme de telecomunicaţii;Inginerie electronică, telecomunicații și tehnologii informaționale;Științe Inginerești;Examen;44;32
Facultatea de Electronică, Telecomunicaţii si Tehnologia Informaţiei;Universitatea Tehnică din Cluj–Napoca (UTCN);Cluj-Napoca, Cluj;76;N/A;N/A;3.300 lei;Tehnologii, sisteme și aplicații pentru eActivități;Public;Acreditat;Tehnologii şi sisteme de telecomunicaţii;Inginerie electronică, telecomunicații și tehnologii informaționale;Științe Inginerești;Examen;44;32
Facultatea de Construcţii de Maşini;Universitatea Tehnică din Cluj–Napoca (UTCN);Cluj-Napoca, Cluj;N/A;7.93;N/A;3.300 lei;Management şi inginerie în afaceri;Public;Acreditat;Ingineria şi managementul afacerilor;Inginerie și management;Științe Inginerești;Examen;0;0
Facultatea de Construcţii de Maşini;Universitatea Tehnică din Cluj–Napoca (UTCN);Cluj-Napoca, Cluj;N/A;N/A;N/A;3.300 lei;Antreprenoriat;Public;Acreditat;Ingineria şi managementul afacerilor;Inginerie și management;Științe Inginerești;Examen;0;0
Facultatea de Ingineria Materialelor şi a Mediului;Universitatea Tehnică din Cluj–Napoca (UTCN);Cluj-Napoca, Cluj;80;7.90;N/A;3.300 lei;Ingineria, Dreptul şi Economia dezvoltării durabile;Public;Acreditat;Ingineria dezvoltării rurale durabile;Ingineria mediului;Științe Inginerești;Examen;54;26
Facultatea de Autovehicule rutiere, mecatronică și mecanică;Universitatea Tehnică din Cluj–Napoca (UTCN);Cluj-Napoca, Cluj;47;7.87;0.64;3.300 lei;Automobilul şi mediul;Public;Acreditat;Autovehicule rutiere;Ingineria autovehiculelor;Științe Inginerești;Examen;45;2
Facultatea de Autovehicule rutiere, mecatronică și mecanică;Universitatea Tehnică din Cluj–Napoca (UTCN);Cluj-Napoca, Cluj;29;6.48;0.69;3.300 lei;Inginerie de precizie şi managementul calităţii;Public;Acreditat;Inginerie mecanică;Ingineria sistemelor și inginerie mecanică;Științe Inginerești;Examen;25;4
Facultatea de Inginerie Electrică;Universitatea Tehnică din Cluj–Napoca (UTCN);Cluj-Napoca, Cluj;11;8.28;N/A;3.300 lei;Tehnici moderne de proiectare asistată de calculator în ingineria electrică;Public;Acreditat;Inginerie electrică şi calculatoare;Inginerie electrică;Științe Inginerești;Examen;0;11
Facultatea de Inginerie Electrică;Universitatea Tehnică din Cluj–Napoca (UTCN);Cluj-Napoca, Cluj;30;8.40;N/A;3.300 lei;Ştiinţe Inginereşti Aplicate în Medicină;Public;Acreditat;Inginerie medicală;Științe inginerești aplicate;Științe Inginerești;Examen;20;10
Facultatea de Automatică şi Calculatoare;Universitatea Tehnică din Cluj–Napoca (UTCN);Cluj-Napoca, Cluj;39;9.50;0.77;3.300 lei;Inteligenţă şi viziune artificială;Public;Acreditat;Ingineria informaţiei;Calculatoare și tehnologia informației;Științe Inginerești;Examen;25;14
Facultatea de Automatică şi Calculatoare;Universitatea Tehnică din Cluj–Napoca (UTCN);Cluj-Napoca, Cluj;36;7.62;0.69;3.300 lei;Reţele de comunicaţii şi sisteme distribuite;Public;Acreditat;Tehnologia informaţiei;Calculatoare și tehnologia informației;Științe Inginerești;Examen;22;14
Facultatea de Automatică şi Calculatoare;Universitatea Tehnică din Cluj–Napoca (UTCN);Cluj-Napoca, Cluj;50;9.45;0.64;3.300 lei;Controlul avansat al proceselor;Public;Acreditat;Automatică şi informatică aplicată;Ingineria sistemelor și inginerie mecanică;Științe Inginerești;Examen;32;18
Facultatea de Construcţii;Universitatea Tehnică din Cluj–Napoca (UTCN);Cluj-Napoca, Cluj;31;N/A;N/A;3.300 lei;Ingineria tehnologiilor speciale în construcţii;Public;Acreditat;Construcţii civile, industriale şi agricole;Inginerie civilă și instalații;Științe Inginerești;Examen;25;6
Facultatea de Construcţii;Universitatea Tehnică din Cluj–Napoca (UTCN);Cluj-Napoca, Cluj;31;N/A;N/A;3.300 lei;Inginerie geotehnică;Public;Acreditat;Construcţii civile, industriale şi agricole;Inginerie civilă;Științe Inginerești;Examen;25;6
Facultatea de Construcţii;Universitatea Tehnică din Cluj–Napoca (UTCN);Cluj-Napoca, Cluj;44;N/A;N/A;3.300 lei;Ingineria infrastructurii transporturilor;Public;Acreditat;Ingineria transporturilor şi a traficului;Ingineria transporturilor;Științe Inginerești;Examen;37;7
Facultatea de Electronică, Telecomunicaţii si Tehnologia Informaţiei;Universitatea Tehnică din Cluj–Napoca (UTCN);Cluj-Napoca, Cluj;76;7.70;N/A;3.300 lei;Circuite şi sisteme integrate;Public;Acreditat;Tehnologii şi sisteme de telecomunicaţii;Inginerie electronică, telecomunicații și tehnologii informaționale;Științe Inginerești;Examen;44;32
Facultatea de Construcţii de Maşini;Universitatea Tehnică din Cluj–Napoca (UTCN);Cluj-Napoca, Cluj;N/A;8.16;N/A;3.300 lei;Proiectarea asistată de calculator a sistemelor de fabricaţie;Public;Acreditat;Inginerie industrială;Inginerie industrială;Științe Inginerești;Examen;0;0
Facultatea de Electronică, Telecomunicaţii si Tehnologia Informaţiei;Universitatea Tehnică din Cluj–Napoca (UTCN);Cluj-Napoca, Cluj;76;6.90;N/A;3.300 lei;Tehnologii multimedia;Public;Acreditat;Tehnologii şi sisteme de telecomunicaţii;Inginerie electronică, telecomunicații și tehnologii informaționale;Științe Inginerești;Examen;44;32
Facultatea de Ingineria Materialelor şi a Mediului;Universitatea Tehnică din Cluj–Napoca (UTCN);Cluj-Napoca, Cluj;60;8.00;N/A;3.300 lei;Ingineria şi managementul procesării avansate a materialelor;Public;Acreditat;Ingineria procesării materialelor;Ingineria materialelor;Științe Inginerești;Examen;53;7
Facultatea de Ingineria Materialelor şi a Mediului;Universitatea Tehnică din Cluj–Napoca (UTCN);Cluj-Napoca, Cluj;80;7.10;N/A;3.300 lei;Procedee avansate în protecţia mediului;Public;Acreditat;Ingineria şi protecţia mediului în industrie;Ingineria mediului;Științe Inginerești;Examen;54;26
Facultatea de Inginerie Electrică;Universitatea Tehnică din Cluj–Napoca (UTCN);Cluj-Napoca, Cluj;13;9.20;N/A;3.300 lei;Sisteme şi Structuri Electrice Avansate;Public;Acreditat;Sisteme electrice;Inginerie electrică;Științe Inginerești;Examen;3;10
Facultatea de Urbanism;Universitatea de Arhitectură şi Urbanism "Ion Mincu", Bucureşti;Bucuresti, Bucuresti;33;N/A;N/A;4.000 lei;Mobilitate urbana;Public;Acreditat;Proiectare şi planificare urbană;Urbanism;Arte, Arhitectură și Urbanism ;Examen;20;13
Facultatea de Urbanism;Universitatea de Arhitectură şi Urbanism "Ion Mincu", Bucureşti;Bucuresti, Bucuresti;33;N/A;N/A;4.000 lei;Peisaj si Teritoriu;Public;Acreditat;Amenajarea şi planificarea peisajului;Urbanism;Arte, Arhitectură și Urbanism ;Examen;20;13
Facultatea de Urbanism;Universitatea de Arhitectură şi Urbanism "Ion Mincu", Bucureşti;Bucuresti, Bucuresti;33;N/A;N/A;4.000 lei;Amenajarea Teritoriului şi Dezvoltare Regională;Public;Acreditat;Urbanism și administrarea teritoriului;Urbanism;Arte, Arhitectură și Urbanism ;Examen;20;13
Facultatea de Urbanism;Universitatea de Arhitectură şi Urbanism "Ion Mincu", Bucureşti;Bucuresti, Bucuresti;33;N/A;N/A;4.000 lei;Urbanism și politici publice;Public;Acreditat;Urbanism și administrarea teritoriului;Urbanism;Arte, Arhitectură și Urbanism ;Examen;20;13
Facultatea de Interpretare, Compoziţie și Studii Muzicale Teoretice;Universitatea de Arte "George Enescu" din Iaşi;Iasi, Iasi;7;7.45;N/A;4.000 lei;Muzicologie. Compoziție. Dirijat;Public;Acreditat;Muzicologie;Muzică;Arte, Arhitectură și Urbanism ;Examen;7;0
Facultatea de Interpretare, Compoziţie și Studii Muzicale Teoretice;Universitatea de Arte "George Enescu" din Iaşi;Iasi, Iasi;14;9.00;N/A;4.000 lei;Interpretare muzicală;Public;Acreditat;Interpretare muzicală - canto;Muzică;Arte, Arhitectură și Urbanism ;Examen;6;8
Facultatea de Arte Vizuale şi Design;Universitatea de Arte "George Enescu" din Iaşi;Iasi, Iasi;13;7.00;N/A;2.000 lei;Teorii și practici în artele vizuale;Public;Acreditat;Istoria şi teoria artei;Arte vizuale;Arte, Arhitectură și Urbanism ;Examen;7;6
Facultatea de Arte Vizuale şi Design;Universitatea de Arte "George Enescu" din Iaşi;Iasi, Iasi;15;9.33;N/A;4.000 lei;Arte plastice (Pictură);Public;Acreditat;Arte plastice;Arte vizuale;Arte, Arhitectură și Urbanism ;Examen;10;5
Facultatea de Teatru;Universitatea de Arte "George Enescu" din Iaşi;Iasi, Iasi;11;7.33;N/A;4.000 lei;Management și antreprenoriat artistic;Public;Acreditat;Istoria şi teoria artei;Teatru şi artele spectacolului;Arte, Arhitectură și Urbanism ;Examen;6;5
Facultatea de Arte Vizuale şi Design;Universitatea de Arte "George Enescu" din Iaşi;Iasi, Iasi;12;8.33;N/A;4.000 lei;Arte plastice (Sculptură);Public;Acreditat;Arte plastice;Arte vizuale;Arte, Arhitectură și Urbanism ;Examen;7;5
Facultatea de Arte Vizuale şi Design;Universitatea de Arte "George Enescu" din Iaşi;Iasi, Iasi;11;8.66;N/A;4.000 lei;Conservarea și restaurarea operei de artă;Public;Acreditat;Conservare şi restaurare;Arte vizuale;Arte, Arhitectură și Urbanism ;Examen;7;4
Facultatea de Teatru;Universitatea de Arte "George Enescu" din Iaşi;Iasi, Iasi;25;6.00;N/A;4.000 lei;Artele spectacolului;Public;Acreditat;Artele spectacolului;Teatru şi artele spectacolului;Arte, Arhitectură și Urbanism ;Examen;20;5
Facultatea de Arte Vizuale şi Design;Universitatea de Arte "George Enescu" din Iaşi;Iasi, Iasi;19;9.00;N/A;4.000 lei;Arte plastice (Grafică);Public;Acreditat;Arte plastice;Arte vizuale;Arte, Arhitectură și Urbanism ;Examen;12;7
Facultatea de Arte Vizuale şi Design;Universitatea de Arte "George Enescu" din Iaşi;Iasi, Iasi;12;9.33;N/A;4.000 lei;Artă murală;Public;Acreditat;Artă murală;Arte vizuale;Arte, Arhitectură și Urbanism ;Examen;7;5
Facultatea de Arte Vizuale şi Design;Universitatea de Arte "George Enescu" din Iaşi;Iasi, Iasi;14;8.00;N/A;4.500 lei;Arte plastice (Foto, video);Public;Acreditat;Arte plastice;Arte vizuale;Arte, Arhitectură și Urbanism ;Examen;8;6
Facultatea de Arte Vizuale şi Design;Universitatea de Arte "George Enescu" din Iaşi;Iasi, Iasi;11;8.66;N/A;4.000 lei;Modă - design vestimentar;Public;Acreditat;Modă - design vestimentar;Arte vizuale;Arte, Arhitectură și Urbanism ;Examen;7;4
Facultatea de Interpretare, Compoziţie și Studii Muzicale Teoretice;Universitatea de Arte "George Enescu" din Iaşi;Iasi, Iasi;10;7.89;N/A;4.000 lei;Culturi muzicale tradiționale și academice;Public;Acreditat;Pedagogie muzicală;Muzică;Arte, Arhitectură și Urbanism ;Examen;10;0
Facultatea de Arte Vizuale şi Design;Universitatea de Arte "George Enescu" din Iaşi;Iasi, Iasi;24;8.00;N/A;4.500 lei;Design;Public;Acreditat;Design;Arte vizuale;Arte, Arhitectură și Urbanism ;Examen;15;9
Facultatea de Arte în Limba Română;Universitatea de Arte din Târgu Mureş;Targu Mures, Mures;N/A;N/A;N/A;3.000 lei;Arta aplicată a animației;Public;Acreditat;Artele spectacolului;Teatru şi artele spectacolului;Arte, Arhitectură și Urbanism ;Examen;0;0
Facultatea de Arte în Limba Maghiară;Universitatea de Arte din Târgu Mureş;Targu Mures, Mures;N/A;N/A;N/A;3.000 lei;Arta regizorului (în limba maghiară);Public;Acreditat;Artele spectacolului;Teatru şi artele spectacolului;Arte, Arhitectură și Urbanism ;Examen;0;0
Facultatea de Arte în Limba Română;Universitatea de Arte din Târgu Mureş;Targu Mures, Mures;N/A;N/A;N/A;3.000 lei;Educație muzicală contemporană;Public;Acreditat;Pedagogie muzicală;Muzică;Arte, Arhitectură și Urbanism ;Examen;0;0
Facultatea de Arte în Limba Maghiară;Universitatea de Arte din Târgu Mureş;Targu Mures, Mures;3;N/A;N/A;3.000 lei;Arta actorului (în limba maghiară);Public;Acreditat;Artele spectacolului;Teatru şi artele spectacolului;Arte, Arhitectură și Urbanism ;Examen;0;3
Facultatea de Arte în Limba Maghiară;Universitatea de Arte din Târgu Mureş;Targu Mures, Mures;5;N/A;N/A;3.000 lei;Artele și noile media (în limba maghiară);Public;Acreditat;Arte plastice;Arte vizuale;Arte, Arhitectură și Urbanism ;Dosar;0;5
Facultatea de Arte în Limba Maghiară;Universitatea de Arte din Târgu Mureş;Targu Mures, Mures;9;N/A;N/A;3.000 lei;Arta actorului de teatru de animație (în limba maghiară);Public;Acreditat;Artele spectacolului;Teatru şi artele spectacolului;Arte, Arhitectură și Urbanism ;Examen;2;7
Facultatea de Arte în Limba Română;Universitatea de Arte din Târgu Mureş;Targu Mures, Mures;3;N/A;N/A;3.000 lei;Arta actorului;Public;Acreditat;Artele spectacolului;Teatru şi artele spectacolului;Arte, Arhitectură și Urbanism ;Examen;0;3
Facultatea de Arte în Limba Maghiară;Universitatea de Arte din Târgu Mureş;Targu Mures, Mures;7;N/A;N/A;3.000 lei;Teatrologie, impresariat artistic (în limba maghiară);Public;Acreditat;Teatrologie ;Teatru şi artele spectacolului;Arte, Arhitectură și Urbanism ;Dosar;0;7
Facultatea de Arte în Limba Maghiară;Universitatea de Arte din Târgu Mureş;Targu Mures, Mures;7;N/A;N/A;3.000 lei;Concepții muzicale contemporane (în limba maghiară);Public;Acreditat;Artele spectacolului muzical;Muzică;Arte, Arhitectură și Urbanism ;Examen;0;7
Facultatea de Arte în Limba Română;Universitatea de Arte din Târgu Mureş;Targu Mures, Mures;N/A;N/A;N/A;3.000 lei;Arta actorului de teatru de animație;Public;Acreditat;Artele spectacolului;Teatru şi artele spectacolului;Arte, Arhitectură și Urbanism ;Examen;0;0
Facultatea de Arte în Limba Română;Universitatea de Arte din Târgu Mureş;Targu Mures, Mures;N/A;N/A;N/A;3.000 lei;Arta regizorului;Public;Acreditat;Artele spectacolului;Teatru şi artele spectacolului;Arte, Arhitectură și Urbanism ;Examen;0;0
Facultatea de Arte în Limba Română;Universitatea de Arte din Târgu Mureş;Targu Mures, Mures;N/A;N/A;N/A;3.000 lei;Teatrologie, impresariat artistic;Public;Acreditat;Teatrologie ;Teatru şi artele spectacolului;Arte, Arhitectură și Urbanism ;Examen;0;0
Facultatea de Arte Decorative şi Design;Universitatea de Artă şi Design din Cluj-Napoca;Cluj-Napoca, Cluj;15;9.00;0.67;4.400 lei;Arte textile - Design textil;Public;Acreditat;Arte textile - design textil;Arte vizuale;Arte, Arhitectură și Urbanism ;Examen;6;9
Facultatea de Arte Plastice;Universitatea de Artă şi Design din Cluj-Napoca;Cluj-Napoca, Cluj;15;9.00;1.53;4.400 lei;Bandă desenată și desen animat;Public;Acreditat;Arte plastice;Arte vizuale;Arte, Arhitectură și Urbanism ;Examen;5;10
Facultatea de Arte Decorative şi Design;Universitatea de Artă şi Design din Cluj-Napoca;Cluj-Napoca, Cluj;24;8.00;0.88;4.400 lei;Design;Public;Acreditat;Design;Arte vizuale;Arte, Arhitectură și Urbanism ;Examen;11;13
Facultatea de Arte Plastice;Universitatea de Artă şi Design din Cluj-Napoca;Cluj-Napoca, Cluj;25;9.33;1.00;4.400 lei;Grafică;Public;Acreditat;Arte plastice;Arte vizuale;Arte, Arhitectură și Urbanism ;Examen;10;15
Facultatea de Arte Decorative şi Design;Universitatea de Artă şi Design din Cluj-Napoca;Cluj-Napoca, Cluj;20;N/A;N/A;4.400 lei;Practici curatoriale contemporane;Public;Autorizat;Istoria şi teoria artei;Arte vizuale;Arte, Arhitectură și Urbanism ;Examen;5;15
Facultatea de Arte Decorative şi Design;Universitatea de Artă şi Design din Cluj-Napoca;Cluj-Napoca, Cluj;25;8.33;0.48;4.400 lei;Modă - Design vestimentar;Public;Acreditat;Modă - design vestimentar;Arte vizuale;Arte, Arhitectură și Urbanism ;Examen;10;15
Facultatea de Arte Plastice;Universitatea de Artă şi Design din Cluj-Napoca;Cluj-Napoca, Cluj;30;9.00;0.73;4.400 lei;Pictură;Public;Acreditat;Arte plastice;Arte vizuale;Arte, Arhitectură și Urbanism ;Examen;14;16
Facultatea de Arte Plastice;Universitatea de Artă şi Design din Cluj-Napoca;Cluj-Napoca, Cluj;20;9.00;0.85;4.400 lei;Foto-video;Public;Acreditat;Arte plastice;Arte vizuale;Arte, Arhitectură și Urbanism ;Examen;10;10
Facultatea de Arte Plastice;Universitatea de Artă şi Design din Cluj-Napoca;Cluj-Napoca, Cluj;20;N/A;N/A;4.400 lei;Consevare și restaurare;Public;Acreditat;Conservare şi restaurare;Arte vizuale;Arte, Arhitectură și Urbanism ;Examen;7;13
Facultatea de Arte Plastice;Universitatea de Artă şi Design din Cluj-Napoca;Cluj-Napoca, Cluj;20;8.33;0.65;4.400 lei;Sculptură;Public;Acreditat;Arte plastice;Arte vizuale;Arte, Arhitectură și Urbanism ;Examen;7;13
Facultatea de Arte Decorative şi Design;Universitatea de Artă şi Design din Cluj-Napoca;Cluj-Napoca, Cluj;20;9.33;0.35;4.400 lei;Ceramică-Sticlă;Public;Acreditat;Ceramică - sticlă - metal;Arte vizuale;Arte, Arhitectură și Urbanism ;Examen;5;15
Facultatea de Medicină;Universitatea de Medicină şi Farmacie "Carol Davila" din Bucureşti;Bucuresti, Bucuresti;40;N/A;N/A;6.000 lei;Cercetări și intervenții operționale în managementul serviciilor medico-sociale și al sănătății publice;Public;Acreditat;Medicină;Medicină;Medicină;Examen;20;20
Facultatea de Moașe și Asistență Medicală;Universitatea de Medicină şi Farmacie "Carol Davila" din Bucureşti;Bucuresti, Bucuresti;35;N/A;N/A;6.000 lei;Nutriție și siguranță alimentară;Public;Acreditat;Nutriţie şi dietetică;Medicină;Medicină;Examen;20;15
Facultatea de Moașe și Asistență Medicală;Universitatea de Medicină şi Farmacie "Carol Davila" din Bucureşti;Bucuresti, Bucuresti;35;N/A;N/A;6.000 lei;Îngrijiri specifice ale lăuzei și nou-născutului la domiciliu;Public;Acreditat;Moaşe;Medicină;Medicină;Examen;10;25
Facultatea de Medicină;Universitatea de Medicină şi Farmacie "Carol Davila" din Bucureşti;Bucuresti, Bucuresti;752;N/A;N/A;9.000 lei;Biofizică medicală și biotehnologie celulară;Public;Acreditat;Medicină;Medicină;Medicină;Examen;552;200
Facultatea de Medicină Dentară;Universitatea de Medicină şi Farmacie "Gr. T. Popa" din Iaşi;Iasi, Iasi;20;8.33;N/A;3.000 lei;Metode noninvazive de diagnostic și tratament în medicina dentară (terapie laser);Public;Acreditat;Medicină dentară ;Medicină dentară;Medicină;Examen;6;14
Facultatea de Bioinginerie Medicală;Universitatea de Medicină şi Farmacie "Gr. T. Popa" din Iaşi;Iasi, Iasi;30;N/A;N/A;3.000 lei;Bioinginerie clinică;Public;Acreditat;Medicină ;Sănătate;Medicină;Examen;17;13
Facultatea de Medicină Dentară;Universitatea de Medicină şi Farmacie "Gr. T. Popa" din Iaşi;Iasi, Iasi;35;9.38;N/A;3.000 lei;Tehnici moderne în estetica și reabilitarea tehnologică în situații particulare de edentație;Public;Acreditat;Tehnică dentară;Medicină dentară;Medicină;Examen;5;30
Facultatea de Bioinginerie Medicală;Universitatea de Medicină şi Farmacie "Gr. T. Popa" din Iaşi;Iasi, Iasi;45;N/A;N/A;3.000 lei;Bioingineria reabilitării;Public;Acreditat;Medicină ;Sănătate;Medicină;Examen;25;20
Facultatea de Bioinginerie Medicală;Universitatea de Medicină şi Farmacie "Gr. T. Popa" din Iaşi;Iasi, Iasi;45;N/A;N/A;11.500 lei;Biomedical Engineering;Public;Acreditat;Medicină ;Sănătate;Medicină;Dosar;0;45
Facultatea de Medicină Dentară;Universitatea de Medicină şi Farmacie "Gr. T. Popa" din Iaşi;Iasi, Iasi;25;N/A;N/A;11.500 lei;Implanto-prosthetic rehabilitation of edentulous;Public;Acreditat;Tehnică dentară;Medicină dentară;Medicină;Dosar;0;25
Facultatea de Medicină;Universitatea de Medicină şi Farmacie "Gr. T. Popa" din Iaşi;Iasi, Iasi;39;9.31;N/A;3.000 lei;Managementul serviciilor de sănătate în domeniul medico-farmaceutic;Public;Acreditat;Medicină ;Sănătate;Medicină;Examen;22;17
Facultatea de Medicină Dentară;Universitatea de Medicină şi Farmacie "Gr. T. Popa" din Iaşi;Iasi, Iasi;25;N/A;N/A;11.500 lei;Rehabilitation implanto-prothetique de l'edentation;Public;Acreditat;Tehnică dentară;Medicină dentară;Medicină;Dosar;0;25
Facultatea de Medicină;Universitatea de Medicină şi Farmacie "Gr. T. Popa" din Iaşi;Iasi, Iasi;25;7.04;N/A;3.000 lei;Nutriție și dietetică profilactică și curativă;Public;Acreditat;Nutriţie şi dietetică;Sănătate;Medicină;Examen;20;5
Facultatea de Bioinginerie Medicală;Universitatea de Medicină şi Farmacie "Gr. T. Popa" din Iaşi;Iasi, Iasi;205;9.02;N/A;3.000 lei;Biotehnologii medicale și biomateriale avansate;Public;Acreditat;Medicină ;Sănătate;Medicină;Examen;177;28
Facultatea de Medicină Dentară;Universitatea de Medicină şi Farmacie "Gr. T. Popa" din Iaşi;Iasi, Iasi;25;8.52;N/A;3.000 lei;Reabilitarea implanto-protetică a edentației;Public;Acreditat;Tehnică dentară;Medicină dentară;Medicină;Examen;8;17
Facultatea de Farmacie;Universitatea de Medicină şi Farmacie "Iuliu Haţieganu" din Cluj-Napoca;Cluj-Napoca, Cluj;30;N/A;N/A;3.000 lei;Nutriţia şi Calitatea Vieţii;Public;Acreditat;Farmacie ;Farmacie;Medicină;Examen;15;15
Facultatea de Medicină;Universitatea de Medicină şi Farmacie "Iuliu Haţieganu" din Cluj-Napoca;Cluj-Napoca, Cluj;30;N/A;N/A;3.000 lei;Tehnici şi Metode de Reabilitare a Pacienţilor cu Boli Reumatologice;Public;Acreditat;Medicină;Medicină;Medicină;Examen;15;15
Facultatea de Medicină;Universitatea de Medicină şi Farmacie "Iuliu Haţieganu" din Cluj-Napoca;Cluj-Napoca, Cluj;30;N/A;N/A;3.000 lei;Sexologie;Public;Acreditat;Medicină;Medicină;Medicină;Examen;15;15
Facultatea de Farmacie;Universitatea de Medicină şi Farmacie "Iuliu Haţieganu" din Cluj-Napoca;Cluj-Napoca, Cluj;30;N/A;N/A;3.000 lei;Cosmetologie;Public;Acreditat;Farmacie ;Farmacie;Medicină;Examen;15;15
Facultatea de Medicină;Universitatea de Medicină şi Farmacie "Iuliu Haţieganu" din Cluj-Napoca;Cluj-Napoca, Cluj;40;N/A;N/A;3.000 lei;Ecografie și Imagistică Medicală Comparată;Public;Acreditat;Medicină;Medicină;Medicină;Examen;15;25
Facultatea de Medicină;Universitatea de Medicină şi Farmacie "Iuliu Haţieganu" din Cluj-Napoca;Cluj-Napoca, Cluj;30;N/A;N/A;3.000 lei;Urmărirea Nou Născutului cu Risc;Public;Acreditat;Medicină;Medicină;Medicină;Examen;15;15
Facultatea de Medicină;Universitatea de Medicină şi Farmacie "Iuliu Haţieganu" din Cluj-Napoca;Cluj-Napoca, Cluj;30;N/A;N/A;3.000 lei;Asistență medicală specializată în anestezie;Public;Acreditat;Medicină;Medicină;Medicină;Examen;15;15
Facultatea de Farmacie;Universitatea de Medicină şi Farmacie "Iuliu Haţieganu" din Cluj-Napoca;Cluj-Napoca, Cluj;20;N/A;N/A;3.000 lei;Științe Farmaceutice Aplicate;Public;Acreditat;Farmacie ;Farmacie;Medicină;Examen;10;10
Facultatea de Medicină;Universitatea de Medicină şi Farmacie "Iuliu Haţieganu" din Cluj-Napoca;Cluj-Napoca, Cluj;30;N/A;N/A;3.000 lei;Medicină Psihosomatică;Public;Acreditat;Medicină;Medicină;Medicină;Examen;15;15
Facultatea de Medicină Dentară;Universitatea de Medicină şi Farmacie "Iuliu Haţieganu" din Cluj-Napoca;Cluj-Napoca, Cluj;30;N/A;N/A;3.000 lei;Medicină Dentară Judiciară;Public;Acreditat;Medicină dentară ;Medicină dentară;Medicină;Dosar;15;15
Facultatea de Medicină;Universitatea de Medicină şi Farmacie "Iuliu Haţieganu" din Cluj-Napoca;Cluj-Napoca, Cluj;50;N/A;N/A;3.000 lei;Farmacologie Clinică şi Reguli de Bună Practică Medicală;Public;Acreditat;Medicină;Medicină;Medicină;Examen;25;25
Facultatea de Farmacie;Universitatea de Medicină şi Farmacie "Iuliu Haţieganu" din Cluj-Napoca;Cluj-Napoca, Cluj;30;N/A;N/A;3.000 lei;Farmacovigilenţa: Monitorizarea Siguranţei Medicamentelor;Public;Acreditat;Farmacie ;Farmacie;Medicină;Examen;15;15
Facultatea de Medicină;Universitatea de Medicină şi Farmacie "Iuliu Haţieganu" din Cluj-Napoca;Cluj-Napoca, Cluj;15;N/A;N/A;3.000 lei;Terapie Intensivă pentru Asistenții Medicali Licențiați;Public;Acreditat;Medicină;Medicină;Medicină;Examen;0;15
Facultatea de Farmacie;Universitatea de Medicină şi Farmacie "Iuliu Haţieganu" din Cluj-Napoca;Cluj-Napoca, Cluj;30;N/A;N/A;3.000 lei;Toxicologia Medicamentului şi a Mediului;Public;Acreditat;Farmacie ;Farmacie;Medicină;Examen;15;15
Facultatea de Medicină;Universitatea de Medicină şi Farmacie "Iuliu Haţieganu" din Cluj-Napoca;Cluj-Napoca, Cluj;30;N/A;N/A;3.000 lei;Biostatistică şi Bioinformatică;Public;Acreditat;Medicină;Medicină;Medicină;Examen;15;15
Facultatea de Medicină;Universitatea de Medicină şi Farmacie "Iuliu Haţieganu" din Cluj-Napoca;Cluj-Napoca, Cluj;30;N/A;N/A;3.000 lei;Optimizarea Explorărilor Imagistice Secționale Morfologice și Funcționale;Public;Acreditat;Medicină;Medicină;Medicină;Examen;15;15
Facultatea de Medicină;Universitatea de Medicină şi Farmacie din Târgu Mureş;Targu Mures, Mures;50;N/A;N/A;2.500 lei;Nutriție clinică și comunitară;Public;Acreditat;Nutriţie şi dietetică;Medicină;Medicină;Dosar;13;37
Facultatea de Medicină;Universitatea de Medicină şi Farmacie din Târgu Mureş;Targu Mures, Mures;17;N/A;N/A;2.500 lei;Laborator clinic;Public;Acreditat;Laborator clinic;Medicină;Medicină;Dosar;7;10
Facultatea de Farmacie;Universitatea de Medicină şi Farmacie din Târgu Mureş;Targu Mures, Mures;30;N/A;N/A;3.000 lei;Biotehnologie medicală;Public;Acreditat;Farmacie ;Farmacie;Medicină;Dosar;5;25
Facultatea de Medicină;Universitatea de Medicină şi Farmacie din Târgu Mureş;Targu Mures, Mures;46;N/A;N/A;2.500 lei;Educație fizică și consiliere sportivă;Public;Acreditat;Educaţie fizică şi sportivă;Educaţie fizică şi sport;Ştiinţa Sportului şi Educaţiei Fizice;Examen;8;38
Facultatea de Farmacie;Universitatea de Medicină şi Farmacie din Târgu Mureş;Targu Mures, Mures;30;N/A;N/A;2.500 lei;Cosmetologie și dermofarmacie;Public;Acreditat;Cosmetică medicală și tehnologia produsului cosmetic;Farmacie;Medicină;Dosar;7;23
Facultatea de Medicină Dentară;Universitatea de Medicină şi Farmacie din Târgu Mureş;Targu Mures, Mures;25;N/A;N/A;2.500 lei;Reabilitare orală estetică;Public;Acreditat;Medicină dentară ;Medicină dentară;Medicină;Examen;0;25
Facultatea de Medicină;Universitatea de Medicină şi Farmacie din Târgu Mureş;Targu Mures, Mures;50;N/A;N/A;2.500 lei;Terapie fizică și reabilitare funcțională;Public;Acreditat;Balneofiziokinetoterapie şi recuperare;Medicină;Medicină;Examen;13;37
Facultatea de Medicină Dentară;Universitatea de Medicină şi Farmacie din Târgu Mureş;Targu Mures, Mures;30;N/A;N/A;2.500 lei;Tehnologii protetice pe implanturi;Public;Acreditat;Medicină dentară ;Medicină dentară;Medicină;Examen;5;25
Facultatea de Farmacie;Universitatea de Medicină şi Farmacie din Târgu Mureş;Targu Mures, Mures;30;N/A;N/A;2.500 lei;Calitatea medicamentului, alimentului și mediului;Public;Acreditat;Farmacie ;Farmacie;Medicină;Dosar;5;25
Facultatea de Medicină;Universitatea de Medicină şi Farmacie din Târgu Mureş;Targu Mures, Mures;47;N/A;N/A;2.500 lei;Sănătatea Reproducerii Umane;Public;Acreditat;Medicină ;Sănătate;Medicină;Examen;7;40
Facultatea de Medicină;Universitatea de Medicină şi Farmacie din Târgu Mureş;Targu Mures, Mures;50;N/A;N/A;2.500 lei;Managementul serviciilor de sănătate;Public;Acreditat;Medicină ;Sănătate;Medicină;Examen;0;50
Facultatea de Medicină Dentară;Universitatea de Medicină și Farmacie "Victor Babeș" din Timișoara;Timisoara, Timis;10;N/A;0.20;4.000 lei;Laseri în medicina dentară;Public;Acreditat;Medicină dentară ;Medicină dentară;Medicină;Examen;0;10
Facultatea de Medicină;Universitatea de Medicină și Farmacie "Victor Babeș" din Timișoara;Timisoara, Timis;50;N/A;N/A;4.000 lei;Managementul asistenţei medicale perinatale;Public;Acreditat;Asistenţă medicală generală;Medicină;Medicină;Examen;0;50
Facultatea de Medicină;Universitatea de Medicină și Farmacie "Victor Babeș" din Timișoara;Timisoara, Timis;49;8.65;0.59;4.000 lei;Managementul serviciilor sociale şi de sănătate;Public;Acreditat;Medicină ;Sănătate;Medicină;Examen;5;44
Facultatea de Farmacie;Universitatea de Medicină și Farmacie "Victor Babeș" din Timișoara;Timisoara, Timis;45;8.72;0.33;4.000 lei;Formularea şi evaluarea produsului dermatocosmetic;Public;Acreditat;Farmacie ;Farmacie;Medicină;Examen;10;35
Facultatea de Medicină;Universitatea de Medicină și Farmacie "Victor Babeș" din Timișoara;Timisoara, Timis;50;8.86;0.24;4.000 lei;Nutriţie clinică şi comunitară;Public;Acreditat;Nutriţie şi dietetică;Medicină;Medicină;Examen;6;44
Facultatea de Medicină;Universitatea de Medicină și Farmacie "Victor Babeș" din Timișoara;Timisoara, Timis;50;8.86;0.26;4.000 lei;Prevenţia şi recuperarea în afecţiunile cardiopulmonare;Public;Acreditat;Balneofiziokinetoterapie şi recuperare;Medicină;Medicină;Examen;10;40
Facultatea de Farmacie;Universitatea de Medicină și Farmacie "Victor Babeș" din Timișoara;Timisoara, Timis;50;8.43;0.36;4.000 lei;Medicamente de tip OTC, suplimente alimentare, cosmetice;Public;Acreditat;Farmacie ;Farmacie;Medicină;Examen;10;40
Facultatea de Medicină;Universitatea de Medicină și Farmacie "Victor Babeș" din Timișoara;Timisoara, Timis;50;9.00;0.14;4.000 lei;Aplicații moderne ale medicinei de laborator în personalizarea actului medical;Public;Acreditat;Laborator clinic;Medicină;Medicină;Examen;7;43
Facultatea de Farmacie;Universitatea de Medicină și Farmacie din Craiova;Craiova, Dolj;25;N/A;N/A;4.000 lei;Farmacologie şi toxicologie;Public;Acreditat;Farmacie ;Farmacie;Medicină;Examen;10;15
Facultatea de Medicină;Universitatea de Medicină și Farmacie din Craiova;Craiova, Dolj;25;N/A;N/A;4.000 lei;Laborator clinic și de analiza medicamentului;Public;Acreditat;Laborator clinic;Medicină;Medicină;Examen;12;13
Facultatea de Medicină;Universitatea de Medicină și Farmacie din Craiova;Craiova, Dolj;25;N/A;N/A;4.000 lei;Managementul serviciilor de sănătate;Public;Acreditat;Medicină;Medicină;Medicină;Examen;0;25
Facultatea de Moaşe şi Asistenţă Medicală;Universitatea de Medicină și Farmacie din Craiova;Craiova, Dolj;25;N/A;N/A;2.000 lei;Dezvoltarea serviciilor de nursing comunitar;Public;Acreditat;Asistenţă medicală generală;Medicină;Medicină;Examen;10;15
Facultatea de Medicină Dentară;Universitatea de Medicină și Farmacie din Craiova;Craiova, Dolj;30;N/A;N/A;4.000 lei;Restaurări protetice cu sprijin implantar;Public;Acreditat;Medicină dentară ;Medicină dentară;Medicină;Examen;10;20
Facultatea de Ştiințe Juridice;Universitatea de Vest "Vasile Goldiş" din Arad;Arad, Arad;N/A;N/A;N/A;3.000 lei;Instituții de drept civil și procesual civil;Public;Acreditat;Drept;Drept;Științe Juridice;Dosar;0;0
Facultatea de Ştiinţe Economice, Informatică și Inginerie;Universitatea de Vest "Vasile Goldiş" din Arad;Arad, Arad;50;N/A;N/A;3.700 lei;Marketingul şi Managementul Firmei;Public;Acreditat;Marketing;Marketing;Științe Economice;Dosar;0;50
Facultatea de Științe Socio-Umane și Educaţie fizică şi sport;Universitatea de Vest "Vasile Goldiş" din Arad;Arad, Arad;50;N/A;N/A;3.000 lei;Kinetoprofilaxie şi recuperare fizică;Public;Acreditat;Kinetoterapie și motricitate specială;Știința sportului și educației fizice;Ştiinţa Sportului şi Educaţiei Fizice;Dosar;0;50
Facultatea de Științe Socio-Umane și Educaţie fizică şi sport;Universitatea de Vest "Vasile Goldiş" din Arad;Arad, Arad;50;N/A;N/A;3.000 lei;Mass-media și comunicare publică;Public;Acreditat;Comunicare şi relaţii publice;Ştiinţe ale comunicării;Științe Politice și Comunicare;Dosar;0;50
Facultatea de Științe Socio-Umane și Educaţie fizică şi sport;Universitatea de Vest "Vasile Goldiş" din Arad;Arad, Arad;50;N/A;N/A;3.000 lei;Psihologie clinică şi psihoterapie;Public;Acreditat;Psihologie;Psihologie;Științe Sociale și Psihologie;Dosar;0;50
Facultatea de Medicină;Universitatea de Vest "Vasile Goldiş" din Arad;Arad, Arad;50;N/A;N/A;3.700 lei;Medicină Socială și Management Sanitar;Public;Acreditat;Medicină;Medicină;Medicină;Dosar;0;50
Facultatea de Științe Socio-Umane și Educaţie fizică şi sport;Universitatea de Vest "Vasile Goldiş" din Arad;Arad, Arad;50;N/A;N/A;3.000 lei;Evaluarea politicilor și programelor publice europene;Public;Acreditat;Relaţii internaţionale şi studii europene;Relații internaționale și studii europene;Științe Politice și Comunicare;Dosar;0;50
Facultatea de Ştiințe Juridice;Universitatea de Vest "Vasile Goldiş" din Arad;Arad, Arad;N/A;N/A;N/A;3.000 lei;Instituții de drept penal și procesual penal;Public;Acreditat;Drept;Drept;Științe Juridice;Dosar;0;0
Facultatea de Ştiinţe Economice, Informatică și Inginerie;Universitatea de Vest "Vasile Goldiş" din Arad;Arad, Arad;50;N/A;N/A;3.700 lei;Administrarea Afacerilor în Turism și Servicii;Public;Acreditat;Administrarea afacerilor în comerţ, turism, servicii, merceologie şi managementul calităţii;Administrarea afacerilor;Științe Economice;Dosar;0;50
Facultatea de Ştiinţe Economice, Informatică și Inginerie;Universitatea de Vest "Vasile Goldiş" din Arad;Arad, Arad;50;N/A;N/A;3.700 lei;Audit şi Expertiza Contabilă;Public;Acreditat;Contabilitate şi informatică de gestiune;Contabilitate;Științe Economice;Dosar;0;50
Facultatea de Științe Socio-Umane și Educaţie fizică şi sport;Universitatea de Vest "Vasile Goldiş" din Arad;Arad, Arad;50;N/A;N/A;3.000 lei;Management educaţional;Public;Acreditat;Pedagogie;Științe ale educației;Științe Politice și Comunicare;Dosar;0;50
Facultatea de Ştiinţe Economice, Informatică și Inginerie;Universitatea de Vest "Vasile Goldiş" din Arad;Arad, Arad;50;N/A;N/A;3.700 lei;Management şi marketing forestier;Public;Acreditat;Silvicultură;Silvicultură;Științe Agricole;Dosar;0;50
Facultatea de Medicină;Universitatea de Vest "Vasile Goldiş" din Arad;Arad, Arad;50;N/A;N/A;3.700 lei;Analize de laborator utilizate în domeniul biomedical;Public;Acreditat;Medicină;Medicină;Medicină;Dosar;0;50
Facultatea de Medicină;Universitatea de Vest "Vasile Goldiş" din Arad;Arad, Arad;50;N/A;N/A;3.700 lei;Biologie și biotehnologii moleculare cu aplicații farmaco-medicale;Public;Acreditat;Medicină;Medicină;Medicină;Dosar;0;50
Facultatea de Medicină;Universitatea de Vest "Vasile Goldiş" din Arad;Arad, Arad;50;N/A;N/A;3.700 lei;Medicină comunitară și sănătatea familiei;Public;Acreditat;Medicină;Medicină;Medicină;Dosar;0;50
Facultatea de Științe Socio-Umane și Educaţie fizică şi sport;Universitatea de Vest "Vasile Goldiş" din Arad;Arad, Arad;50;N/A;N/A;3.000 lei;Politici administrative europene;Public;Acreditat;Administraţie europeană;Ştiinţe administrative;Științe Politice și Comunicare;Dosar;0;50
Facultatea de Științe Socio-Umane și Educaţie fizică şi sport;Universitatea de Vest "Vasile Goldiş" din Arad;Arad, Arad;50;N/A;N/A;3.000 lei;Transdisciplinaritate în predarea limbilor moderne;Public;Acreditat;Limba şi literatura română;Filologie;Științe Umaniste;Dosar;0;50
Facultatea de Ştiințe Juridice;Universitatea de Vest "Vasile Goldiş" din Arad;Arad, Arad;N/A;N/A;N/A;3.000 lei;Ocrotirea familiei și asistență socială;Public;Acreditat;Drept;Drept;Științe Juridice;Dosar;0;0
Facultatea de Științe Socio-Umane și Educaţie fizică şi sport;Universitatea de Vest "Vasile Goldiş" din Arad;Arad, Arad;50;N/A;N/A;3.000 lei;Managementul organizatiilor si activitatilor de educatie fizica, sportive si de turism;Public;Acreditat;Educație fizică și sportivă ;Știința sportului și educației fizice;Ştiinţa Sportului şi Educaţiei Fizice;Dosar;0;50
Facultatea de Medicină;Universitatea de Vest "Vasile Goldiş" din Arad;Arad, Arad;50;N/A;N/A;3.700 lei;Biologie moleculară și biotehnologii;Public;Acreditat;Medicină;Medicină;Medicină;Dosar;0;50
Facultatea de Științe Socio-Umane și Educaţie fizică şi sport;Universitatea de Vest "Vasile Goldiş" din Arad;Arad, Arad;50;N/A;N/A;3.000 lei;Comunicare managerială şi resurse umane;Public;Acreditat;Comunicare şi relaţii publice;Ştiinţe ale comunicării;Științe Politice și Comunicare;Dosar;0;50
Facultatea de Arte şi Design;Universitatea de Vest din Timişoara (UVT);Timisoara, Timis;20;N/A;N/A;3.800 lei;Design Ceramic;Public;Acreditat;Ceramică - sticlă - metal;Arte vizuale;Arte, Arhitectură și Urbanism ;Examen;5;15
Facultatea de Chimie, Biologie, Geografie;Universitatea de Vest din Timişoara (UVT);Timisoara, Timis;40;8.33;N/A;3.500 lei;Dezvoltare şi amenajare turistică;Public;Acreditat;Geografie;Geografie;Științe ale Naturii;Examen;18;22
Facultatea de Arte şi Design;Universitatea de Vest din Timişoara (UVT);Timisoara, Timis;18;8.66;0.33;3.800 lei;Design de Produs;Public;Acreditat;Design;Arte vizuale;Arte, Arhitectură și Urbanism ;Examen;5;13
Facultatea de Arte şi Design;Universitatea de Vest din Timişoara (UVT);Timisoara, Timis;20;N/A;N/A;3.800 lei;Grafică Publicitară și de Carte;Public;Acreditat;Arte plastice;Arte vizuale;Arte, Arhitectură și Urbanism ;Dosar;8;12
Facultatea de Arte şi Design;Universitatea de Vest din Timişoara (UVT);Timisoara, Timis;20;N/A;N/A;3.800 lei;Istoria Artei, Patrimoniu, Curatoriat;Public;Acreditat;Istoria şi teoria artei;Arte vizuale;Arte, Arhitectură și Urbanism ;Examen;4;16
Facultatea de Drept;Universitatea de Vest din Timişoara (UVT);Timisoara, Timis;50;N/A;N/A;3.500 lei;Dreptul Afacerilor;Public;Acreditat;Drept;Drept;Științe Juridice;Examen;10;40
Facultatea de Sociologie și Psihologie;Universitatea de Vest din Timişoara (UVT);Timisoara, Timis;60;7.14;0.25;3.500 lei;Psihologia muncii, psihologie organizationala si a transporturilor (PMOT);Public;Acreditat;Psihologie;Psihologie;Științe Sociale și Psihologie;Examen;11;49
Facultatea de Sociologie și Psihologie;Universitatea de Vest din Timişoara (UVT);Timisoara, Timis;60;8.50;0.63;3.500 lei;Psihologie clinică și consiliere psihologică;Public;Acreditat;Psihologie;Psihologie;Științe Sociale și Psihologie;Examen;14;46
Facultatea de Fizică;Universitatea de Vest din Timişoara (UVT);Timisoara, Timis;26;9.35;0.35;3.500 lei;Physics and Technology of Advanced Materials;Public;Acreditat;Fizică;Fizică;Științe Exacte;Examen;19;7
Facultatea de Economie şi de Administrare a Afacerilor;Universitatea de Vest din Timişoara (UVT);Timisoara, Timis;35;9.50;1.00;3.500 lei;Audit financiar-contabil;Public;Acreditat;Contabilitate şi informatică de gestiune;Contabilitate;Științe Economice;Examen;11;24
Facultatea de Economie şi de Administrare a Afacerilor;Universitatea de Vest din Timişoara (UVT);Timisoara, Timis;40;8.80;1.00;3.500 lei;Administrarea organizațiilor de afaceri;Public;Acreditat;Management;Management;Științe Economice;Examen;14;26
Facultatea de Economie şi de Administrare a Afacerilor;Universitatea de Vest din Timişoara (UVT);Timisoara, Timis;50;9.10;N/A;3.500 lei;Finanțe și strategii finaciare ale companiilor;Public;Acreditat;Finanţe şi bănci;Finanţe;Științe Economice;Examen;17;33
Facultatea de Educaţie Fizică şi Sport;Universitatea de Vest din Timişoara (UVT);Timisoara, Timis;50;9.17;0.72;3.500 lei;Kinetoterapie în patologia ortopedico-traumatică;Public;Acreditat;Kinetoterapie și motricitate specială;Știința sportului și educației fizice;Ştiinţa Sportului şi Educaţiei Fizice;Examen;9;41
Facultatea de Litere, Istorie şi Teologie;Universitatea de Vest din Timişoara (UVT);Timisoara, Timis;20;9.00;0.95;3.500 lei;Germana în context european - Studii interdisciplinare și multiculturale;Public;Acreditat;Limbă şi literatură;Filologie;Științe Umaniste;Dosar;14;6
Facultatea de Litere, Istorie şi Teologie;Universitatea de Vest din Timişoara (UVT);Timisoara, Timis;50;7.35;0.52;3.500 lei;Studii romanice: culturale şi lingvistice (latină, franceză, italiană, spaniolă);Public;Acreditat;Literatură universală şi comparată;Filologie;Științe Umaniste;Dosar;24;26
Facultatea de Matematică şi Informatică;Universitatea de Vest din Timişoara (UVT);Timisoara, Timis;64;N/A;N/A;3.500 lei;Matematici financiare;Public;Acreditat;Matematică;Matematică;Științe Exacte;Dosar;14;50
Facultatea de Litere, Istorie şi Teologie;Universitatea de Vest din Timişoara (UVT);Timisoara, Timis;20;7.50;0.50;3.500 lei;Istorie conceptuală românească în context european;Public;Acreditat;Istorie;Istorie;Științe Umaniste;Dosar;10;10
Facultatea de Economie şi de Administrare a Afacerilor;Universitatea de Vest din Timişoara (UVT);Timisoara, Timis;50;8.00;N/A;3.500 lei;Guvernanţa organizaţională şi managementul riscului;Public;Acreditat;Finanţe şi bănci;Finanţe;Științe Economice;Examen;10;40
Facultatea de Sociologie și Psihologie;Universitatea de Vest din Timişoara (UVT);Timisoara, Timis;75;8.80;0.33;3.500 lei;Management educaţional şi dezvoltare curriculară;Public;Acreditat;Pedagogie;Științe ale educației;Științe Politice și Comunicare;Dosar;12;63
Facultatea de Arte şi Design;Universitatea de Vest din Timişoara (UVT);Timisoara, Timis;20;N/A;N/A;3.800 lei;Sculptură - Materie și Concept;Public;Acreditat;Arte plastice;Arte vizuale;Arte, Arhitectură și Urbanism ;Examen;5;15
Facultatea de Arte şi Design;Universitatea de Vest din Timişoara (UVT);Timisoara, Timis;20;N/A;N/A;3.800 lei;Design Grafic - Comunicare Vizuală;Public;Acreditat;Design;Arte vizuale;Arte, Arhitectură și Urbanism ;Dosar;6;14
Facultatea de Educaţie Fizică şi Sport;Universitatea de Vest din Timişoara (UVT);Timisoara, Timis;50;9.00;0.62;3.500 lei;Fitness și performanță motrică;Public;Acreditat;Sport și performanță motrică ;Știința sportului și educației fizice;Ştiinţa Sportului şi Educaţiei Fizice;Examen;9;41
Facultatea de Chimie, Biologie, Geografie;Universitatea de Vest din Timişoara (UVT);Timisoara, Timis;40;7.56;N/A;3.500 lei;Planificarea şi dezvoltarea durabilă a teritoriului;Public;Acreditat;Geografie;Geografie;Științe ale Naturii;Examen;18;22
Facultatea de Drept;Universitatea de Vest din Timişoara (UVT);Timisoara, Timis;50;N/A;N/A;3.500 lei;Științe Penale;Public;Acreditat;Drept;Drept;Științe Juridice;Examen;10;40
Facultatea de Economie şi de Administrare a Afacerilor;Universitatea de Vest din Timişoara (UVT);Timisoara, Timis;50;9.30;1.00;3.500 lei;Managementul resurselor umane;Public;Acreditat;Management;Management;Științe Economice;Examen;14;36
Facultatea de Economie şi de Administrare a Afacerilor;Universitatea de Vest din Timişoara (UVT);Timisoara, Timis;50;8.50;N/A;3.500 lei;Studii Europene si Economia Integrarii;Public;Acreditat;Economie generală;Economie;Științe Economice;Examen;20;30
Facultatea de Economie şi de Administrare a Afacerilor;Universitatea de Vest din Timişoara (UVT);Timisoara, Timis;N/A;N/A;N/A;3.500 lei;Sisteme informaționale pentru afaceri;Public;Acreditat;Informatică economică;Informatică economică;Științe Economice;Examen;0;0
Facultatea de Economie şi de Administrare a Afacerilor;Universitatea de Vest din Timişoara (UVT);Timisoara, Timis;35;9.85;N/A;3.500 lei;Contabilitate și audit în instituțiile publice;Public;Acreditat;Contabilitate şi informatică de gestiune;Contabilitate;Științe Economice;Examen;14;21
Facultatea de Economie şi de Administrare a Afacerilor;Universitatea de Vest din Timişoara (UVT);Timisoara, Timis;50;8.78;N/A;3.500 lei;Marketing şi mangementul vânzărilor;Public;Acreditat;Marketing;Marketing;Științe Economice;Examen;11;39
Facultatea de Economie şi de Administrare a Afacerilor;Universitatea de Vest din Timişoara (UVT);Timisoara, Timis;50;8.70;1.00;3.500 lei;Management antreprenorial;Public;Acreditat;Management;Management;Științe Economice;Examen;13;37
Facultatea de Muzică și Teatru;Universitatea de Vest din Timişoara (UVT);Timisoara, Timis;40;9.33;0.68;10.000 lei;Stilistica Interpretării Muzicale;Public;Acreditat;Interpretare muzicală - instrumente;Muzică;Arte, Arhitectură și Urbanism ;Examen;10;30
Facultatea de Ştiinţe Politice, Filosofie şi Ştiinţe ale Comunicării;Universitatea de Vest din Timişoara (UVT);Timisoara, Timis;100;8.00;0.25;3.500 lei;International Development and Management of Global Affairs;Public;Acreditat;Relaţii internaţionale şi studii europene;Relații internaționale și studii europene;Științe Politice și Comunicare;Examen;24;76
Facultatea de Sociologie și Psihologie;Universitatea de Vest din Timişoara (UVT);Timisoara, Timis;75;9.41;0.57;3.500 lei;Managementul Resurselor Umane în Administrarea Organizațiilor;Public;Acreditat;Resurse umane;Sociologie;Științe Sociale și Psihologie;Dosar;14;61
Facultatea de Chimie, Biologie, Geografie;Universitatea de Vest din Timişoara (UVT);Timisoara, Timis;50;9.00;0.40;3.500 lei;Chimie clinică și de laborator sanitar;Public;Acreditat;Chimie;Chimie;Științe Exacte;Examen;16;34
Facultatea de Ştiinţe Politice, Filosofie şi Ştiinţe ale Comunicării;Universitatea de Vest din Timişoara (UVT);Timisoara, Timis;50;8.86;0.50;3.500 lei;Studii de Securitate Globală;Public;Acreditat;Filosofie;Filosofie;Științe Umaniste;Examen;20;30
Facultatea de Chimie, Biologie, Geografie;Universitatea de Vest din Timişoara (UVT);Timisoara, Timis;50;6.69;N/A;3.500 lei;Chimie Criminalistică;Public;Acreditat;Chimie;Chimie;Științe Exacte;Examen;16;34
Facultatea de Arte şi Design;Universitatea de Vest din Timişoara (UVT);Timisoara, Timis;30;N/A;N/A;3.800 lei;Foto - Video;Public;Acreditat;Scenografie şi eveniment artistic;Arte vizuale;Arte, Arhitectură și Urbanism ;Examen;6;24
Facultatea de Chimie, Biologie, Geografie;Universitatea de Vest din Timişoara (UVT);Timisoara, Timis;40;8.75;N/A;3.500 lei;Sisteme informaționale geografice;Public;Acreditat;Geografie;Geografie;Științe ale Naturii;Examen;15;25
Facultatea de Economie şi de Administrare a Afacerilor;Universitatea de Vest din Timişoara (UVT);Timisoara, Timis;35;7.00;N/A;3.500 lei;Auditul și managementul financiar al fondurilor europene;Public;Acreditat;Contabilitate şi informatică de gestiune;Contabilitate;Științe Economice;Examen;14;21
Facultatea de Litere, Istorie şi Teologie;Universitatea de Vest din Timişoara (UVT);Timisoara, Timis;50;7.18;0.58;3.500 lei;Teoria şi practica traducerii (engleză și franceză);Public;Acreditat;Traducere și interpretare;Filologie;Științe Umaniste;Examen;25;25
Facultatea de Litere, Istorie şi Teologie;Universitatea de Vest din Timişoara (UVT);Timisoara, Timis;32;8.17;1.03;3.500 lei;Studii Americane;Public;Acreditat;Limbă şi literatură;Filologie;Științe Umaniste;Examen;25;7
Facultatea de Litere, Istorie şi Teologie;Universitatea de Vest din Timişoara (UVT);Timisoara, Timis;30;9.10;0.50;3.500 lei;Religie, cultură, societate;Public;Acreditat;Studii religioase;Teologie;Teologie;Examen;14;16
Facultatea de Drept;Universitatea de Vest din Timişoara (UVT);Timisoara, Timis;50;N/A;N/A;3.500 lei;Dreptul Uniunii Europene (în limba engleză);Public;Acreditat;Drept european și internațional;Drept;Științe Juridice;Examen;10;40
Facultatea de Ştiinţe Politice, Filosofie şi Ştiinţe ale Comunicării;Universitatea de Vest din Timişoara (UVT);Timisoara, Timis;150;9.00;0.14;3.500 lei;Mass media și relații publice. Tehnici de redactare şi comunicare;Public;Acreditat;Comunicare şi relaţii publice;Ştiinţe ale comunicării;Științe Politice și Comunicare;Examen;15;135
Facultatea de Ştiinţe Politice, Filosofie şi Ştiinţe ale Comunicării;Universitatea de Vest din Timişoara (UVT);Timisoara, Timis;50;8.12;0.40;3.500 lei;Jurnalism Tematic;Public;Acreditat;Jurnalism;Ştiinţe ale comunicării;Științe Politice și Comunicare;Examen;20;30
Facultatea de Litere, Istorie şi Teologie;Universitatea de Vest din Timişoara (UVT);Timisoara, Timis;30;8.70;0.63;3.500 lei;Tendinţe actuale în studiul limbii române;Public;Acreditat;Limba şi literatura română;Filologie;Științe Umaniste;Dosar;20;10
Facultatea de Matematică şi Informatică;Universitatea de Vest din Timişoara (UVT);Timisoara, Timis;66;N/A;N/A;3.500 lei;Modelări analitice şi geometrice ale sistemelor;Public;Acreditat;Matematică;Matematică;Științe Exacte;Dosar;16;50
Facultatea de Economie şi de Administrare a Afacerilor;Universitatea de Vest din Timişoara (UVT);Timisoara, Timis;50;8.70;N/A;3.500 lei;Diagnostic, evaluare și consultanță în afaceri;Public;Acreditat;Management;Management;Științe Economice;Examen;15;35
Facultatea de Economie şi de Administrare a Afacerilor;Universitatea de Vest din Timişoara (UVT);Timisoara, Timis;40;8.60;1.00;3.500 lei;Managementul strategic al organizațiilor. Dezvoltarea spațiului de afaceri;Public;Acreditat;Management;Management;Științe Economice;Examen;13;27
Facultatea de Economie şi de Administrare a Afacerilor;Universitatea de Vest din Timişoara (UVT);Timisoara, Timis;50;9.33;N/A;3.500 lei;Fiscalitate și consultanță fiscală;Public;Acreditat;Finanţe şi bănci;Finanţe;Științe Economice;Examen;16;34
Facultatea de Educaţie Fizică şi Sport;Universitatea de Vest din Timişoara (UVT);Timisoara, Timis;50;8.50;0.40;3.500 lei;Kinetoprafilaxie și recuperare fizică;Public;Acreditat;Kinetoterapie și motricitate specială;Știința sportului și educației fizice;Ştiinţa Sportului şi Educaţiei Fizice;Examen;9;41
Facultatea de Drept;Universitatea de Vest din Timişoara (UVT);Timisoara, Timis;70;9.00;0.66;3.500 lei;Carieră Judiciară;Public;Acreditat;Drept;Drept;Științe Juridice;Examen;13;57
Facultatea de Arte şi Design;Universitatea de Vest din Timişoara (UVT);Timisoara, Timis;18;10.00;0.06;3.800 lei;Conservare Restaurare - Icoana, pictură şi restaurare;Public;Acreditat;Artă monumentală;Arte vizuale;Arte, Arhitectură și Urbanism ;Examen;3;15
Facultatea de Arte şi Design;Universitatea de Vest din Timişoara (UVT);Timisoara, Timis;30;N/A;N/A;3.800 lei;Design Vestimentar - Design Textil;Public;Acreditat;Modă - design vestimentar;Arte vizuale;Arte, Arhitectură și Urbanism ;Examen;7;23
Facultatea de Arte şi Design;Universitatea de Vest din Timişoara (UVT);Timisoara, Timis;20;N/A;N/A;3.800 lei;Pictura - Surse și Resurse ale Imaginii;Public;Acreditat;Arte plastice;Arte vizuale;Arte, Arhitectură și Urbanism ;Examen;7;13
Facultatea de Economie şi de Administrare a Afacerilor;Universitatea de Vest din Timişoara (UVT);Timisoara, Timis;50;9.13;1.00;3.500 lei;Sisteme informatice financiar-bancare;Public;Acreditat;Informatică economică;Informatică economică;Științe Economice;Examen;37;13
Facultatea de Economie şi de Administrare a Afacerilor;Universitatea de Vest din Timişoara (UVT);Timisoara, Timis;35;9.72;1.00;3.500 lei;Expertiză contabilă și evaluarea afacerilor;Public;Acreditat;Contabilitate şi informatică de gestiune;Contabilitate;Științe Economice;Examen;11;24
Facultatea de Economie şi de Administrare a Afacerilor;Universitatea de Vest din Timişoara (UVT);Timisoara, Timis;50;9.30;N/A;3.500 lei;Management și integrare europeană;Public;Acreditat;Economie internaţională;Economie şi afaceri internaţionale;Științe Economice;Examen;20;30
Facultatea de Economie şi de Administrare a Afacerilor;Universitatea de Vest din Timişoara (UVT);Timisoara, Timis;50;8.23;N/A;3.500 lei;International Corporate Finance;Public;Acreditat;Finanţe şi bănci;Finanţe;Științe Economice;Examen;14;36
Facultatea de Sociologie și Psihologie;Universitatea de Vest din Timişoara (UVT);Timisoara, Timis;30;7.32;0.30;3.500 lei;Organizational and Occupational Health Psychology;Public;Acreditat;Terapie ocupaţională;Psihologie;Științe Sociale și Psihologie;Examen;8;22
Facultatea de Ştiinţe Politice, Filosofie şi Ştiinţe ale Comunicării;Universitatea de Vest din Timişoara (UVT);Timisoara, Timis;150;8.10;0.13;3.500 lei;Comunicare și Mediere în Conflicte Sociale;Public;Acreditat;Comunicare şi relaţii publice;Ştiinţe ale comunicării;Științe Politice și Comunicare;Examen;15;135
Facultatea de Matematică şi Informatică;Universitatea de Vest din Timişoara (UVT);Timisoara, Timis;60;N/A;N/A;3.500 lei;Inteligenţă Artificială şi Sisteme Distribuite (în limba engleză);Public;Acreditat;Informatică;Informatică;Științe Exacte;Dosar;20;40
Facultatea de Sociologie și Psihologie;Universitatea de Vest din Timişoara (UVT);Timisoara, Timis;75;N/A;N/A;3.500 lei;Practica asistenţei sociale centrată pe valori;Public;Acreditat;Sociologie;Sociologie;Științe Sociale și Psihologie;Dosar;12;63
Facultatea de Economie şi de Administrare a Afacerilor;Universitatea de Vest din Timişoara (UVT);Timisoara, Timis;50;9.00;N/A;3.500 lei;Publicitate şi promovarea vânzărilor;Public;Acreditat;Marketing;Marketing;Științe Economice;Examen;11;39
Facultatea de Economie şi de Administrare a Afacerilor;Universitatea de Vest din Timişoara (UVT);Timisoara, Timis;50;8.80;N/A;3.500 lei;Marketing strategic și marketing digital;Public;Acreditat;Marketing;Marketing;Științe Economice;Examen;11;39
Facultatea de Educaţie Fizică şi Sport;Universitatea de Vest din Timişoara (UVT);Timisoara, Timis;50;8.60;0.48;3.500 lei;Managementul activităților și organizațiilor de educație fizică și sportivă;Public;Acreditat;Educație fizică și sportivă ;Știința sportului și educației fizice;Ştiinţa Sportului şi Educaţiei Fizice;Examen;9;41
Facultatea de Chimie, Biologie, Geografie;Universitatea de Vest din Timişoara (UVT);Timisoara, Timis;50;7.05;N/A;3.500 lei;Biologia dezvoltării și influența factorilor exogeni asupra dezvoltării organismelor;Public;Acreditat;Biologie;Biologie;Științe ale Naturii;Examen;16;34
Facultatea de Ştiinţe Politice, Filosofie şi Ştiinţe ale Comunicării;Universitatea de Vest din Timişoara (UVT);Timisoara, Timis;100;7.18;0.10;3.500 lei;Philosophical conselling and consultancy;Public;Acreditat;Ştiinţe politice;Ştiinţe politice;Științe Politice și Comunicare;Examen;15;85
Facultatea de Ştiinţe Politice, Filosofie şi Ştiinţe ale Comunicării;Universitatea de Vest din Timişoara (UVT);Timisoara, Timis;50;8.12;0.22;3.500 lei;Politici Publice și Advocacy;Public;Acreditat;Ştiinţe politice;Ştiinţe politice;Științe Politice și Comunicare;Examen;20;30
Facultatea de Litere, Istorie şi Teologie;Universitatea de Vest din Timişoara (UVT);Timisoara, Timis;50;8.00;0.38;3.500 lei;Literatură și Cultură - Contexte Românești, Contexte Europene;Public;Acreditat;Limbă şi literatură;Filologie;Științe Umaniste;Dosar;25;25
Facultatea de Matematică şi Informatică;Universitatea de Vest din Timişoara (UVT);Timisoara, Timis;60;N/A;N/A;3.000 lei;Inginerie software;Public;Acreditat;Informatică;Informatică;Științe Exacte;Dosar;20;40
Facultatea de Matematică şi Informatică;Universitatea de Vest din Timişoara (UVT);Timisoara, Timis;60;N/A;N/A;3.000 lei;Informatică aplicată în ştiinţe, tehnologie şi economie;Public;Acreditat;Informatică;Informatică;Științe Exacte;Dosar;20;40
Facultatea de Economie şi de Administrare a Afacerilor;Universitatea de Vest din Timişoara (UVT);Timisoara, Timis;30;8.89;N/A;3.500 lei;Administrarea organizațiilor de afaceri (în limba engleză);Public;Acreditat;Management;Management;Științe Economice;Examen;0;30
Facultatea de Economie şi de Administrare a Afacerilor;Universitatea de Vest din Timişoara (UVT);Timisoara, Timis;50;7.80;N/A;3.500 lei;Le Management des Affaires en Contexte Europeen;Public;Acreditat;Management;Management;Științe Economice;Examen;15;35
Facultatea de Fizică;Universitatea de Vest din Timişoara (UVT);Timisoara, Timis;19;9.13;0.84;3.500 lei;Fizică aplicată în medicină;Public;Acreditat;Fizică medicală;Fizică;Științe Exacte;Examen;8;11
Facultatea de Economie şi de Administrare a Afacerilor;Universitatea de Vest din Timişoara (UVT);Timisoara, Timis;60;9.25;0.90;3.500 lei;Administrarea afacerilor în turism și industria ospitalității;Public;Acreditat;Administrarea afacerilor în servicii de ospitalitate;Administrarea afacerilor;Științe Economice;Examen;40;20
Facultatea de Economie şi de Administrare a Afacerilor;Universitatea de Vest din Timişoara (UVT);Timisoara, Timis;35;9.52;N/A;3.500 lei;Contabilitate, control și guvernanță;Public;Acreditat;Contabilitate şi informatică de gestiune;Contabilitate;Științe Economice;Examen;14;21
Facultatea de Economie şi de Administrare a Afacerilor;Universitatea de Vest din Timişoara (UVT);Timisoara, Timis;40;9.40;N/A;3.500 lei;Managementul instituțiilor de ordine și siguranță publică;Public;Acreditat;Management;Management;Științe Economice;Examen;2;38
Facultatea de Economie şi de Administrare a Afacerilor;Universitatea de Vest din Timişoara (UVT);Timisoara, Timis;50;8.00;N/A;3.500 lei;Piețe financiare, bănci și asigurări;Public;Acreditat;Finanţe şi bănci;Finanţe;Științe Economice;Examen;16;34
Facultatea de Educaţie Fizică şi Sport;Universitatea de Vest din Timişoara (UVT);Timisoara, Timis;50;8.75;0.48;3.500 lei;Educaţie fizică şi sportivă;Public;Acreditat;Educație fizică și sportivă ;Știința sportului și educației fizice;Ştiinţa Sportului şi Educaţiei Fizice;Examen;9;41
Facultatea de Muzică și Teatru;Universitatea de Vest din Timişoara (UVT);Timisoara, Timis;30;N/A;0.23;10.000 lei;Artele Spectacolului de Teatru;Public;Acreditat;Artele spectacolului;Teatru şi artele spectacolului;Arte, Arhitectură și Urbanism ;Examen;0;30
Facultatea de Agricultură;Universitatea de Ştiinţe Agricole şi Medicină Veterinară "Ion Ionescu de la Brad" din Iaşi;Iasi, Iasi;5;N/A;N/A;2.900 lei;Management în Alimentaţie Publică şi Agroturism;Public;Acreditat;Inginerie şi management în alimentaţia publică şi agroturism;Inginerie şi management în agricultură și dezvoltare rurală;Științe Agricole;Examen;0;5
Facultatea de Zootehnie;Universitatea de Ştiinţe Agricole şi Medicină Veterinară "Ion Ionescu de la Brad" din Iaşi;Iasi, Iasi;4;N/A;N/A;2.900 lei;Managementul Producţiilor Animale;Public;Acreditat;Zootehnie;Zootehnie;Științe Agricole;Examen;0;4
Facultatea de Horticultură;Universitatea de Ştiinţe Agricole şi Medicină Veterinară "Ion Ionescu de la Brad" din Iaşi;Iasi, Iasi;4;N/A;N/A;2.900 lei;Producerea de Sămânţă şi Material Săditor Horticol;Public;Acreditat;Horticultură;Horticultură;Științe Agricole;Examen;0;4
Facultatea de Agricultură;Universitatea de Ştiinţe Agricole şi Medicină Veterinară "Ion Ionescu de la Brad" din Iaşi;Iasi, Iasi;25;N/A;N/A;2.600 lei;Conservarea şi Utilizarea Resurselor Genetice Vegetale;Public;Acreditat;Biologie;Biologie;Științe ale Naturii;Dosar;15;10
Facultatea de Horticultură;Universitatea de Ştiinţe Agricole şi Medicină Veterinară "Ion Ionescu de la Brad" din Iaşi;Iasi, Iasi;4;N/A;N/A;2.900 lei;Protecţia Plantelor;Public;Acreditat;Horticultură;Horticultură;Științe Agricole;Examen;0;4
Facultatea de Agricultură;Universitatea de Ştiinţe Agricole şi Medicină Veterinară "Ion Ionescu de la Brad" din Iaşi;Iasi, Iasi;5;N/A;N/A;2.900 lei;Tehnologii Agricole Moderne;Public;Acreditat;Agricultură;Agronomie;Științe Agricole;Examen;0;5
Facultatea de Agricultură;Universitatea de Ştiinţe Agricole şi Medicină Veterinară "Ion Ionescu de la Brad" din Iaşi;Iasi, Iasi;5;N/A;N/A;2.900 lei;Tehnologii de agricultură ecologică;Public;Acreditat;Agricultură;Agronomie;Științe Agricole;Examen;0;5
Facultatea de Zootehnie;Universitatea de Ştiinţe Agricole şi Medicină Veterinară "Ion Ionescu de la Brad" din Iaşi;Iasi, Iasi;4;N/A;N/A;2.900 lei;Reproducţie şi Ameliorare Genetică;Public;Acreditat;Zootehnie;Zootehnie;Științe Agricole;Examen;0;4
Facultatea de Zootehnie;Universitatea de Ştiinţe Agricole şi Medicină Veterinară "Ion Ionescu de la Brad" din Iaşi;Iasi, Iasi;4;N/A;N/A;2.900 lei;Nutriţia şi Alimentaţia Animalelor;Public;Acreditat;Zootehnie;Zootehnie;Științe Agricole;Examen;0;4
Facultatea de Agricultură;Universitatea de Ştiinţe Agricole şi Medicină Veterinară "Ion Ionescu de la Brad" din Iaşi;Iasi, Iasi;5;N/A;N/A;2.900 lei;Siguranţă alimentara şi protecţia consumatorului;Public;Acreditat;Protecția consumatorului și a mediului;Ingineria produselor alimentare;Științe Agricole;Examen;0;5
Facultatea de Agricultură;Universitatea de Ştiinţe Agricole şi Medicină Veterinară "Ion Ionescu de la Brad" din Iaşi;Iasi, Iasi;5;N/A;N/A;2.900 lei;Sisteme avansate de procesare şi controlul calităţii produselor agroalimentare;Public;Acreditat;Controlul şi expertiza produselor alimentare;Ingineria produselor alimentare;Științe Agricole;Examen;0;5
Facultatea de Agricultură;Universitatea de Ştiinţe Agricole şi Medicină Veterinară "Ion Ionescu de la Brad" din Iaşi;Iasi, Iasi;5;N/A;N/A;2.900 lei;Expertiză pe Filiera Produselor Alimentare;Public;Acreditat;Controlul şi expertiza produselor alimentare;Ingineria produselor alimentare;Științe Agricole;Examen;0;5
Facultatea de Agricultură;Universitatea de Ştiinţe Agricole şi Medicină Veterinară "Ion Ionescu de la Brad" din Iaşi;Iasi, Iasi;N/A;N/A;N/A;2.900 lei;Expertiza şi Evaluarea Fondului Funciar;Public;Acreditat;Agricultură;Agronomie;Științe Agricole;Dosar;0;0
Facultatea de Horticultură;Universitatea de Ştiinţe Agricole şi Medicină Veterinară "Ion Ionescu de la Brad" din Iaşi;Iasi, Iasi;4;N/A;N/A;2.900 lei;Amenajări Peisagistice Urbane şi Teritoriale;Public;Acreditat;Peisagistică;Horticultură;Științe Agricole;Examen;0;4
Facultatea de Horticultură;Universitatea de Ştiinţe Agricole şi Medicină Veterinară "Ion Ionescu de la Brad" din Iaşi;Iasi, Iasi;4;N/A;N/A;2.900 lei;Horticultură Ecologică;Public;Acreditat;Horticultură;Horticultură;Științe Agricole;Examen;0;4
Facultatea de Zootehnie;Universitatea de Ştiinţe Agricole şi Medicină Veterinară "Ion Ionescu de la Brad" din Iaşi;Iasi, Iasi;4;N/A;N/A;2.900 lei;Managementul Exploataţiilor în Acvacultură;Public;Acreditat;Piscicultură şi acvacultură;Zootehnie;Științe Agricole;Examen;0;4
Facultatea de Agricultură;Universitatea de Ştiinţe Agricole şi Medicină Veterinară "Ion Ionescu de la Brad" din Iaşi;Iasi, Iasi;5;N/A;N/A;N/A;Managementul dezvoltării rurale;Public;Acreditat;Inginerie şi management în alimentaţia publică şi agroturism;Inginerie şi management în agricultură și dezvoltare rurală;Științe Agricole;Examen;0;5
Facultatea de Agricultură;Universitatea de Ştiinţe Agricole şi Medicină Veterinară "Ion Ionescu de la Brad" din Iaşi;Iasi, Iasi;5;N/A;N/A;2.900 lei;Management şi audit în agricultură;Public;Acreditat;Inginerie economică în agricultură;Inginerie şi management în agricultură și dezvoltare rurală;Științe Agricole;Examen;0;5
Facultatea de Agricultură;Universitatea de Ştiinţe Agricole şi Medicină Veterinară "Ion Ionescu de la Brad" din Iaşi;Iasi, Iasi;5;N/A;N/A;2.900 lei;Administrarea Afacerilor Agricole;Public;Acreditat;Inginerie economică în agricultură;Inginerie şi management în agricultură și dezvoltare rurală;Științe Agricole;Examen;0;5
Facultatea de Horticultură;Universitatea de Ştiinţe Agricole şi Medicină Veterinară "Ion Ionescu de la Brad" din Iaşi;Iasi, Iasi;4;N/A;N/A;2.900 lei;Tehnologia şi Controlul Calităţii Băuturilor;Public;Acreditat;Horticultură;Horticultură;Științe Agricole;Examen;0;4
Facultatea de Zootehnie;Universitatea de Ştiinţe Agricole şi Medicină Veterinară "Ion Ionescu de la Brad" din Iaşi;Iasi, Iasi;4;N/A;N/A;2.900 lei;Managementul Calităţii şi Siguranţei Alimentelor;Public;Acreditat;Zootehnie;Zootehnie;Științe Agricole;Examen;0;4
Facultatea de Agricultură;Universitatea de Ştiinţe Agricole şi Medicină Veterinară "Ion Ionescu de la Brad" din Iaşi;Iasi, Iasi;5;N/A;N/A;2.900 lei;Managementul şi conservarea solurilor;Public;Acreditat;Ştiinţele solului;Agronomie;Științe Agricole;Examen;0;5
Facultatea de Agricultură;Universitatea de Ştiinţe Agricole şi Medicină Veterinară "Ion Ionescu de la Brad" din Iaşi;Iasi, Iasi;5;N/A;N/A;2.900 lei;Producerea de Sămânţă şi Material de Plantat;Public;Acreditat;Agricultură;Agronomie;Științe Agricole;Examen;0;5
Bioingineria Resurselor Animaliere;Universitatea de Ştiinţe Agricole şi Medicină Veterinară a Banatului „Regele Mihai I Al României” din Timişoara;Timisoara, Timis;50;N/A;N/A;2.100 lei;Proiectare si evaluare tehnico - economica a productiilor animaliere;Public;Acreditat;Zootehnie;Zootehnie;Științe Agricole;Examen;15;35
Facultatea de Horticultură şi Silvicultură;Universitatea de Ştiinţe Agricole şi Medicină Veterinară a Banatului „Regele Mihai I Al României” din Timişoara;Timisoara, Timis;50;N/A;N/A;2.100 lei;Manipulare genetica la plante;Public;Acreditat;Biotehnologii;Biotehnologii;Științe Agricole;Examen;15;35
Facultatea de Horticultură şi Silvicultură;Universitatea de Ştiinţe Agricole şi Medicină Veterinară a Banatului „Regele Mihai I Al României” din Timişoara;Timisoara, Timis;20;N/A;N/A;2.100 lei;Calitatea produselor si subproduselor viti-vinicole;Public;Acreditat;Horticultură;Horticultură;Științe Agricole;Examen;20;0
Facultatea de Inginerie Alimentară;Universitatea de Ştiinţe Agricole şi Medicină Veterinară a Banatului „Regele Mihai I Al României” din Timişoara;Timisoara, Timis;50;N/A;N/A;2.100 lei;Sisteme de Procesare Ecologică Multifuncţională Integrată a Principiilor Bioactive Naturale (S.P.E.);Public;Acreditat;Ingineria produselor alimentare;Ingineria produselor alimentare;Științe Agricole;Examen;15;35
Facultatea de Horticultură şi Silvicultură;Universitatea de Ştiinţe Agricole şi Medicină Veterinară a Banatului „Regele Mihai I Al României” din Timişoara;Timisoara, Timis;50;N/A;N/A;2.100 lei;Tehnici in proiectarea si amenajarea peisajului;Public;Acreditat;Peisagistică;Horticultură;Științe Agricole;Examen;15;35
Facultatea de Inginerie Alimentară;Universitatea de Ştiinţe Agricole şi Medicină Veterinară a Banatului „Regele Mihai I Al României” din Timişoara;Timisoara, Timis;50;N/A;N/A;2.100 lei;Tehnologii Avansate de Procesare a Materiilor Prime Agricole (T.A.P.);Public;Acreditat;Tehnologia prelucrării produselor agricole;Ingineria produselor alimentare;Științe Agricole;Examen;15;35
Bioingineria Resurselor Animaliere;Universitatea de Ştiinţe Agricole şi Medicină Veterinară a Banatului „Regele Mihai I Al României” din Timişoara;Timisoara, Timis;50;N/A;N/A;21.000 lei;Biotehnologii de reproducere in ameliorarea animalelor;Public;Acreditat;Biotehnologii;Biotehnologii;Științe Agricole;Examen;15;35
Facultatea de Horticultură şi Silvicultură;Universitatea de Ştiinţe Agricole şi Medicină Veterinară a Banatului „Regele Mihai I Al României” din Timişoara;Timisoara, Timis;13;N/A;N/A;2.100 lei;Securitatea si calitatea produselor horticole primare;Public;Acreditat;Biotehnologii;Biotehnologii;Științe Agricole;Examen;13;0
Facultatea de Horticultură şi Silvicultură;Universitatea de Ştiinţe Agricole şi Medicină Veterinară a Banatului „Regele Mihai I Al României” din Timişoara;Timisoara, Timis;50;N/A;N/A;2.100 lei;Monitorizarea contaminării produselor de origine vegetală;Public;Acreditat;Biotehnologii;Biotehnologii;Științe Agricole;Examen;15;35
Bioingineria Resurselor Animaliere;Universitatea de Ştiinţe Agricole şi Medicină Veterinară a Banatului „Regele Mihai I Al României” din Timişoara;Timisoara, Timis;50;N/A;N/A;21.000 lei;Nutritie si baza furajera;Public;Acreditat;Zootehnie;Zootehnie;Științe Agricole;Examen;15;35
Facultatea de Horticultură şi Silvicultură;Universitatea de Ştiinţe Agricole şi Medicină Veterinară a Banatului „Regele Mihai I Al României” din Timişoara;Timisoara, Timis;17;N/A;N/A;2.100 lei;Ameliorare și producere de sămânță la plantele cultivate;Public;Acreditat;Biotehnologii;Biotehnologii;Științe Agricole;Examen;17;0
Facultatea de Inginerie Alimentară;Universitatea de Ştiinţe Agricole şi Medicină Veterinară a Banatului „Regele Mihai I Al României” din Timişoara;Timisoara, Timis;50;N/A;N/A;2.100 lei;Aliment - Nutriție umană;Public;Acreditat;Ingineria produselor alimentare;Ingineria produselor alimentare;Științe Agricole;Examen;15;35
Facultatea de Inginerie Alimentară;Universitatea de Ştiinţe Agricole şi Medicină Veterinară a Banatului „Regele Mihai I Al României” din Timişoara;Timisoara, Timis;50;N/A;N/A;2.100 lei;Siguranta si Biosecuritatea Produselor Agroalimentare (S.B.P.A.);Public;Acreditat;Controlul şi expertiza produselor alimentare;Ingineria produselor alimentare;Științe Agricole;Examen;15;35
Facultatea de Horticultură şi Silvicultură;Universitatea de Ştiinţe Agricole şi Medicină Veterinară a Banatului „Regele Mihai I Al României” din Timişoara;Timisoara, Timis;9;N/A;N/A;2.100 lei;Diversitatea ecosistemelor forestiere;Public;Acreditat;Silvicultură;Silvicultură;Științe Agricole;Examen;9;0
Facultatea de Horticultură şi Silvicultură;Universitatea de Ştiinţe Agricole şi Medicină Veterinară a Banatului „Regele Mihai I Al României” din Timişoara;Timisoara, Timis;20;N/A;N/A;2.100 lei;Tehnologii in sistemele ecobiologice horticole;Public;Acreditat;Horticultură;Horticultură;Științe Agricole;Examen;20;0
Facultatea de Agricultură;Universitatea de Ştiinţe Agricole şi Medicină Veterinară din Cluj-Napoca;Cluj-Napoca, Cluj;24;8.50;0.88;4.500 lei;Agricultură, schimbări climatice şi siguranţa alimentelor (lb. franceză);Public;Acreditat;Agricultură;Agronomie;Științe Agricole;Examen;20;4
Facultatea de Agricultură;Universitatea de Ştiinţe Agricole şi Medicină Veterinară din Cluj-Napoca;Cluj-Napoca, Cluj;23;8.81;1.00;3.000 lei;Protecţia sistemelor naturale şi antropice;Public;Acreditat;Ecologie şi protecţia mediului;Ştiinţa mediului;Științe ale Naturii;Examen;18;5
Facultatea de Agricultură;Universitatea de Ştiinţe Agricole şi Medicină Veterinară din Cluj-Napoca;Cluj-Napoca, Cluj;23;8.41;0.78;N/A;Managementul resurselor naturale şi agroturistice;Public;Acreditat;Agricultură;Agronomie;Științe Agricole;Examen;18;5
Facultatea de Știința și Tehnologia Alimentelor;Universitatea de Ştiinţe Agricole şi Medicină Veterinară din Cluj-Napoca;Cluj-Napoca, Cluj;36;8.82;0.53;4.500 lei;Food quality management;Public;Acreditat;Ingineria produselor alimentare;Ingineria produselor alimentare;Științe Agricole;Examen;16;20
Facultatea de Horticultură;Universitatea de Ştiinţe Agricole şi Medicină Veterinară din Cluj-Napoca;Cluj-Napoca, Cluj;25;9.40;0.96;4.500 lei;MANAGEMENTUL ECOSISTEMELOR FORESTIERE;Public;Acreditat;Exploatări forestiere;Silvicultură;Științe Agricole;Examen;19;6
Facultatea de Horticultură;Universitatea de Ştiinţe Agricole şi Medicină Veterinară din Cluj-Napoca;Cluj-Napoca, Cluj;30;8.35;0.57;4.500 lei;ȘTIINȚE HORTICOLE;Public;Acreditat;Horticultură;Horticultură;Științe Agricole;Examen;16;14
Facultatea de Agricultură;Universitatea de Ştiinţe Agricole şi Medicină Veterinară din Cluj-Napoca;Cluj-Napoca, Cluj;18;9.04;1.00;4.500 lei;Protecția plantelor;Public;Acreditat;Protecţia plantelor;Agronomie;Științe Agricole;Examen;18;0
Facultatea de Zootehnie şi Biotehnologii;Universitatea de Ştiinţe Agricole şi Medicină Veterinară din Cluj-Napoca;Cluj-Napoca, Cluj;12;9.14;0.42;4.500 lei;BIOTEHNOLOGII APLICATE;Public;Acreditat;Biotehnologii;Biotehnologii;Științe Agricole;Dosar;2;10
Facultatea de Agricultură;Universitatea de Ştiinţe Agricole şi Medicină Veterinară din Cluj-Napoca;Cluj-Napoca, Cluj;23;8.56;0.91;3.000 lei;Dezvoltare rurală;Public;Acreditat;Agricultură;Agronomie;Științe Agricole;Examen;18;5
Facultatea de Știința și Tehnologia Alimentelor;Universitatea de Ştiinţe Agricole şi Medicină Veterinară din Cluj-Napoca;Cluj-Napoca, Cluj;36;8.46;N/A;4.500 lei;Gastronomie, nutriție și dietetică alimentară;Public;Acreditat;Ingineria produselor alimentare;Ingineria produselor alimentare;Științe Agricole;Examen;16;20
Facultatea de Horticultură;Universitatea de Ştiinţe Agricole şi Medicină Veterinară din Cluj-Napoca;Cluj-Napoca, Cluj;40;8.00;0.45;4.500 lei;PROIECTAREA, AMENAJAREA ȘI ÎNTREȚINEREA SPAȚIILOR VERZI;Public;Acreditat;Peisagistică;Horticultură;Științe Agricole;Examen;17;23
Facultatea de Horticultură;Universitatea de Ştiinţe Agricole şi Medicină Veterinară din Cluj-Napoca;Cluj-Napoca, Cluj;24;8.65;0.71;4.500 lei;GESTIONAREA DURABILĂ A BIODIVERSITĂȚII ȘI RESURSELOR FORESTIERE;Public;Acreditat;Silvicultură;Silvicultură;Științe Agricole;Examen;16;8
Facultatea de Horticultură;Universitatea de Ştiinţe Agricole şi Medicină Veterinară din Cluj-Napoca;Cluj-Napoca, Cluj;30;6.80;0.67;4.500 lei;MANAGEMENTUL PRODUCȚIEI HORTICOLE ÎN CLIMAT CONTROLAT;Public;Acreditat;Horticultură;Horticultură;Științe Agricole;Examen;16;14
Facultatea de Știința și Tehnologia Alimentelor;Universitatea de Ştiinţe Agricole şi Medicină Veterinară din Cluj-Napoca;Cluj-Napoca, Cluj;9;N/A;0.22;4.500 lei;Gastronomie, Nutritie și Dietetică Alimentară;Public;Acreditat;Nutriţie şi dietetică;Sănătate;Medicină;Dosar;0;9
Facultatea de Agricultură;Universitatea de Ştiinţe Agricole şi Medicină Veterinară din Cluj-Napoca;Cluj-Napoca, Cluj;23;8.50;0.83;3.000 lei;Biologia agroecosistemelor;Public;Acreditat;Biologie;Biologie;Științe ale Naturii;Examen;18;5
Facultatea de Știința și Tehnologia Alimentelor;Universitatea de Ştiinţe Agricole şi Medicină Veterinară din Cluj-Napoca;Cluj-Napoca, Cluj;36;N/A;N/A;4.500 lei;Gastronomy, nutrition and dietetics;Public;Acreditat;Ingineria produselor alimentare;Ingineria produselor alimentare;Științe Agricole;Examen;16;20
Facultatea de Horticultură;Universitatea de Ştiinţe Agricole şi Medicină Veterinară din Cluj-Napoca;Cluj-Napoca, Cluj;20;8.45;0.40;4.500 lei;INGINERIE GENETICĂ ÎN AMELIORAREA PLANTELOR;Public;Acreditat;Peisagistică;Horticultură;Științe Agricole;Examen;8;12
Facultatea de Horticultură;Universitatea de Ştiinţe Agricole şi Medicină Veterinară din Cluj-Napoca;Cluj-Napoca, Cluj;34;7.90;0.50;4.500 lei;AGRIBUSINESS (în limba engleză);Public;Acreditat;Inginerie şi management în alimentaţia publică şi agroturism;Inginerie şi management în agricultură și dezvoltare rurală;Științe Agricole;Examen;17;17
Facultatea de Agricultură;Universitatea de Ştiinţe Agricole şi Medicină Veterinară din Cluj-Napoca;Cluj-Napoca, Cluj;22;8.50;0.77;4.500 lei;Biologia agroecosistemelor;Public;Acreditat;Biologie;Biologie;Științe ale Naturii;Examen;17;5
Facultatea de Agricultură;Universitatea de Ştiinţe Agricole şi Medicină Veterinară din Cluj-Napoca;Cluj-Napoca, Cluj;21;9.21;0.86;3.000 lei;Protecţia plantelor;Public;Acreditat;Protecţia plantelor;Agronomie;Științe Agricole;Examen;16;5
Facultatea de Horticultură;Universitatea de Ştiinţe Agricole şi Medicină Veterinară din Cluj-Napoca;Cluj-Napoca, Cluj;1.430;7.00;0.01;4.500 lei;TEHNOLOGIA PRODUCERII ȘI VALORIFICĂRII VINURILOR SPECIALE ȘI A PRODUSELOR DERIVATE;Public;Acreditat;Horticultură;Horticultură;Științe Agricole;Examen;14;1416
Facultatea de Horticultură;Universitatea de Ştiinţe Agricole şi Medicină Veterinară din Cluj-Napoca;Cluj-Napoca, Cluj;35;8.56;0.49;4.500 lei;ECONOMIE AGROALIMENTARĂ;Public;Acreditat;Inginerie economică în agricultură;Inginerie şi management în agricultură și dezvoltare rurală;Științe Agricole;Examen;18;17
Facultatea de Agricultură;Universitatea de Ştiinţe Agricole şi Medicină Veterinară din Cluj-Napoca;Cluj-Napoca, Cluj;19;9.41;1.26;4.500 lei;Protecţia sistemelor naturale şi antropice;Public;Acreditat;Ingineria şi protecţia mediului în agricultură;Ingineria mediului;Științe Inginerești;Examen;19;0
Facultatea de Zootehnie şi Biotehnologii;Universitatea de Ştiinţe Agricole şi Medicină Veterinară din Cluj-Napoca;Cluj-Napoca, Cluj;10;N/A;0.30;4.500 lei;Managementul creşterii animalelor şi acvacultură;Public;Acreditat;Piscicultură şi acvacultură;Zootehnie;Științe Agricole;Dosar;0;10
Facultatea de Horticultură;Universitatea de Ştiinţe Agricole şi Medicină Veterinară din Cluj-Napoca;Cluj-Napoca, Cluj;N/A;N/A;N/A;4.500 lei;BIODIVERSITATE ȘI BIOCONSERVARE;Public;Acreditat;Horticultură;Horticultură;Științe Agricole;Examen;0;0
Facultatea de Știința și Tehnologia Alimentelor;Universitatea de Ştiinţe Agricole şi Medicină Veterinară din Cluj-Napoca;Cluj-Napoca, Cluj;36;9.32;0.75;4.500 lei;Sisteme de procesare şi controlul calităţii produselor alimentare;Public;Acreditat;Controlul şi expertiza produselor alimentare;Ingineria produselor alimentare;Științe Agricole;Examen;16;20
Facultatea de Zootehnie şi Biotehnologii;Universitatea de Ştiinţe Agricole şi Medicină Veterinară din Cluj-Napoca;Cluj-Napoca, Cluj;10;N/A;0.30;4.500 lei;MANAGEMENTUL CALITĂŢII PRODUSELOR DE ORIGINE ANIMALIERĂ;Public;Acreditat;Zootehnie;Zootehnie;Științe Agricole;Dosar;0;10
Facultatea de Horticultură;Universitatea de Ştiinţe Agricole şi Medicină Veterinară din Cluj-Napoca;Cluj-Napoca, Cluj;25;8.90;1.00;4.500 lei;SISTEME DE MONITORIZARE ȘI CADASTRU;Public;Acreditat;Măsurători terestre şi cadastru;Inginerie geodezică;Științe Inginerești;Examen;18;7
Facultatea de Agricultură;Universitatea de Ştiinţe Agricole şi Medicină Veterinară din Cluj-Napoca;Cluj-Napoca, Cluj;20;9.10;1.15;4.500 lei;Dezvoltare rurală;Public;Acreditat;Inginerie economică în agricultură;Inginerie şi management în agricultură și dezvoltare rurală;Științe Agricole;Examen;19;1
Facultatea de Ingineria și Gestiunea Producțiilor Animaliere;Universitatea de Ştiinţe Agronomice şi Medicină Veterinară din Bucureşti;Bucuresti, Bucuresti;2;N/A;N/A;2.800 lei;Tehnologii speciale în industria alimentară;Public;Acreditat;Ingineria produselor alimentare;Ingineria produselor alimentare;Științe Agricole;Examen;0;2
Facultatea de Horticultură;Universitatea de Ştiinţe Agronomice şi Medicină Veterinară din Bucureşti;Bucuresti, Bucuresti;50;7.25;0.56;2.800 lei;Tehnologii integrate de obținere și valorificare a produselor horticole;Public;Acreditat;Horticultură;Horticultură;Științe Agricole;Examen;23;27
Facultatea de Medicină Veterinară;Universitatea de Ştiinţe Agronomice şi Medicină Veterinară din Bucureşti;Bucuresti, Bucuresti;50;8.68;0.80;3.000 lei;Expertiza produselor agroalimentare;Public;Acreditat;Controlul şi expertiza produselor alimentare;Ingineria produselor alimentare;Științe Agricole;Examen;38;12
Facultatea de Management, Inginerie Economică în Agricultură și Dezvoltare Rurală;Universitatea de Ştiinţe Agronomice şi Medicină Veterinară din Bucureşti;Bucuresti, Bucuresti;50;8.07;1.10;2.800 lei;Management în agroturism și alimentație publică;Public;Acreditat;Inginerie și management în alimentația publică și agroturism;Inginerie şi management în agricultură și dezvoltare rurală;Științe Inginerești;Examen;45;5
Facultatea de Management, Inginerie Economică în Agricultură și Dezvoltare Rurală;Universitatea de Ştiinţe Agronomice şi Medicină Veterinară din Bucureşti;Bucuresti, Bucuresti;50;N/A;N/A;2.600 lei;Agribusiness (IFR);Public;Acreditat;Agribusiness;Inginerie şi management în agricultură și dezvoltare rurală;Științe Agricole;Examen;0;50
Facultatea de Management, Inginerie Economică în Agricultură și Dezvoltare Rurală;Universitatea de Ştiinţe Agronomice şi Medicină Veterinară din Bucureşti;Bucuresti, Bucuresti;50;N/A;N/A;2.600 lei;Management în agroturism şi alimentaţie publică (IFR);Public;Acreditat;Inginerie şi management în alimentaţia publică şi agroturism;Inginerie şi management în agricultură și dezvoltare rurală;Științe Agricole;Examen;0;50
Facultatea de Agricultură;Universitatea de Ştiinţe Agronomice şi Medicină Veterinară din Bucureşti;Bucuresti, Bucuresti;50;6.23;0.60;2.800 lei;Managementul și expertiza fondului funciar;Public;Acreditat;Agricultură;Agronomie;Științe Agricole;Examen;29;21
Facultatea de Management, Inginerie Economică în Agricultură și Dezvoltare Rurală;Universitatea de Ştiinţe Agronomice şi Medicină Veterinară din Bucureşti;Bucuresti, Bucuresti;50;8.82;1.32;3.000 lei;Management și audit intern;Public;Acreditat;Inginerie economică în agricultură;Inginerie şi management în agricultură și dezvoltare rurală;Științe Inginerești;Examen;45;5
Facultatea de Management, Inginerie Economică în Agricultură și Dezvoltare Rurală;Universitatea de Ştiinţe Agronomice şi Medicină Veterinară din Bucureşti;Bucuresti, Bucuresti;50;8.07;1.46;2.800 lei;Agribusiness;Public;Acreditat;Agribusiness;Inginerie şi management în agricultură și dezvoltare rurală;Științe Agricole;Examen;45;5
Facultatea de Medicină Veterinară;Universitatea de Ştiinţe Agronomice şi Medicină Veterinară din Bucureşti;Bucuresti, Bucuresti;50;7.66;0.76;3.000 lei;Controlul și expertiza alimentelor ecologice, Halal și Kosher;Public;Acreditat;Controlul şi expertiza produselor alimentare;Ingineria produselor alimentare;Științe Agricole;Examen;37;13
Facultatea de Biotehnologii;Universitatea de Ştiinţe Agronomice şi Medicină Veterinară din Bucureşti;Bucuresti, Bucuresti;50;6.10;0.60;2.800 lei;Biotehnologii în protecția mediului;Public;Acreditat;Biotehnologii;Biotehnologii;Științe Agricole;Examen;28;22
Facultatea de Biotehnologii;Universitatea de Ştiinţe Agronomice şi Medicină Veterinară din Bucureşti;Bucuresti, Bucuresti;50;8.55;0.86;2.800 lei;Biotehnologie și siguranță alimentară;Public;Acreditat;Biotehnologii pentru industria alimentară;Biotehnologii;Științe Agricole;Examen;32;18
Facultatea de Îmbunătăţiri Funciare şi Ingineria Mediului;Universitatea de Ştiinţe Agronomice şi Medicină Veterinară din Bucureşti;Bucuresti, Bucuresti;75;N/A;0.12;2.600 lei;Ingineria şi protecţia mediului în spaţiul rural (IFR);Public;Acreditat;Ingineria şi protecţia mediului în industrie;Ingineria mediului;Științe Inginerești;Examen;0;75
Facultatea de Management, Inginerie Economică în Agricultură și Dezvoltare Rurală;Universitatea de Ştiinţe Agronomice şi Medicină Veterinară din Bucureşti;Bucuresti, Bucuresti;50;N/A;N/A;2.600 lei;Management şi dezvoltare rurală (IFR);Public;Acreditat;Management şi dezvoltare rurală;Inginerie şi management în agricultură și dezvoltare rurală;Științe Agricole;Examen;0;50
Facultatea de Agricultură;Universitatea de Ştiinţe Agronomice şi Medicină Veterinară din Bucureşti;Bucuresti, Bucuresti;50;8.84;1.00;2.800 lei;Protecția agroecosistemelor și expertiză fitosanitară;Public;Acreditat;Agricultură;Agronomie;Științe Agricole;Examen;30;20
Facultatea de Agricultură;Universitatea de Ştiinţe Agronomice şi Medicină Veterinară din Bucureşti;Bucuresti, Bucuresti;50;7.18;0.78;2.800 lei;Agricultură durabilă;Public;Acreditat;Agricultură;Agronomie;Științe Agricole;Examen;29;21
Facultatea de Horticultură;Universitatea de Ştiinţe Agronomice şi Medicină Veterinară din Bucureşti;Bucuresti, Bucuresti;N/A;N/A;N/A;2.800 lei;Tehnologii performante, management și marketing viti-vinicol;Public;Acreditat;Horticultură;Horticultură;Științe Agricole;Examen;0;0
Facultatea de Ingineria și Gestiunea Producțiilor Animaliere;Universitatea de Ştiinţe Agronomice şi Medicină Veterinară din Bucureşti;Bucuresti, Bucuresti;20;N/A;N/A;2.800 lei;Antreprenoriat în producțiile animaliere;Public;Acreditat;Zootehnie;Zootehnie;Științe Agricole;Examen;0;20
Facultatea de Îmbunătăţiri Funciare şi Ingineria Mediului;Universitatea de Ştiinţe Agronomice şi Medicină Veterinară din Bucureşti;Bucuresti, Bucuresti;50;6.00;0.58;2.800 lei;Ingineria și protecția mediului în spațiul rural;Public;Acreditat;Ingineria şi protecţia mediului în industrie;Ingineria mediului;Științe Inginerești;Examen;35;15
Facultatea de Îmbunătăţiri Funciare şi Ingineria Mediului;Universitatea de Ştiinţe Agronomice şi Medicină Veterinară din Bucureşti;Bucuresti, Bucuresti;50;7.00;0.68;2.800 lei;Managementul investițiilor în ecosisteme;Public;Acreditat;Ingineria şi managementul afacerilor;Inginerie și management;Științe Inginerești;Examen;30;20
Facultatea de Îmbunătăţiri Funciare şi Ingineria Mediului;Universitatea de Ştiinţe Agronomice şi Medicină Veterinară din Bucureşti;Bucuresti, Bucuresti;50;7.13;0.74;2.800 lei;Geomatică pentru ingineria mediului;Public;Acreditat;Ingineria mediului;Ingineria mediului;Științe Inginerești;Examen;35;15
Facultatea de Biotehnologii;Universitatea de Ştiinţe Agronomice şi Medicină Veterinară din Bucureşti;Bucuresti, Bucuresti;50;6.55;0.82;2.800 lei;Biotehnologii în industria farmaceutica;Public;Acreditat;Biotehnologii;Biotehnologii;Științe Agricole;Examen;40;10
Facultatea de Management, Inginerie Economică în Agricultură și Dezvoltare Rurală;Universitatea de Ştiinţe Agronomice şi Medicină Veterinară din Bucureşti;Bucuresti, Bucuresti;50;6.60;0.94;2.800 lei;Management și dezvoltare rurală;Public;Acreditat;Inginerie economică în agricultură;Inginerie şi management în agricultură și dezvoltare rurală;Științe Inginerești;Examen;45;5
Facultatea de Agricultură;Universitatea de Ştiinţe Agronomice şi Medicină Veterinară din Bucureşti;Bucuresti, Bucuresti;50;6.07;0.72;2.800 lei;Consultanță agricolă;Public;Acreditat;Agricultură;Agronomie;Științe Agricole;Examen;29;21
Facultatea de Agricultură;Universitatea de Ştiinţe Agronomice şi Medicină Veterinară din Bucureşti;Bucuresti, Bucuresti;50;7.36;0.54;2.800 lei;Ameliorarea plantelor și producerea de sămânță;Public;Acreditat;Agricultură;Agronomie;Științe Agricole;Examen;26;24
Facultatea de Ingineria și Gestiunea Producțiilor Animaliere;Universitatea de Ştiinţe Agronomice şi Medicină Veterinară din Bucureşti;Bucuresti, Bucuresti;N/A;N/A;N/A;2.800 lei;Biosecuritatea produselor alimentare;Public;Acreditat;Controlul şi expertiza produselor alimentare;Ingineria produselor alimentare;Științe Agricole;Examen;0;0
Facultatea de Horticultură;Universitatea de Ştiinţe Agronomice şi Medicină Veterinară din Bucureşti;Bucuresti, Bucuresti;50;8.08;0.60;2.800 lei;Managementul conservării biodiversității;Public;Acreditat;Horticultură;Horticultură;Științe Agricole;Examen;22;28
Facultatea de Horticultură;Universitatea de Ştiinţe Agronomice şi Medicină Veterinară din Bucureşti;Bucuresti, Bucuresti;50;8.05;1.00;2.800 lei;Științe horticole ecologice;Public;Acreditat;Horticultură;Horticultură;Științe Agricole;Examen;40;10
Facultatea de Management, Inginerie Economică în Agricultură și Dezvoltare Rurală;Universitatea de Ştiinţe Agronomice şi Medicină Veterinară din Bucureşti;Bucuresti, Bucuresti;50;7.57;0.96;2.800 lei;Managementul calității și inovației în domeniul agroalimentar;Public;Acreditat;Inginerie și management în alimentația publică și agroturism;Inginerie şi management în agricultură și dezvoltare rurală;Științe Inginerești;Examen;45;5
Facultatea de Administraţie şi Afaceri;Universitatea din Bucureşti (UNIBUC);Bucuresti, Bucuresti;N/A;N/A;N/A;3.100 lei;Managementul restaurării și valorificării patrimoniului cultural;Public;Acreditat;Administraţie publică;Ştiinţe administrative;Științe Politice și Comunicare;Examen;0;0
Facultatea de Administraţie şi Afaceri;Universitatea din Bucureşti (UNIBUC);Bucuresti, Bucuresti;N/A;7.33;N/A;3.100 lei;Consultanță în afaceri;Public;Acreditat;Administrarea afacerilor;Administrarea afacerilor;Științe Economice;Examen;0;0
Facultatea de Biologie;Universitatea din Bucureşti (UNIBUC);Bucuresti, Bucuresti;30;N/A;N/A;5.000 lei;Biologie sistemică;Public;Acreditat;Biologie;Biologie;Științe ale Naturii;Examen;0;30
Facultatea de Biologie;Universitatea din Bucureşti (UNIBUC);Bucuresti, Bucuresti;50;8.33;0.34;3.400 lei;Neurobiologie;Public;Acreditat;Biologie;Biologie;Științe ale Naturii;Examen;18;32
Facultatea de Administraţie şi Afaceri;Universitatea din Bucureşti (UNIBUC);Bucuresti, Bucuresti;N/A;8.31;N/A;3.100 lei;Administrație publică și eficiența sistemului administrativ;Public;Acreditat;Administraţie publică;Ştiinţe administrative;Științe Politice și Comunicare;Examen;0;0
Facultatea de Filosofie;Universitatea din Bucureşti (UNIBUC);Bucuresti, Bucuresti;50;N/A;N/A;3.500 lei;Studii europene şi etica relaţiilor internaţionale;Public;Acreditat;Filosofie;Filosofie;Științe Umaniste;Examen;3;47
Facultatea de Filosofie;Universitatea din Bucureşti (UNIBUC);Bucuresti, Bucuresti;N/A;N/A;N/A;N/A;Globalization and cultural Diplomacy;Public;Acreditat;Filosofie;Filosofie;Științe Umaniste;Examen;0;0
Facultatea de Drept;Universitatea din Bucureşti (UNIBUC);Bucuresti, Bucuresti;48;N/A;0.98;3.800 lei;Achiziţii publice, concesiuni, parteneriat public-privat;Public;Acreditat;Drept;Drept;Științe Juridice;Examen;18;30
Facultatea de Drept;Universitatea din Bucureşti (UNIBUC);Bucuresti, Bucuresti;58;N/A;1.28;3.800 lei;Dreptul muncii, relaţii de muncă şi industriale;Public;Acreditat;Drept;Drept;Științe Juridice;Examen;18;40
Facultatea de Drept;Universitatea din Bucureşti (UNIBUC);Bucuresti, Bucuresti;54;N/A;1.11;3.800 lei;Dreptul afacerilor;Public;Acreditat;Drept;Drept;Științe Juridice;Examen;18;36
Facultatea de Fizică;Universitatea din Bucureşti (UNIBUC);Magurele, Ilfov;20;9.02;0.40;3.100 lei;Fizică teoretică şi computaţională;Public;Acreditat;Fizică;Fizică;Științe Exacte;Examen;10;10
Facultatea de Fizică;Universitatea din Bucureşti (UNIBUC);Magurele, Ilfov;20;8.39;0.30;3.100 lei;Fizica mediului şi a polimerilor ecologici;Public;Acreditat;Biofizică;Fizică;Științe Exacte;Examen;10;10
Facultatea de Fizică;Universitatea din Bucureşti (UNIBUC);Magurele, Ilfov;45;N/A;N/A;3.100 lei;Surse de energie regenerabile şi alternative (SERA);Public;Acreditat;Fizică;Fizică;Științe Exacte;Examen;15;30
Facultatea de Geologie şi Geofizică;Universitatea din Bucureşti (UNIBUC);Bucuresti, Bucuresti;50;8.00;0.34;3.100 lei;Evaluarea bazinelor de sedimentare și a resurselor minerale;Public;Acreditat;Geologia resurselor miniere;Inginerie geologică;Științe Inginerești;Examen;22;28
Facultatea de Geografie;Universitatea din Bucureşti (UNIBUC);Bucuresti, Bucuresti;40;7.67;0.47;3.100 lei;Evaluarea integrată a stării mediului;Public;Acreditat;Geografia mediului;Ştiinţa mediului;Științe ale Naturii;Examen;20;20
Facultatea de Geografie;Universitatea din Bucureşti (UNIBUC);Bucuresti, Bucuresti;42;7.89;1.14;3.100 lei;Planificare teritorială și managementul localităților urbane și rurale;Public;Acreditat;Planificare teritorială;Geografie;Științe ale Naturii;Examen;35;7
Facultatea de Geografie;Universitatea din Bucureşti (UNIBUC);Bucuresti, Bucuresti;20;7.78;0.30;3.100 lei;Geografie aplicată și dezvoltare regională;Public;Acreditat;Geografie;Geografie;Științe ale Naturii;Examen;12;8
Facultatea de Geologie şi Geofizică;Universitatea din Bucureşti (UNIBUC);Bucuresti, Bucuresti;46;8.77;0.26;3.100 lei;Geofizică aplicată/ Applied geophysics;Public;Acreditat;Geofizică;Inginerie geologică;Științe Inginerești;Examen;12;34
Facultatea de Istorie;Universitatea din Bucureşti (UNIBUC);Bucuresti, Bucuresti;25;N/A;N/A;3.100 lei;Tehnici diplomatice;Public;Acreditat;Relaţii internaţionale şi studii europene;Relații internaționale și studii europene;Științe Politice și Comunicare;Examen;0;25
Facultatea de Jurnalism şi Ştiinţele Comunicării;Universitatea din Bucureşti (UNIBUC);Bucuresti, Bucuresti;50;6.00;0.20;3.100 lei;Campanii de comunicare în publicitate şi relaţii publice;Public;Acreditat;Comunicare şi relaţii publice;Ştiinţe ale comunicării;Științe Politice și Comunicare;Examen;19;31
Facultatea de Jurnalism şi Ştiinţele Comunicării;Universitatea din Bucureşti (UNIBUC);Bucuresti, Bucuresti;50;8.23;0.08;3.100 lei;Media, Public Communication and Globalization;Public;Acreditat;Comunicare şi relaţii publice;Ştiinţe ale comunicării;Științe Politice și Comunicare;Examen;0;50
Facultatea de Istorie;Universitatea din Bucureşti (UNIBUC);Bucuresti, Bucuresti;25;8.66;0.12;3.100 lei;Studii medievale;Public;Acreditat;Istorie;Istorie;Științe Umaniste;Examen;7;18
Facultatea de Istorie;Universitatea din Bucureşti (UNIBUC);Bucuresti, Bucuresti;27;9.75;0.15;3.100 lei;Istorie, resurse culturale și patrimoniu în societatea contemporanã;Public;Acreditat;Istorie;Istorie;Științe Umaniste;Examen;2;25
Facultatea de Limbi şi Literaturi Străine;Universitatea din Bucureşti (UNIBUC);Bucuresti, Bucuresti;25;8.25;0.36;3.500 lei;Spațiul Islamic: Societăți, Culturi, Mentalități;Public;Acreditat;Limba şi literatura modernă;Filologie;Științe Umaniste;Examen;12;13
Facultatea de Limbi şi Literaturi Străine;Universitatea din Bucureşti (UNIBUC);Bucuresti, Bucuresti;30;8.50;0.17;3.500 lei;Studii Culturale Britanice;Public;Acreditat;Limbă şi literatură;Filologie;Științe Umaniste;Examen;12;18
Facultatea de Limbi şi Literaturi Străine;Universitatea din Bucureşti (UNIBUC);Bucuresti, Bucuresti;30;9.75;0.63;3.500 lei;Masteratul de Lingvistică a Limbii Engleze. Metode şi Aplicaţii;Public;Acreditat;Limbă şi literatură;Filologie;Științe Umaniste;Examen;12;18
Facultatea de Psihologie şi Ştiinţele Educaţiei;Universitatea din Bucureşti (UNIBUC);Bucuresti, Bucuresti;25;10.00;1.64;3.600 lei;Psihodiagnoză, psihoterapie experiențială unificatoare (PEU) și dezvoltare personală;Public;Acreditat;Psihologie;Psihologie;Științe Sociale și Psihologie;Examen;12;13
Facultatea de Matematică şi Informatică;Universitatea din Bucureşti (UNIBUC);Bucuresti, Bucuresti;90;8.00;1.06;5.000 lei;Inteligență artificială;Public;Acreditat;Informatică;Informatică;Științe Exacte;Examen;40;50
Facultatea de Matematică şi Informatică;Universitatea din Bucureşti (UNIBUC);Bucuresti, Bucuresti;25;8.98;0.64;5.000 lei;Algebra, Geometrie și Criptografie / Algebra, Geometry and Criptografy;Public;Acreditat;Matematică;Matematică;Științe Exacte;Examen;14;11
Facultatea de Psihologie şi Ştiinţele Educaţiei;Universitatea din Bucureşti (UNIBUC);Bucuresti, Bucuresti;40;9.64;1.00;3.600 lei;Pedagogii alternative și artă teatrală în educație;Public;Acreditat;Pedagogie;Științe ale educației;Științe Politice și Comunicare;Examen;13;27
Facultatea de Psihologie şi Ştiinţele Educaţiei;Universitatea din Bucureşti (UNIBUC);Bucuresti, Bucuresti;40;9.58;1.18;3.600 lei;Psihopedagogia școlii incluzive;Public;Acreditat;Pedagogie;Științe ale educației;Științe Politice și Comunicare;Examen;13;27
Facultatea de Litere;Universitatea din Bucureşti (UNIBUC);Bucuresti, Bucuresti;50;8.50;0.24;3.100 lei;Teoria și practica editării;Public;Acreditat;Limbă şi literatură;Filologie;Științe Umaniste;Examen;22;28
Facultatea de Ştiinţe Politice;Universitatea din Bucureşti (UNIBUC);Bucuresti, Bucuresti;66;9.33;0.20;3.500 lei;Politica în Europa: Stat, frontiere, societăţi (în limba franceză);Public;Acreditat;Ştiinţe politice;Ştiinţe politice;Științe Politice și Comunicare;Examen;10;56
Facultatea de Ştiinţe Politice;Universitatea din Bucureşti (UNIBUC);Bucuresti, Bucuresti;66;8.00;0.26;3.500 lei;Politică Comparată (în limba engleză);Public;Acreditat;Ştiinţe politice;Ştiinţe politice;Științe Politice și Comunicare;Examen;11;55
Facultatea de Sociologie şi Asistenţă Socială;Universitatea din Bucureşti (UNIBUC);Bucuresti, Bucuresti;75;9.54;0.55;3.100 lei;Grupuri de risc și servicii sociale de suport;Public;Acreditat;Sociologie;Sociologie;Științe Sociale și Psihologie;Examen;33;42
Facultatea de Sociologie şi Asistenţă Socială;Universitatea din Bucureşti (UNIBUC);Bucuresti, Bucuresti;75;8.92;0.48;3.100 lei;Devianță socială și criminalitate;Public;Acreditat;Sociologie;Sociologie;Științe Sociale și Psihologie;Examen;31;44
Facultatea de Biologie;Universitatea din Bucureşti (UNIBUC);Bucuresti, Bucuresti;40;9.15;0.88;3.400 lei;Microbiologie aplicată și imunologie;Public;Acreditat;Biologie;Biologie;Științe ale Naturii;Examen;21;19
Facultatea de Administraţie şi Afaceri;Universitatea din Bucureşti (UNIBUC);Bucuresti, Bucuresti;50;9.35;1.00;3.100 lei;Administrarea și dezvoltarea resurselor umane;Public;Acreditat;Administraţie publică;Ştiinţe administrative;Științe Politice și Comunicare;Examen;19;31
Facultatea de Filosofie;Universitatea din Bucureşti (UNIBUC);Bucuresti, Bucuresti;31;9.50;0.74;3.500 lei;Istoria şi circulaţia ideilor filosofice;Public;Acreditat;Filosofie;Filosofie;Științe Umaniste;Examen;1;30
Facultatea de Drept;Universitatea din Bucureşti (UNIBUC);Bucuresti, Bucuresti;68;N/A;1.21;3.800 lei;Carieră judiciară;Public;Acreditat;Drept;Drept;Științe Juridice;Examen;18;50
Facultatea de Drept;Universitatea din Bucureşti (UNIBUC);Bucuresti, Bucuresti;45;N/A;0.67;3.800 lei;Dreptul urbanismului şi al planificării teritoriale;Public;Acreditat;Drept;Drept;Științe Juridice;Examen;20;25
Facultatea de Istorie;Universitatea din Bucureşti (UNIBUC);Bucuresti, Bucuresti;42;N/A;N/A;3.100 lei;Istoria ideilor, mentalităților și culturii de masă (sec. XIX - XXI);Public;Acreditat;Istorie;Istorie;Științe Umaniste;Examen;15;27
Facultatea de Istorie;Universitatea din Bucureşti (UNIBUC);Bucuresti, Bucuresti;40;N/A;N/A;3.100 lei;Istorie și politică militară în România sec. XIX-XXI;Public;Acreditat;Istorie;Istorie;Științe Umaniste;Examen;15;25
Facultatea de Jurnalism şi Ştiinţele Comunicării;Universitatea din Bucureşti (UNIBUC);Bucuresti, Bucuresti;50;N/A;N/A;3.100 lei;Médias, développement et société;Public;Acreditat;Jurnalism;Ştiinţe ale comunicării;Științe Politice și Comunicare;Examen;10;40
Facultatea de Limbi şi Literaturi Străine;Universitatea din Bucureşti (UNIBUC);Bucuresti, Bucuresti;25;9.00;0.72;3.500 lei;Studii Est-Asiatice;Public;Acreditat;Limbă şi literatură;Filologie;Științe Umaniste;Examen;13;12
Facultatea de Limbi şi Literaturi Străine;Universitatea din Bucureşti (UNIBUC);Bucuresti, Bucuresti;50;N/A;N/A;3.500 lei;Studii Culturale Balcanice;Public;Acreditat;Limbă şi literatură;Filologie;Științe Umaniste;Examen;12;38
Facultatea de Litere;Universitatea din Bucureşti (UNIBUC);Bucuresti, Bucuresti;50;9.20;0.42;3.100 lei;Gestionarea informației în societatea contemporană;Public;Acreditat;Științe ale informării și documentării;Ştiinţe ale comunicării;Științe Politice și Comunicare;Examen;22;28
Facultatea de Litere;Universitatea din Bucureşti (UNIBUC);Bucuresti, Bucuresti;50;8.50;0.26;3.100 lei;Teoria şi practica imaginii;Public;Acreditat;Studii culturale;Studii culturale;Științe Umaniste;Examen;21;29
Facultatea de Litere;Universitatea din Bucureşti (UNIBUC);Bucuresti, Bucuresti;50;8.70;N/A;3.100 lei;Studii literare;Public;Acreditat;Filologie clasică;Filologie;Științe Umaniste;Examen;22;28
Facultatea de Limbi şi Literaturi Străine;Universitatea din Bucureşti (UNIBUC);Bucuresti, Bucuresti;50;6.45;0.68;3.500 lei;Traducere specializată și studii terminologice;Public;Acreditat;Traducere și interpretare;Filologie;Științe Umaniste;Examen;15;35
Facultatea de Limbi şi Literaturi Străine;Universitatea din Bucureşti (UNIBUC);Bucuresti, Bucuresti;30;7.50;0.30;3.500 lei;Studii Religioase - Texte și Tradiții;Public;Acreditat;Studii culturale;Studii culturale;Științe Umaniste;Examen;12;18
Facultatea de Psihologie şi Ştiinţele Educaţiei;Universitatea din Bucureşti (UNIBUC);Bucuresti, Bucuresti;25;9.33;1.00;3.600 lei;Evaluarea, consilierea și psihoterapia copilului, cuplului și a familiei;Public;Acreditat;Terapie ocupaţională;Psihologie;Științe Sociale și Psihologie;Examen;12;13
Facultatea de Psihologie şi Ştiinţele Educaţiei;Universitatea din Bucureşti (UNIBUC);Bucuresti, Bucuresti;35;9.33;0.94;3.600 lei;Evaluare și intervenție psihologică în domeniul educațional;Public;Acreditat;Psihologie;Psihologie;Științe Sociale și Psihologie;Examen;12;23
Facultatea de Ştiinţe Politice;Universitatea din Bucureşti (UNIBUC);Bucuresti, Bucuresti;28;9.00;1.25;3.500 lei;Relații Internaționale;Public;Acreditat;Ştiinţe politice;Ştiinţe politice;Științe Politice și Comunicare;Examen;17;11
Facultatea de Psihologie şi Ştiinţele Educaţiei;Universitatea din Bucureşti (UNIBUC);Bucuresti, Bucuresti;30;9.34;1.00;3.600 lei;Management educațional - Focșani;Public;Acreditat;Pedagogie;Științe ale educației;Științe Politice și Comunicare;Examen;7;23
Facultatea de Psihologie şi Ştiinţele Educaţiei;Universitatea din Bucureşti (UNIBUC);Bucuresti, Bucuresti;35;9.01;0.60;3.600 lei;Formarea formatorilor;Public;Acreditat;Pedagogie;Științe ale educației;Științe Politice și Comunicare;Examen;13;22
Facultatea de Teologie Ortodoxă;Universitatea din Bucureşti (UNIBUC);Bucuresti, Bucuresti;27;N/A;N/A;3.100 lei;Exegeză și Ermineutică Biblică;Public;Acreditat;Studii religioase;Teologie;Teologie;Examen;17;10
Facultatea de Teologie Ortodoxă;Universitatea din Bucureşti (UNIBUC);Bucuresti, Bucuresti;25;N/A;N/A;3.100 lei;Teologia și Misiunea Socială a Bisericii;Public;Acreditat;Teologie pastorală;Teologie;Teologie;Examen;15;10
Facultatea de Teologie Ortodoxă;Universitatea din Bucureşti (UNIBUC);Bucuresti, Bucuresti;23;N/A;N/A;3.100 lei;Istorie și Tradiție Creștină;Public;Acreditat;Studii religioase;Teologie;Teologie;Examen;13;10
Facultatea de Sociologie şi Asistenţă Socială;Universitatea din Bucureşti (UNIBUC);Bucuresti, Bucuresti;75;8.34;0.11;3.100 lei;Cercetare Sociologică Avansată;Public;Acreditat;Sociologie;Sociologie;Științe Sociale și Psihologie;Examen;15;60
Facultatea de Sociologie şi Asistenţă Socială;Universitatea din Bucureşti (UNIBUC);Bucuresti, Bucuresti;75;8.69;0.05;3.100 lei;Research in sociology;Public;Acreditat;Sociologie;Sociologie;Științe Sociale și Psihologie;Examen;15;60
Facultatea de Sociologie şi Asistenţă Socială;Universitatea din Bucureşti (UNIBUC);Bucuresti, Bucuresti;75;8.39;0.68;3.100 lei;Studii de Securitate;Public;Acreditat;Sociologie;Sociologie;Științe Sociale și Psihologie;Examen;41;34
Facultatea de Biologie;Universitatea din Bucureşti (UNIBUC);Bucuresti, Bucuresti;30;N/A;N/A;3.400 lei;Taxonomie si biodiversitate;Public;Acreditat;Biologie;Biologie;Științe ale Naturii;Examen;0;30
Facultatea de Administraţie şi Afaceri;Universitatea din Bucureşti (UNIBUC);Bucuresti, Bucuresti;N/A;7.29;N/A;3.100 lei;Managementul crizelor;Public;Acreditat;Management;Management;Științe Economice;Examen;0;0
Facultatea de Administraţie şi Afaceri;Universitatea din Bucureşti (UNIBUC);Bucuresti, Bucuresti;N/A;N/A;N/A;3.100 lei;Bussiness Consulting;Public;Acreditat;Administrarea afacerilor;Administrarea afacerilor;Științe Economice;Examen;0;0
Facultatea de Biologie;Universitatea din Bucureşti (UNIBUC);Bucuresti, Bucuresti;30;N/A;N/A;5.000 lei;Antropologie evoluționistă;Public;Acreditat;Biologie;Biologie;Științe ale Naturii;Examen;0;30
Facultatea de Drept;Universitatea din Bucureşti (UNIBUC);Bucuresti, Bucuresti;33;N/A;1.00;3.800 lei;Drept internaţional public;Public;Acreditat;Drept european și internațional;Drept;Științe Juridice;Examen;18;15
Facultatea de Drept;Universitatea din Bucureşti (UNIBUC);Bucuresti, Bucuresti;48;N/A;1.10;3.800 lei;Dreptul Uniunii Europene;Public;Acreditat;Drept european și internațional;Drept;Științe Juridice;Examen;18;30
Facultatea de Fizică;Universitatea din Bucureşti (UNIBUC);Magurele, Ilfov;20;7.00;0.40;3.100 lei;Fizica materialelor avansate şi nanostructuri/ Physics of advanced materials and nanostructures;Public;Acreditat;Fizică;Fizică;Științe Exacte;Examen;10;10
Facultatea de Fizică;Universitatea din Bucureşti (UNIBUC);Magurele, Ilfov;25;7.57;0.64;3.100 lei;Optică, laseri şi aplicaţii;Public;Acreditat;Fizică;Fizică;Științe Exacte;Examen;15;10
Facultatea de Geografie;Universitatea din Bucureşti (UNIBUC);Bucuresti, Bucuresti;51;6.00;0.78;3.100 lei;Geomorfologie și cartografie cu elemente de cadastru;Public;Acreditat;Cartografie;Geografie;Științe ale Naturii;Examen;43;8
Facultatea de Filosofie;Universitatea din Bucureşti (UNIBUC);Bucuresti, Bucuresti;3;N/A;N/A;2.000 lei;Administrarea afacerilor - MBA (în limba engleză);Public;Acreditat;Administrarea afacerilor;Administrarea afacerilor;Științe Economice;Examen;0;3
Facultatea de Filosofie;Universitatea din Bucureşti (UNIBUC);Bucuresti, Bucuresti;38;8.75;0.37;3.500 lei;Etică aplicată în societate, afaceri şi organizaţii;Public;Acreditat;Filosofie;Filosofie;Științe Umaniste;Examen;2;36
Facultatea de Geologie şi Geofizică;Universitatea din Bucureşti (UNIBUC);Bucuresti, Bucuresti;47;9.26;0.26;3.100 lei;Inginerie geologică și geotehnică ambientală;Public;Acreditat;Inginerie geologică;Inginerie geologică;Științe Inginerești;Examen;12;35
Facultatea de Geografie;Universitatea din Bucureşti (UNIBUC);Bucuresti, Bucuresti;50;8.00;0.44;3.100 lei;Climatologie și resurse de apă;Public;Acreditat;Hidrologie şi meteorologie;Geografie;Științe ale Naturii;Examen;27;23
Facultatea de Litere;Universitatea din Bucureşti (UNIBUC);Bucuresti, Bucuresti;50;8.78;0.44;3.100 lei;Studii avansate în lingvistică – structura și funcționarea limbii române;Public;Acreditat;Limba şi literatura română;Filologie;Științe Umaniste;Examen;15;35
Facultatea de Litere;Universitatea din Bucureşti (UNIBUC);Bucuresti, Bucuresti;50;8.58;0.20;3.100 lei;Etnologie, antropologie culturală și folclor;Public;Acreditat;Filologie clasică;Filologie;Științe Umaniste;Examen;22;28
Facultatea de Litere;Universitatea din Bucureşti (UNIBUC);Bucuresti, Bucuresti;75;9.00;0.47;3.100 lei;Modele de comunicare și relații publice;Public;Acreditat;Comunicare şi relaţii publice;Ştiinţe ale comunicării;Științe Politice și Comunicare;Examen;21;54
Facultatea de Limbi şi Literaturi Străine;Universitatea din Bucureşti (UNIBUC);Bucuresti, Bucuresti;42;N/A;0.02;3.500 lei;Strategii Comunicaţionale şi Interculturale - Literare şi Lingvistice;Public;Acreditat;Limbă şi literatură;Filologie;Științe Umaniste;Examen;19;23
Facultatea de Limbi şi Literaturi Străine;Universitatea din Bucureşti (UNIBUC);Bucuresti, Bucuresti;50;8.50;0.38;3.500 lei;Studii Culturale Slave: Rusia şi ţările slave din Centrul şi Estul Europei;Public;Acreditat;Studii culturale;Studii culturale;Științe Umaniste;Examen;13;37
Facultatea de Matematică şi Informatică;Universitatea din Bucureşti (UNIBUC);Bucuresti, Bucuresti;N/A;N/A;N/A;5.000 lei;Programare declarativă;Public;Acreditat;Informatică;Informatică;Științe Exacte;Examen;0;0
Facultatea de Psihologie şi Ştiinţele Educaţiei;Universitatea din Bucureşti (UNIBUC);Bucuresti, Bucuresti;35;9.33;1.29;3.600 lei;Psihotraumatologie și asistare psihologică;Public;Acreditat;Psihologie;Psihologie;Științe Sociale și Psihologie;Examen;14;21
Facultatea de Litere;Universitatea din Bucureşti (UNIBUC);Bucuresti, Bucuresti;50;9.00;0.50;3.100 lei;Managementul informației și al documentelor;Public;Acreditat;Asistenţă managerială şi secretariat;Ştiinţe administrative;Științe Politice și Comunicare;Examen;24;26
Facultatea de Matematică şi Informatică;Universitatea din Bucureşti (UNIBUC);Bucuresti, Bucuresti;30;N/A;0.70;5.000 lei;Matematici aplicate în finanțe și asigurări. Analiză matematică. Modelare matematică în mecanica mediilor continue;Public;Acreditat;Matematică;Matematică;Științe Exacte;Examen;15;15
Facultatea de Jurnalism şi Ştiinţele Comunicării;Universitatea din Bucureşti (UNIBUC);Bucuresti, Bucuresti;31;10.00;0.10;3.100 lei;Istoria ideilor, mentalităților și culturii de masă (sec. XIX-XXI);Public;Autorizat;Istorie;Istorie;Științe Umaniste;Examen;6;25
Facultatea de Istorie;Universitatea din Bucureşti (UNIBUC);Bucuresti, Bucuresti;25;N/A;0.08;3.100 lei;Politică şi societate în secolul al XX-lea;Public;Acreditat;Istorie;Istorie;Științe Umaniste;Examen;0;25
Facultatea de Jurnalism şi Ştiinţele Comunicării;Universitatea din Bucureşti (UNIBUC);Bucuresti, Bucuresti;50;8.00;0.26;3.100 lei;Comunicare și resurse umane (denumire veche Comunicare corporativă);Public;Acreditat;Comunicare şi relaţii publice;Ştiinţe ale comunicării;Științe Politice și Comunicare;Examen;19;31
Facultatea de Jurnalism şi Ştiinţele Comunicării;Universitatea din Bucureşti (UNIBUC);Bucuresti, Bucuresti;50;8.00;0.08;3.100 lei;Managementul Instituţiilor Media;Public;Acreditat;Jurnalism;Ştiinţe ale comunicării;Științe Politice și Comunicare;Examen;19;31
Facultatea de Istorie;Universitatea din Bucureşti (UNIBUC);Bucuresti, Bucuresti;10;10.00;0.30;3.100 lei;Experimente ale modernității;Public;Acreditat;Istorie;Istorie;Științe Umaniste;Examen;5;5
Facultatea de Ştiinţe Politice;Universitatea din Bucureşti (UNIBUC);Bucuresti, Bucuresti;70;9.00;0.37;3.500 lei;Politicile egalităţii de şanse în context românesc şi european (în limba română cu un modul în limba franceză);Public;Acreditat;Ştiinţe politice;Ştiinţe politice;Științe Politice și Comunicare;Examen;20;50
Facultatea de Psihologie şi Ştiinţele Educaţiei;Universitatea din Bucureşti (UNIBUC);Bucuresti, Bucuresti;35;9.00;1.06;3.600 lei;Psihologia sănătății - cercetare clinică și optimizare comportamentală;Public;Acreditat;Psihologie;Psihologie;Științe Sociale și Psihologie;Examen;14;21
Facultatea de Psihologie şi Ştiinţele Educaţiei;Universitatea din Bucureşti (UNIBUC);Bucuresti, Bucuresti;35;9.09;1.37;3.600 lei;Terapia logopedică în procesele de comunicare;Public;Acreditat;Pedagogie;Științe ale educației;Științe Politice și Comunicare;Examen;13;22
Facultatea de Psihologie şi Ştiinţele Educaţiei;Universitatea din Bucureşti (UNIBUC);Bucuresti, Bucuresti;40;9.60;0.68;3.600 lei;Mentoratul în educație;Public;Acreditat;Pedagogie;Științe ale educației;Științe Politice și Comunicare;Examen;12;28
Facultatea de Psihologie şi Ştiinţele Educaţiei;Universitatea din Bucureşti (UNIBUC);Bucuresti, Bucuresti;50;N/A;N/A;3.600 lei;Tehnologia Informaţiei şi a Comunicaţiilor în Educaţie - Învățământ cu frecvență redusă;Public;Acreditat;Pedagogie;Științe ale educației;Științe Politice și Comunicare;Examen;0;50
Facultatea de Teologie Ortodoxă;Universitatea din Bucureşti (UNIBUC);Bucuresti, Bucuresti;28;N/A;N/A;3.100 lei;Artă sacră în contemporaneitate;Public;Acreditat;Studii religioase;Teologie;Teologie;Examen;18;10
Facultatea de Teologie Romano-Catolică;Universitatea din Bucureşti (UNIBUC);Bucuresti, Bucuresti;15;N/A;N/A;3.000 lei;Comunicare biblică și eclesială;Public;Acreditat;Studii religioase;Teologie;Teologie;Examen;5;10
Facultatea de Teologie Romano-Catolică;Universitatea din Bucureşti (UNIBUC);Bucuresti, Bucuresti;15;N/A;N/A;3.000 lei;Asistenţa socială a bisericii;Public;Acreditat;Studii religioase;Teologie;Teologie;Examen;5;10
Facultatea de Sociologie şi Asistenţă Socială;Universitatea din Bucureşti (UNIBUC);Bucuresti, Bucuresti;75;8.31;0.31;3.100 lei;Politici publice și management în administraţia publica;Public;Acreditat;Resurse umane;Sociologie;Științe Sociale și Psihologie;Examen;20;55
Facultatea de Sociologie şi Asistenţă Socială;Universitatea din Bucureşti (UNIBUC);Bucuresti, Bucuresti;75;8.92;0.49;3.100 lei;Sociologia consumului şi marketing;Public;Acreditat;Sociologie;Sociologie;Științe Sociale și Psihologie;Examen;25;50
Facultatea de Sociologie şi Asistenţă Socială;Universitatea din Bucureşti (UNIBUC);Bucuresti, Bucuresti;75;9.23;1.00;3.100 lei;Managementul resurselor umane;Public;Acreditat;Resurse umane;Sociologie;Științe Sociale și Psihologie;Examen;37;38
Facultatea de Sociologie şi Asistenţă Socială;Universitatea din Bucureşti (UNIBUC);Bucuresti, Bucuresti;75;8.39;0.81;3.100 lei;Studii de Securitate - Învățământ cu fără frecvență;Public;Acreditat;Sociologie;Sociologie;Științe Sociale și Psihologie;Examen;37;38
Facultatea de Biologie;Universitatea din Bucureşti (UNIBUC);Bucuresti, Bucuresti;40;N/A;N/A;3.400 lei;Managementul integrat al capitalului natural;Public;Acreditat;Ştiinţa mediului;Ştiinţa mediului;Științe ale Naturii;Examen;10;30
Facultatea de Administraţie şi Afaceri;Universitatea din Bucureşti (UNIBUC);Bucuresti, Bucuresti;N/A;9.90;N/A;3.100 lei;Administrarea Relațiilor Publice și Asistență Managerială;Public;Acreditat;Administraţie publică;Ştiinţe administrative;Științe Politice și Comunicare;Examen;0;0
Facultatea de Administraţie şi Afaceri;Universitatea din Bucureşti (UNIBUC);Bucuresti, Bucuresti;N/A;9.53;N/A;3.100 lei;Economie comportamentală (în limba engleză);Public;Acreditat;Administrarea afacerilor;Administrarea afacerilor;Științe Economice;Examen;0;0
Facultatea de Biologie;Universitatea din Bucureşti (UNIBUC);Bucuresti, Bucuresti;40;N/A;N/A;5.000 lei;Fiziologie celulară și biofizica membranelor;Public;Acreditat;Biologie;Biologie;Științe ale Naturii;Examen;0;40
Facultatea de Biologie;Universitatea din Bucureşti (UNIBUC);Bucuresti, Bucuresti;50;8.40;1.36;3.400 lei;Biologie medicală;Public;Acreditat;Biologie;Biologie;Științe ale Naturii;Examen;24;26
Facultatea de Filosofie;Universitatea din Bucureşti (UNIBUC);Bucuresti, Bucuresti;N/A;N/A;N/A;3.500 lei;Istoria și filosofia ştiinţei;Public;Acreditat;Filosofie;Filosofie;Științe Umaniste;Examen;0;0
Facultatea de Chimie;Universitatea din Bucureşti (UNIBUC);Bucuresti, Bucuresti;15;7.06;0.53;3.100 lei;Chimia materialelor avansate (în limba engleză);Public;Acreditat;Chimie;Chimie;Științe Exacte;Examen;10;5
Facultatea de Drept;Universitatea din Bucureşti (UNIBUC);Bucuresti, Bucuresti;45;N/A;0.33;3.800 lei;Master profesional de drept european şi internaţional al afacerilor(în limba franceză);Public;Acreditat;Drept european și internațional;Drept;Științe Juridice;Examen;20;25
Facultatea de Drept;Universitatea din Bucureşti (UNIBUC);Bucuresti, Bucuresti;53;N/A;1.19;3.800 lei;Drept privat;Public;Acreditat;Drept;Drept;Științe Juridice;Examen;18;35
Facultatea de Filosofie;Universitatea din Bucureşti (UNIBUC);Bucuresti, Bucuresti;10;N/A;N/A;3.500 lei;Management intercultural (în limba engleză);Public;Acreditat;Studii culturale;Studii culturale;Științe Umaniste;Examen;0;10
Facultatea de Fizică;Universitatea din Bucureşti (UNIBUC);Magurele, Ilfov;20;9.39;0.80;3.100 lei;Fizică medicală;Public;Acreditat;Fizică medicală;Fizică;Științe Exacte;Examen;10;10
Facultatea de Geografie;Universitatea din Bucureşti (UNIBUC);Bucuresti, Bucuresti;40;7.88;1.38;3.100 lei;Gestiunea spațiului turistic și servicii de ospitalitate;Public;Acreditat;Geografia turismului;Geografie;Științe ale Naturii;Examen;14;26
Facultatea de Geologie şi Geofizică;Universitatea din Bucureşti (UNIBUC);Bucuresti, Bucuresti;47;7.97;0.15;3.100 lei;Geobiologie aplicată în conservarea patrimoniului natural şi cultural;Public;Acreditat;Geologie;Geologie;Științe ale Naturii;Examen;12;35
Facultatea de Jurnalism şi Ştiinţele Comunicării;Universitatea din Bucureşti (UNIBUC);Bucuresti, Bucuresti;N/A;N/A;N/A;3.100 lei;Teorii şi Metode de Cercetare în Ştiinţele Comunicării;Public;Acreditat;Comunicare şi relaţii publice;Ştiinţe ale comunicării;Științe Politice și Comunicare;Examen;0;0
Facultatea de Jurnalism şi Ştiinţele Comunicării;Universitatea din Bucureşti (UNIBUC);Bucuresti, Bucuresti;50;5.00;0.22;3.100 lei;Producţie multimedia şi audio-video;Public;Acreditat;Publicitate;Ştiinţe ale comunicării;Științe Politice și Comunicare;Examen;19;31
Facultatea de Istorie;Universitatea din Bucureşti (UNIBUC);Bucuresti, Bucuresti;21;7.40;0.24;3.100 lei;Istoria și practica relațiilor internaționale;Public;Acreditat;Istorie;Istorie;Științe Umaniste;Examen;2;19
Facultatea de Istorie;Universitatea din Bucureşti (UNIBUC);Bucuresti, Bucuresti;32;N/A;N/A;3.100 lei;Istoria artei și filosofia culturii;Public;Acreditat;Istoria artei;Istorie;Științe Umaniste;Examen;2;30
Facultatea de Limbi şi Literaturi Străine;Universitatea din Bucureşti (UNIBUC);Bucuresti, Bucuresti;50;6.35;0.32;3.500 lei;Masteratul European pentru Formarea Interpreților de Conferință;Public;Acreditat;Traducere și interpretare;Filologie;Științe Umaniste;Examen;15;35
Facultatea de Limbi şi Literaturi Străine;Universitatea din Bucureşti (UNIBUC);Bucuresti, Bucuresti;30;8.00;0.43;3.500 lei;Studii americane;Public;Acreditat;Limbă şi literatură;Filologie;Științe Umaniste;Examen;13;17
Facultatea de Limbi şi Literaturi Străine;Universitatea din Bucureşti (UNIBUC);Bucuresti, Bucuresti;50;8.50;0.14;3.500 lei;Traductologie latino-romanică;Public;Acreditat;Traducere și interpretare;Filologie;Științe Umaniste;Examen;12;38
Facultatea de Psihologie şi Ştiinţele Educaţiei;Universitatea din Bucureşti (UNIBUC);Bucuresti, Bucuresti;25;9.66;1.00;3.600 lei;Psihologie clinică - evaluare și intervenție terapeutică;Public;Acreditat;Psihologie;Psihologie;Științe Sociale și Psihologie;Examen;12;13
Facultatea de Matematică şi Informatică;Universitatea din Bucureşti (UNIBUC);Bucuresti, Bucuresti;87;7.76;1.03;5.000 lei;Inginerie software;Public;Acreditat;Informatică;Informatică;Științe Exacte;Examen;50;37
Facultatea de Psihologie şi Ştiinţele Educaţiei;Universitatea din Bucureşti (UNIBUC);Bucuresti, Bucuresti;35;9.00;1.00;3.600 lei;Sănătate ocupațională și performanța resursei umane;Public;Acreditat;Psihologie;Psihologie;Științe Sociale și Psihologie;Examen;13;22
Facultatea de Matematică şi Informatică;Universitatea din Bucureşti (UNIBUC);Bucuresti, Bucuresti;15;N/A;0.13;4.000 lei;Biostatistică;Public;Acreditat;Matematică;Matematică;Științe Exacte;Examen;0;15
Facultatea de Litere;Universitatea din Bucureşti (UNIBUC);Bucuresti, Bucuresti;50;8.75;0.54;3.100 lei;Didactici ale disciplinelor filologice;Public;Acreditat;Filologie clasică;Filologie;Științe Umaniste;Examen;22;28
Facultatea de Matematică şi Informatică;Universitatea din Bucureşti (UNIBUC);Bucuresti, Bucuresti;20;8.89;0.60;5.000 lei;Sisteme distribuite;Public;Acreditat;Informatică;Informatică;Științe Exacte;Examen;10;10
Facultatea de Psihologie şi Ştiinţele Educaţiei;Universitatea din Bucureşti (UNIBUC);Bucuresti, Bucuresti;35;8.79;0.46;3.600 lei;Managementul și evaluarea organizațiilor și programelor educaționale;Public;Acreditat;Pedagogie;Științe ale educației;Științe Politice și Comunicare;Examen;13;22
Facultatea de Ştiinţe Politice;Universitatea din Bucureşti (UNIBUC);Bucuresti, Bucuresti;30;8.66;0.90;3.500 lei;Studii europene;Public;Acreditat;Relaţii internaţionale şi studii europene;Relații internaționale și studii europene;Științe Politice și Comunicare;Examen;21;9
Facultatea de Psihologie şi Ştiinţele Educaţiei;Universitatea din Bucureşti (UNIBUC);Bucuresti, Bucuresti;40;8.98;0.53;3.600 lei;Educație presecundară. Politici și strategii de dezvoltare;Public;Acreditat;Pedagogia învăţământului primar şi preşcolar;Științe ale educației;Științe Politice și Comunicare;Examen;13;27
Facultatea de Teologie Ortodoxă;Universitatea din Bucureşti (UNIBUC);Bucuresti, Bucuresti;27;N/A;N/A;3.100 lei;Doctrină și Cultură Creștină;Public;Acreditat;Studii religioase;Teologie;Teologie;Examen;17;10
Facultatea de Sociologie şi Asistenţă Socială;Universitatea din Bucureşti (UNIBUC);Bucuresti, Bucuresti;75;9.34;0.65;3.100 lei;Consiliere în asistenţă socială;Public;Acreditat;Sociologie;Sociologie;Științe Sociale și Psihologie;Examen;34;41
Facultatea de Biologie;Universitatea din Bucureşti (UNIBUC);Bucuresti, Bucuresti;30;N/A;N/A;3.400 lei;Applied Bioinformatics for Life Science;Public;Acreditat;Biologie;Biologie;Științe ale Naturii;Examen;0;30
Facultatea de Psihologie şi Ştiinţele Educaţiei;Universitatea din Bucureşti (UNIBUC);Bucuresti, Bucuresti;35;8.58;0.54;3.600 lei;Învățare, inovare și coaching în educație;Public;Acreditat;Pedagogie;Științe ale educației;Științe Politice și Comunicare;Examen;13;22
Facultatea de Geologie şi Geofizică;Universitatea din Bucureşti (UNIBUC);Bucuresti, Bucuresti;50;N/A;N/A;3.100 lei;Geofizică;Public;Acreditat;Geofizică;Inginerie geologică;Științe Inginerești;Examen;0;50
Facultatea de Jurnalism şi Ştiinţele Comunicării;Universitatea din Bucureşti (UNIBUC);Bucuresti, Bucuresti;50;9.00;0.22;3.100 lei;Jurnalism Politic;Public;Acreditat;Jurnalism;Ştiinţe ale comunicării;Științe Politice și Comunicare;Examen;19;31
Facultatea de Istorie;Universitatea din Bucureşti (UNIBUC);Bucuresti, Bucuresti;30;10.00;0.03;3.100 lei;Istoria comunismului în România;Public;Acreditat;Istorie;Istorie;Științe Umaniste;Examen;1;29
Facultatea de Istorie;Universitatea din Bucureşti (UNIBUC);Bucuresti, Bucuresti;32;9.41;0.12;3.100 lei;Interfețe culturale în preistorie și antichitate;Public;Acreditat;Arheologie;Istorie;Științe Umaniste;Examen;3;29
Facultatea de Jurnalism şi Ştiinţele Comunicării;Universitatea din Bucureşti (UNIBUC);Bucuresti, Bucuresti;50;8.33;0.10;3.100 lei;Jurnalism Tematic;Public;Acreditat;Jurnalism;Ştiinţe ale comunicării;Științe Politice și Comunicare;Examen;19;31
Facultatea de Limbi şi Literaturi Străine;Universitatea din Bucureşti (UNIBUC);Bucuresti, Bucuresti;7;N/A;N/A;3.500 lei;Studii Medievale;Public;Acreditat;Studii culturale;Studii culturale;Științe Umaniste;Examen;7;0
Facultatea de Limbi şi Literaturi Străine;Universitatea din Bucureşti (UNIBUC);Bucuresti, Bucuresti;50;6.66;0.14;3.500 lei;Studii Franceze şi Francofone;Public;Acreditat;Limbă şi literatură;Filologie;Științe Umaniste;Examen;17;33
Facultatea de Limbi şi Literaturi Străine;Universitatea din Bucureşti (UNIBUC);Bucuresti, Bucuresti;50;9.85;0.64;3.500 lei;Cultura şi Limbajul Organizaţiilor Europene;Public;Acreditat;Traducere și interpretare;Filologie;Științe Umaniste;Examen;19;31
Facultatea de Limbi şi Literaturi Străine;Universitatea din Bucureşti (UNIBUC);Bucuresti, Bucuresti;50;9.60;0.50;3.500 lei;Traducerea Textului Literar Contemporan (din limba engleză);Public;Acreditat;Traducere și interpretare;Filologie;Științe Umaniste;Examen;12;38
Facultatea de Matematică şi Informatică;Universitatea din Bucureşti (UNIBUC);Bucuresti, Bucuresti;62;8.49;0.97;5.000 lei;Baze de date și tehnologii web;Public;Acreditat;Informatică;Informatică;Științe Exacte;Examen;36;26
Facultatea de Litere;Universitatea din Bucureşti (UNIBUC);Bucuresti, Bucuresti;50;9.27;0.32;3.100 lei;Cultură și politică în context european și internațional;Public;Acreditat;Studii europene;Studii culturale;Științe Umaniste;Examen;15;35
Facultatea de Litere;Universitatea din Bucureşti (UNIBUC);Bucuresti, Bucuresti;50;8.33;0.74;3.100 lei;Consultanță și expertiză în publicitate;Public;Acreditat;Publicitate;Ştiinţe ale comunicării;Științe Politice și Comunicare;Examen;22;28
Facultatea de Matematică şi Informatică;Universitatea din Bucureşti (UNIBUC);Bucuresti, Bucuresti;N/A;N/A;N/A;5.000 lei;Algoritmi și bioinformatică;Public;Acreditat;Informatică;Informatică;Științe Exacte;Examen;0;0
Facultatea de Psihologie şi Ştiinţele Educaţiei;Universitatea din Bucureşti (UNIBUC);Bucuresti, Bucuresti;40;7.66;1.07;3.600 lei;Psihologie aplicată în domeniul securității naționale;Public;Acreditat;Psihologie;Psihologie;Științe Sociale și Psihologie;Examen;18;22
Facultatea de Psihologie şi Ştiinţele Educaţiei;Universitatea din Bucureşti (UNIBUC);Bucuresti, Bucuresti;40;8.66;0.80;3.600 lei;Psihologie organizațională și managementul resurselor umane;Public;Acreditat;Psihologie;Psihologie;Științe Sociale și Psihologie;Examen;13;27
Facultatea de Psihologie şi Ştiinţele Educaţiei;Universitatea din Bucureşti (UNIBUC);Bucuresti, Bucuresti;35;9.39;0.71;3.600 lei;Educație timpurie;Public;Acreditat;Pedagogia învăţământului primar şi preşcolar;Științe ale educației;Științe Politice și Comunicare;Examen;12;23
Facultatea de Psihologie şi Ştiinţele Educaţiei;Universitatea din Bucureşti (UNIBUC);Bucuresti, Bucuresti;30;9.98;1.00;3.600 lei;Management educațional - Buzău;Public;Acreditat;Pedagogie;Științe ale educației;Științe Politice și Comunicare;Dosar;7;23
Facultatea de Psihologie şi Ştiinţele Educaţiei;Universitatea din Bucureşti (UNIBUC);Bucuresti, Bucuresti;35;9.26;0.54;3.600 lei;Consiliere școlară și dezvoltarea carierei;Public;Acreditat;Pedagogie;Științe ale educației;Științe Politice și Comunicare;Examen;13;22
Facultatea de Teologie Ortodoxă;Universitatea din Bucureşti (UNIBUC);Bucuresti, Bucuresti;32;N/A;N/A;3.100 lei;Comunicare şi comuniune în mediul eclesial;Public;Acreditat;Studii religioase;Teologie;Teologie;Examen;22;10
Facultatea de Teologie Baptistă;Universitatea din Bucureşti (UNIBUC);Bucuresti, Bucuresti;20;N/A;N/A;3.100 lei;Teologie;Public;Acreditat;Studii religioase;Teologie;Teologie;Examen;15;5
Facultatea de Sociologie şi Asistenţă Socială;Universitatea din Bucureşti (UNIBUC);Bucuresti, Bucuresti;75;8.93;0.29;3.100 lei;Prevenirea și combaterea consumului ilicit de droguri;Public;Acreditat;Sociologie;Sociologie;Științe Sociale și Psihologie;Examen;20;55
Facultatea de Sociologie şi Asistenţă Socială;Universitatea din Bucureşti (UNIBUC);Bucuresti, Bucuresti;75;9.03;0.11;3.100 lei;Antropologie, dezvoltare comunitară şi regională;Public;Acreditat;Antropologie;Sociologie;Științe Sociale și Psihologie;Examen;24;51
Facultatea de Sociologie şi Asistenţă Socială;Universitatea din Bucureşti (UNIBUC);Bucuresti, Bucuresti;75;8.52;0.44;3.100 lei;Probațiune;Public;Acreditat;Sociologie;Sociologie;Științe Sociale și Psihologie;Examen;25;50
Facultatea de Sociologie şi Asistenţă Socială;Universitatea din Bucureşti (UNIBUC);Bucuresti, Bucuresti;75;9.50;0.93;3.100 lei;Managementul serviciilor sociale şi de sănătate;Public;Acreditat;Sociologie;Sociologie;Științe Sociale și Psihologie;Examen;29;46
Facultatea de Sociologie şi Asistenţă Socială;Universitatea din Bucureşti (UNIBUC);Bucuresti, Bucuresti;75;8.49;0.41;3.100 lei;Sondaje de opinie, marketing şi publicitate;Public;Acreditat;Resurse umane;Sociologie;Științe Sociale și Psihologie;Examen;25;50
Facultatea de Administraţie şi Afaceri;Universitatea din Bucureşti (UNIBUC);Bucuresti, Bucuresti;N/A;7.33;N/A;3.100 lei;Administrarea afacerilor mici și mijlocii;Public;Acreditat;Administrarea afacerilor;Administrarea afacerilor;Științe Economice;Examen;0;0
Facultatea de Administraţie şi Afaceri;Universitatea din Bucureşti (UNIBUC);Bucuresti, Bucuresti;N/A;8.06;N/A;3.100 lei;Administrație și politici publice în Uniunea europeană;Public;Acreditat;Administraţie europeană;Ştiinţe administrative;Științe Politice și Comunicare;Examen;0;0
Facultatea de Biologie;Universitatea din Bucureşti (UNIBUC);Bucuresti, Bucuresti;50;8.25;0.72;3.400 lei;Biochimie şi biologie moleculară;Public;Acreditat;Biochimie;Biochimie;Științe ale Naturii;Examen;22;28
Facultatea de Biologie;Universitatea din Bucureşti (UNIBUC);Bucuresti, Bucuresti;50;N/A;N/A;5.000 lei;Managementul calităţii în laboratoarele medicale;Public;Acreditat;Biologie;Biologie;Științe ale Naturii;Examen;0;50
Facultatea de Biologie;Universitatea din Bucureşti (UNIBUC);Bucuresti, Bucuresti;50;9.31;0.74;3.400 lei;Genetica aplicată si biotehnologie;Public;Acreditat;Biologie;Biologie;Științe ale Naturii;Examen;21;29
Facultatea de Chimie;Universitatea din Bucureşti (UNIBUC);Bucuresti, Bucuresti;45;7.00;0.96;3.100 lei;Chimia medicamentelor şi produselor cosmetice;Public;Acreditat;Chimie;Chimie;Științe Exacte;Examen;35;10
Facultatea de Filosofie;Universitatea din Bucureşti (UNIBUC);Bucuresti, Bucuresti;45;9.00;0.38;3.500 lei;Studii de dezvoltare internaţională şi etica relaţiilor internaţionale;Public;Acreditat;Filosofie;Filosofie;Științe Umaniste;Examen;6;39
Facultatea de Drept;Universitatea din Bucureşti (UNIBUC);Bucuresti, Bucuresti;48;N/A;0.94;3.800 lei;Arbitrajul internaţional (în limba engleză);Public;Acreditat;Drept european și internațional;Drept;Științe Juridice;Examen;18;30
Facultatea de Filosofie;Universitatea din Bucureşti (UNIBUC);Bucuresti, Bucuresti;41;9.30;0.29;3.500 lei;Filosofie analitică (în limba engleză);Public;Acreditat;Filosofie;Filosofie;Științe Umaniste;Examen;2;39
Facultatea de Drept;Universitatea din Bucureşti (UNIBUC);Bucuresti, Bucuresti;70;N/A;1.79;3.800 lei;Ştiinţe penale;Public;Acreditat;Drept;Drept;Științe Juridice;Examen;20;50
Facultatea de Filosofie;Universitatea din Bucureşti (UNIBUC);Bucuresti, Bucuresti;46;N/A;N/A;3.100 lei;Istoria artei şi filosofia culturii;Public;Acreditat;Istoria artei;Istorie;Științe Umaniste;Dosar;15;31
Facultatea de Fizică;Universitatea din Bucureşti (UNIBUC);Magurele, Ilfov;20;9.39;0.60;3.100 lei;Fizica atomului, nucleului, particulelor elementare, astrofizică şi aplicaţii;Public;Acreditat;Fizică;Fizică;Științe Exacte;Examen;10;10
Facultatea de Filosofie;Universitatea din Bucureşti (UNIBUC);Bucuresti, Bucuresti;20;N/A;N/A;3.500 lei;Comunicare interculturală (în limba engleză);Public;Acreditat;Sociologie;Sociologie;Științe Sociale și Psihologie;Examen;8;12
Facultatea de Geografie;Universitatea din Bucureşti (UNIBUC);Bucuresti, Bucuresti;56;7.55;1.29;3.100 lei;Managementul resurselor și activităților turistice;Public;Acreditat;Geografia turismului;Geografie;Științe ale Naturii;Examen;25;31
Facultatea de Geografie;Universitatea din Bucureşti (UNIBUC);Bucuresti, Bucuresti;60;8.10;0.45;3.100 lei;Sisteme informaționale geografice;Public;Acreditat;Geografie;Geografie;Științe ale Naturii;Examen;30;30
Facultatea de Filosofie;Universitatea din Bucureşti (UNIBUC);Bucuresti, Bucuresti;38;8.75;0.13;3.500 lei;Philosophy, Politics And Economics (PPE);Public;Acreditat;Filosofie;Filosofie;Științe Umaniste;Examen;2;36
Facultatea de Ştiinţe Politice;Universitatea din Bucureşti (UNIBUC);Bucuresti, Bucuresti;30;8.00;0.90;3.500 lei;Afaceri Publice Internaționale (International Public Affairs);Public;Acreditat;Relaţii internaţionale şi studii europene;Relații internaționale și studii europene;Științe Politice și Comunicare;Examen;21;9
Facultatea de Psihologie şi Ştiinţele Educaţiei;Universitatea din Bucureşti (UNIBUC);Bucuresti, Bucuresti;40;9.00;0.38;3.600 lei;Psihologia muncii, transporturilor şi serviciilor;Public;Acreditat;Psihologie;Psihologie;Științe Sociale și Psihologie;Examen;13;27
Facultatea de Psihologie şi Ştiinţele Educaţiei;Universitatea din Bucureşti (UNIBUC);Bucuresti, Bucuresti;40;N/A;N/A;3.600 lei;Tehnologia Informaţiei şi a Comunicaţiilor în Educaţie;Public;Acreditat;Pedagogie;Științe ale educației;Științe Politice și Comunicare;Examen;12;28
Facultatea de Drept;Universitatea din Craiova;Craiova, Dolj;50;7.94;1.00;3.000 lei;Dreptul afacerilor în limba engleză (Business Law);Public;Acreditat;Drept;Drept;Științe Juridice;Examen;41;9
Facultatea de Automatică, Calculatoare şi Electronică;Universitatea din Craiova;Craiova, Dolj;35;8.08;0.83;3.000 lei;Ingineria Calculatoarelor şi Comunicaţiilor;Public;Acreditat;Tehnologia informaţiei;Calculatoare și tehnologia informației;Științe Inginerești;Examen;23;12
Facultatea de Automatică, Calculatoare şi Electronică;Universitatea din Craiova;Craiova, Dolj;40;8.00;0.70;3.000 lei;Information Systems for e-Business;Public;Acreditat;Ingineria informaţiei;Calculatoare și tehnologia informației;Științe Inginerești;Examen;25;15
Facultatea de Economie şi Administrarea Afacerilor;Universitatea din Craiova;Craiova, Dolj;51;8.75;0.71;3.000 lei;Analiza şi Evaluarea Financiară a Organizaţiilor;Public;Acreditat;Economie generală;Economie;Științe Economice;Dosar;32;19
Facultatea de Economie şi Administrarea Afacerilor;Universitatea din Craiova;Craiova, Dolj;26;9.00;1.00;3.000 lei;Managementul afacerilor electronice;Public;Acreditat;Management;Management;Științe Economice;Dosar;22;4
Facultatea de Mecanică;Universitatea din Craiova;Craiova, Dolj;50;N/A;N/A;3.000 lei;Optimizarea Proceselor şi Echipamentelor Tehnologice;Public;Acreditat;Inginerie industrială;Inginerie industrială;Științe Inginerești;Examen;20;30
Facultatea de Ştiinţe;Universitatea din Craiova;Craiova, Dolj;50;N/A;N/A;3.000 lei;Tehnici avansate pentru prelucrarea informaţiei;Public;Acreditat;Informatică;Informatică;Științe Exacte;Examen;47;3
Facultatea de Horticultură;Universitatea din Craiova;Craiova, Dolj;50;8.50;0.54;3.000 lei;Management şi consultanţă în horticultură şi dezvoltare rurală;Public;Acreditat;Horticultură;Horticultură;Științe Agricole;Dosar;19;31
Facultatea de Ştiinţe;Universitatea din Craiova;Craiova, Dolj;50;N/A;N/A;3.000 lei;Turism și dezvoltare durabilă;Public;Acreditat;Geografia turismului;Geografie;Științe ale Naturii;Examen;20;30
Facultatea de Agronomie;Universitatea din Craiova;Craiova, Dolj;50;N/A;N/A;3.000 lei;Protecţia Mediului în Agricultură;Public;Acreditat;Ingineria şi protecţia mediului în agricultură;Ingineria mediului;Științe Inginerești;Dosar;27;23
Facultatea de Automatică, Calculatoare şi Electronică;Universitatea din Craiova;Craiova, Dolj;50;7.75;0.78;3.000 lei;Inginerie software;Public;Acreditat;Ingineria informaţiei;Calculatoare și tehnologia informației;Științe Inginerești;Examen;27;23
Facultatea de Agronomie;Universitatea din Craiova;Craiova, Dolj;50;N/A;N/A;2.500 lei;Management şi Consultanţă în Horticultură şi Dezvoltare rurală;Public;Acreditat;Ingineria şi managementul afacerilor;Inginerie și management;Științe Inginerești;Dosar;16;34
Facultatea de Agronomie;Universitatea din Craiova;Craiova, Dolj;50;N/A;N/A;2.500 lei;Siguranţa alimentelor şi protecţia consumatorului;Public;Acreditat;Controlul şi securitatea produselor alimentare;Inginerie chimică;Științe Inginerești;Dosar;17;33
Facultatea de Automatică, Calculatoare şi Electronică;Universitatea din Craiova;Craiova, Dolj;N/A;N/A;N/A;3.000 lei;Automatica Sistemelor Complexe;Public;Acreditat;Inginerie industrială;Inginerie industrială;Științe Inginerești;Dosar;0;0
Facultatea de Economie şi Administrarea Afacerilor;Universitatea din Craiova;Craiova, Dolj;25;8.75;0.64;3.000 lei;Economie şi Administrarea Afacerilor Internaţionale (în limba engleză);Public;Acreditat;Economie internaţională;Economie şi afaceri internaţionale;Științe Economice;Examen;15;10
Facultatea de Inginerie Electrică;Universitatea din Craiova;Craiova, Dolj;34;N/A;N/A;3.000 lei;Calitatea energiei si compatibilitate electromagnetică în sisteme electrice;Public;Acreditat;Sisteme electrice;Inginerie electrică;Științe Inginerești;Examen;32;2
Facultatea de Educaţie Fizică şi Sport;Universitatea din Craiova;Craiova, Dolj;60;N/A;N/A;3.000 lei;Kinetoterapia în reeducarea neuromotorie;Public;Acreditat;Kinetoterapie și motricitate specială;Știința sportului și educației fizice;Ştiinţa Sportului şi Educaţiei Fizice;Examen;23;37
Facultatea de Drept;Universitatea din Craiova;Craiova, Dolj;75;8.48;0.79;3.000 lei;Ştiinţe administrative;Public;Acreditat;Administraţie publică;Ştiinţe administrative;Științe Politice și Comunicare;Dosar;40;35
Facultatea de Economie şi Administrarea Afacerilor;Universitatea din Craiova;Craiova, Dolj;30;9.45;0.37;3.000 lei;Managementul organizaţiilor publice;Public;Acreditat;Management;Management;Științe Economice;Dosar;7;23
Facultatea de Economie şi Administrarea Afacerilor;Universitatea din Craiova;Craiova, Dolj;50;8.50;0.60;3.000 lei;Finanţe şi Administrarea Afacerilor;Public;Acreditat;Finanţe şi bănci;Finanţe;Științe Economice;Dosar;21;29
Facultatea de Litere;Universitatea din Craiova;Craiova, Dolj;50;7.60;1.00;3.000 lei;Limbă şi literatură – Studii de limbă și literatură română;Public;Acreditat;Limba şi literatura română;Limbă şi literatură;Științe Umaniste;Examen;38;12
Facultatea de Litere;Universitatea din Craiova;Craiova, Dolj;50;7.00;0.50;3.000 lei;Ştiinte ale comunicării – Paradigme ale comunicării organizaţionale;Public;Acreditat;Comunicare şi relaţii publice;Ştiinţe ale comunicării;Științe Politice și Comunicare;Examen;20;30
Facultatea de Litere;Universitatea din Craiova;Craiova, Dolj;50;6.50;0.84;3.000 lei;Limbă şi literatură – Studii de limba engleză şi literaturi anglo-americane;Public;Acreditat;Limba şi literatura română;Limbă şi literatură;Științe Umaniste;Examen;38;12
Facultatea de Mecanică;Universitatea din Craiova;Craiova, Dolj;50;N/A;N/A;3.000 lei;Optimizarea Sistemelor de Transport Rutier;Public;Acreditat;Ingineria sistemelor de propulsie pentru autovehicule;Ingineria autovehiculelor;Științe Inginerești;Examen;25;25
Facultatea de Ştiinţe;Universitatea din Craiova;Craiova, Dolj;42;N/A;N/A;3.000 lei;Chimia compuşilor biologic activi;Public;Acreditat;Chimie;Chimie;Științe Exacte;Dosar;32;10
Facultatea de Horticultură;Universitatea din Craiova;Craiova, Dolj;50;8.90;0.52;3.000 lei;Siguranţa alimentelor şi protecţia consumatorului;Public;Acreditat;Ingineria produselor alimentare;Ingineria produselor alimentare;Științe Agricole;Dosar;16;34
Facultatea de Automatică, Calculatoare şi Electronică;Universitatea din Craiova;Craiova, Dolj;50;6.00;0.70;3.000 lei;Sisteme automate încorporate;Public;Acreditat;Inginerie industrială;Inginerie industrială;Științe Inginerești;Examen;34;16
Facultatea de Ştiinţe;Universitatea din Craiova;Craiova, Dolj;40;N/A;N/A;3.000 lei;Fizică teoretică;Public;Acreditat;Fizică;Fizică;Științe Exacte;Examen;33;7
Facultatea de Agronomie;Universitatea din Craiova;Craiova, Dolj;50;N/A;N/A;3.000 lei;Management în Agroturism şi Calitatea Produselor Agroalimentare;Public;Acreditat;Ingineria produselor alimentare;Ingineria produselor alimentare;Științe Agricole;Dosar;28;22
Facultatea de Agronomie;Universitatea din Craiova;Craiova, Dolj;50;N/A;N/A;2.500 lei;Managementul Ecologic al Resurselor Naturale;Public;Acreditat;Ingineria mediului;Ingineria mediului;Științe Inginerești;Dosar;16;34
Facultatea de Drept;Universitatea din Craiova;Craiova, Dolj;50;7.42;0.52;3.000 lei;Drepturile omului în limba franceză (Droits de l'homme);Public;Acreditat;Drept;Drept;Științe Juridice;Examen;38;12
Facultatea de Inginerie Electrică;Universitatea din Craiova;Craiova, Dolj;37;N/A;N/A;3.000 lei;Sisteme electromecanice complexe;Public;Acreditat;Sisteme electrice;Inginerie electrică;Științe Inginerești;Examen;35;2
Facultatea de Economie şi Administrarea Afacerilor;Universitatea din Craiova;Craiova, Dolj;40;8.33;0.68;3.000 lei;Audit şi consultanțâ în afaceri;Public;Acreditat;Contabilitate şi informatică de gestiune;Contabilitate;Științe Economice;Dosar;25;15
Facultatea de Inginerie Electrică;Universitatea din Craiova;Craiova, Dolj;34;N/A;N/A;3.000 lei;Sisteme energetice informatizate;Public;Acreditat;Sisteme electrice;Inginerie electrică;Științe Inginerești;Examen;32;2
Facultatea de Litere;Universitatea din Craiova;Craiova, Dolj;50;6.80;0.30;3.000 lei;Limbă şi literatură – Limba franceză, didactică si literaturi în spaţiul francofon;Public;Acreditat;Limbă şi literatură;Limbă şi literatură;Științe Umaniste;Examen;38;12
Facultatea de Litere;Universitatea din Craiova;Craiova, Dolj;50;6.50;1.00;3.000 lei;Ştiinţe ale educaţiei - Management educaţional;Public;Acreditat;Pedagogie;Științe ale educației;Științe Politice și Comunicare;Examen;19;31
Facultatea de Ştiinţe;Universitatea din Craiova;Craiova, Dolj;29;N/A;N/A;3.000 lei;Calitatea mediului;Public;Acreditat;Chimie;Chimie;Științe Exacte;Dosar;19;10
Facultatea de Mecanică;Universitatea din Craiova;Craiova, Dolj;50;N/A;N/A;3.000 lei;Managementul Producţiei şi Logistică;Public;Acreditat;Inginerie economică industrială;Inginerie și management;Științe Inginerești;Examen;25;25
Facultatea de Ştiinţe Sociale;Universitatea din Craiova;Craiova, Dolj;125;N/A;N/A;3.000 lei;Dezvoltare comunitară şi integrare europeană;Public;Acreditat;Sociologie;Sociologie;Științe Sociale și Psihologie;Dosar;25;100
Facultatea de Horticultură;Universitatea din Craiova;Craiova, Dolj;50;8.80;0.46;3.000 lei;Managementul ecologic al resurselor naturale;Public;Acreditat;Ingineria mediului;Ingineria mediului;Științe Inginerești;Dosar;16;34
Facultatea de Automatică, Calculatoare şi Electronică;Universitatea din Craiova;Craiova, Dolj;N/A;N/A;N/A;3.000 lei;Sisteme electronice avansate;Public;Acreditat;Tehnologii şi sisteme de telecomunicaţii;Inginerie electronică, telecomunicații și tehnologii informaționale;Științe Inginerești;Dosar;0;0
Facultatea de Automatică, Calculatoare şi Electronică;Universitatea din Craiova;Craiova, Dolj;40;6.42;0.80;3.000 lei;Tehnologii Informatice în Ingineria Sistemelor;Public;Acreditat;Tehnologia informaţiei;Calculatoare și tehnologia informației;Științe Inginerești;Examen;30;10
Facultatea de Agronomie;Universitatea din Craiova;Craiova, Dolj;50;N/A;N/A;3.000 lei;Consultanţă şi Management în Agricultură;Public;Acreditat;Inginerie economică în agricultură;Inginerie şi management în agricultură și dezvoltare rurală;Științe Agricole;Dosar;28;22
Facultatea de Automatică, Calculatoare şi Electronică;Universitatea din Craiova;Craiova, Dolj;40;6.93;0.62;3.000 lei;Sisteme de Conducere în Robotică;Public;Acreditat;Robotică;Mecatronică și robotică;Științe Inginerești;Examen;25;15
Facultatea de Drept;Universitatea din Craiova;Craiova, Dolj;50;9.05;1.00;3.000 lei;Drept privat;Public;Acreditat;Drept;Drept;Științe Juridice;Dosar;43;7
Facultatea de Educaţie Fizică şi Sport;Universitatea din Craiova;Craiova, Dolj;30;N/A;N/A;3.000 lei;Activitate motrică curriculară şi extracurriculară;Public;Acreditat;Educație fizică și sportivă ;Știința sportului și educației fizice;Ştiinţa Sportului şi Educaţiei Fizice;Examen;20;10
Facultatea de Inginerie Electrică;Universitatea din Craiova;Craiova, Dolj;17;N/A;N/A;3.000 lei;Inginerie electrică aplicată în protecţia şi managementul mediului;Public;Acreditat;Sisteme electrice;Inginerie electrică;Științe Inginerești;Examen;15;2
Facultatea de Economie şi Administrarea Afacerilor;Universitatea din Craiova;Craiova, Dolj;35;9.33;0.83;3.000 lei;Contabilitate şi Raportări Financiare conforme cu Standardele Internaţionale;Public;Acreditat;Contabilitate şi informatică de gestiune;Contabilitate;Științe Economice;Dosar;23;12
Facultatea de Educaţie Fizică şi Sport;Universitatea din Craiova;Craiova, Dolj;20;N/A;N/A;3.000 lei;Managementul organizaţiilor şi evenimentelor sportive;Public;Acreditat;Educație fizică și sportivă ;Știința sportului și educației fizice;Ştiinţa Sportului şi Educaţiei Fizice;Dosar;0;20
Facultatea de Economie şi Administrarea Afacerilor;Universitatea din Craiova;Craiova, Dolj;50;9.00;0.56;3.000 lei;Managementul afacerilor;Public;Acreditat;Management;Management;Științe Economice;Dosar;20;30
Facultatea de Economie şi Administrarea Afacerilor;Universitatea din Craiova;Craiova, Dolj;30;N/A;N/A;3.000 lei;Management financiar bancar;Public;Acreditat;Management;Management;Științe Economice;Dosar;16;14
Facultatea de Economie şi Administrarea Afacerilor;Universitatea din Craiova;Craiova, Dolj;35;9.00;0.77;3.000 lei;Marketing şi comunicare în afaceri;Public;Acreditat;Marketing;Marketing;Științe Economice;Dosar;22;13
Facultatea de Mecanică;Universitatea din Craiova;Craiova, Dolj;50;N/A;N/A;3.000 lei;Modelare şi Simulare în Ingineria Mecanică;Public;Acreditat;Inginerie mecanică;Ingineria sistemelor și inginerie mecanică;Științe Inginerești;Examen;18;32
Facultatea de Teologie Ortodoxă;Universitatea din Craiova;Craiova, Dolj;100;7.50;0.55;3.000 lei;Teologie şi cultură;Public;Acreditat;Teologie pastorală;Teologie;Teologie;Examen;25;75
Facultatea de Ştiinţe;Universitatea din Craiova;Craiova, Dolj;35;N/A;N/A;3.000 lei;Matematici aplicate;Public;Acreditat;Matematici aplicate;Matematică;Științe Exacte;Dosar;30;5
Facultatea de Horticultură;Universitatea din Craiova;Craiova, Dolj;50;7.90;0.38;3.000 lei;Evoluția ecosistemelor naturale și conservarea biodiversității;Public;Acreditat;Ingineria mediului;Ingineria mediului;Științe Inginerești;Dosar;16;34
Facultatea de Ştiinţe Sociale;Universitatea din Craiova;Craiova, Dolj;50;N/A;N/A;3.000 lei;Români în istoria Europei;Public;Acreditat;Istorie;Istorie;Științe Umaniste;Dosar;21;29
Facultatea de Ştiinţe Sociale;Universitatea din Craiova;Craiova, Dolj;50;N/A;N/A;3.000 lei;Filosofie contemporană;Public;Acreditat;Filosofie;Filosofie;Științe Umaniste;Dosar;17;33
Facultatea de Ştiinţe Sociale;Universitatea din Craiova;Craiova, Dolj;75;N/A;N/A;3.000 lei;Securitate Națională și Euro-Atlantică;Public;Acreditat;Studii de securitate și informații;Informații și securitate națională;Ştiinţe Militare, Informaţii şi Ordine publică;Dosar;25;50
Facultatea de Educaţie Fizică şi Sport;Universitatea din Craiova;Craiova, Dolj;40;N/A;N/A;3.000 lei;Performanţa în sport;Public;Acreditat;Educație fizică și sportivă ;Știința sportului și educației fizice;Ştiinţa Sportului şi Educaţiei Fizice;Examen;20;20
Facultatea de Drept;Universitatea din Craiova;Craiova, Dolj;50;9.40;1.00;3.000 lei;Ştiinţe penale;Public;Acreditat;Drept;Drept;Științe Juridice;Dosar;43;7
Facultatea de Economie şi Administrarea Afacerilor;Universitatea din Craiova;Craiova, Dolj;35;9.00;0.91;3.000 lei;Economie şi Afaceri Europene;Public;Acreditat;Economie generală;Economie;Științe Economice;Dosar;18;17
Facultatea de Economie şi Administrarea Afacerilor;Universitatea din Craiova;Craiova, Dolj;35;9.46;0.97;3.000 lei;Managementul Resurselor Umane;Public;Acreditat;Resurse umane;Sociologie;Științe Sociale și Psihologie;Dosar;15;20
Facultatea de Litere;Universitatea din Craiova;Craiova, Dolj;50;N/A;N/A;3.000 lei;Ştiinţe ale educaţiei - Consiliere educațională și dezvoltarea carierei;Public;Acreditat;Pedagogie;Științe ale educației;Științe Politice și Comunicare;Examen;20;30
Facultatea de Litere;Universitatea din Craiova;Craiova, Dolj;50;6.86;0.44;3.000 lei;Traducere şi terminologii în context european (engleză, franceză, germană);Public;Acreditat;Traducere și interpretare;Limbi moderne aplicate;Științe Umaniste;Examen;20;30
Facultatea de Inginerie Electrică;Universitatea din Craiova;Craiova, Dolj;17;N/A;N/A;3.000 lei;Sisteme complexe pentru inginerie aerospaţială;Public;Acreditat;Construcţii aerospaţiale;Inginerie aerospațială;Științe Inginerești;Dosar;15;2
Facultatea de Mecanică;Universitatea din Craiova;Craiova, Dolj;50;N/A;N/A;3.000 lei;Automotive engineering – design, manufacture and development;Public;Acreditat;Autovehicule rutiere;Ingineria autovehiculelor;Științe Inginerești;Examen;29;21
Facultatea de Mecanică;Universitatea din Craiova;Craiova, Dolj;50;N/A;N/A;3.000 lei;Concepţia şi Proiectarea Autovehiculelor Moderne;Public;Acreditat;Ingineria sistemelor de propulsie pentru autovehicule;Ingineria autovehiculelor;Științe Inginerești;Examen;20;30
Facultatea de Horticultură;Universitatea din Craiova;Craiova, Dolj;50;7.70;0.34;3.000 lei;Expertiză Viti-Vinicolă;Public;Acreditat;Horticultură;Horticultură;Științe Agricole;Dosar;13;37
Facultatea de Litere;Universitatea din Craiova;Craiova, Dolj;10;7.25;0.90;4.500 lei;Muzică – Artă muzicală românească contemporană;Public;Acreditat;Artele spectacolului muzical;Muzică;Arte, Arhitectură și Urbanism ;Examen;5;5
Facultatea de Litere;Universitatea din Craiova;Craiova, Dolj;15;6.00;0.47;3.000 lei;Arte – Arta actorului;Public;Acreditat;Artele spectacolului;Teatru şi artele spectacolului;Arte, Arhitectură și Urbanism ;Examen;9;6
Facultatea de Economie şi Administrarea Afacerilor;Universitatea din Craiova - extensia Drobeta Turnu Severin;Drobeta Turnu Severin, Mehedinti;40;N/A;N/A;3.000 lei;Managementul organizaţiei;Public;Acreditat;Management;Management;Științe Economice;Dosar;15;25
Facultatea de Litere;Universitatea din Craiova - extensia Drobeta Turnu Severin;Drobeta Turnu Severin, Mehedinti;50;N/A;N/A;3.000 lei;Consiliere educaţională şi dezvoltarea carierei;Public;Acreditat;Pedagogie;Științe ale educației;Științe Politice și Comunicare;Examen;20;30
Facultatea de inginerie şi managementul sistemelor tehnologice;Universitatea din Craiova - extensia Drobeta Turnu Severin;Drobeta Turnu Severin, Mehedinti;50;7.14;0.44;3.000 lei;Managementul sistemelor logistice;Public;Acreditat;Inginerie economică industrială;Inginerie și management;Științe Inginerești;Examen;22;28
Facultatea de Economie şi Administrarea Afacerilor;Universitatea din Craiova - extensia Drobeta Turnu Severin;Drobeta Turnu Severin, Mehedinti;30;N/A;N/A;3.000 lei;Administrarea Afacerilor în turism, comerţ şi servicii;Public;Acreditat;Economia comerţului, turismului şi serviciilor;Administrarea afacerilor;Științe Economice;Dosar;15;15
Facultatea de Drept;Universitatea din Craiova - extensia Drobeta Turnu Severin;Drobeta Turnu Severin, Mehedinti;50;N/A;N/A;3.000 lei;Drept privat;Public;Acreditat;Drept;Drept;Științe Juridice;Dosar;38;12
Facultatea de Economie şi Administrarea Afacerilor;Universitatea din Craiova - extensia Drobeta Turnu Severin;Drobeta Turnu Severin, Mehedinti;35;N/A;N/A;3.000 lei;Management contabil, expertiză şi audit;Public;Acreditat;Management;Management;Științe Economice;Dosar;20;15
Facultatea de inginerie şi managementul sistemelor tehnologice;Universitatea din Craiova - extensia Drobeta Turnu Severin;Drobeta Turnu Severin, Mehedinti;50;7.69;0.40;3.000 lei;Managementul Mediului și Energie Durabilă;Public;Acreditat;Ingineria şi protecţia mediului în industrie;Ingineria mediului;Științe Inginerești;Examen;20;30
Facultatea de inginerie şi managementul sistemelor tehnologice;Universitatea din Craiova - extensia Drobeta Turnu Severin;Drobeta Turnu Severin, Mehedinti;50;7.89;0.44;3.000 lei;Ingineria şi managementul calităţii;Public;Acreditat;Inginerie economică industrială;Inginerie și management;Științe Inginerești;Examen;22;28
Facultatea de Geografie, Turism şi sport;Universitatea din Oradea;Oradea, Bihor;60;N/A;0.10;2.500 lei;Gestiune şi amenajare turistică;Public;Acreditat;Geografia turismului;Geografie;Științe ale Naturii;Dosar;0;60
Facultatea de Inginerie Electrică şi Tehnologia Informaţiei;Universitatea din Oradea;Oradea, Bihor;73;7.75;0.48;3.300 lei;Siteme avansate în ingineria electrică;Public;Acreditat;Sisteme electrice;Inginerie electrică;Științe Inginerești;Examen;29;44
Facultatea de Inginerie Managerială şi Tehnologică;Universitatea din Oradea;Oradea, Bihor;66;8.60;0.29;3.300 lei;Inginerie economică şi management pentru afaceri;Public;Acreditat;Inginerie economică industrială;Inginerie și management;Științe Inginerești;Examen;16;50
Facultatea de Ştiinţe Socio - Umane;Universitatea din Oradea;Oradea, Bihor;50;9.62;0.34;3.000 lei;Managementul serviciilor sociale;Public;Acreditat;Asistenţă socială;Asistenţă socială;Științe Sociale și Psihologie;Examen;10;40
Facultatea de Teologie Ortodoxă „Episcop Dr. Vasile Coman”;Universitatea din Oradea;Oradea, Bihor;50;9.29;0.18;2.900 lei;Teologie sistematică pe fundamente biblice şi patristice;Public;Acreditat;Studii religioase;Teologie;Teologie;Examen;8;42
Facultatea de Ştiinţe Economice;Universitatea din Oradea;Oradea, Bihor;50;9.50;0.38;3.000 lei;Administrarea afacerilor interne și internaționale ale IMM-urilor;Public;Acreditat;Administrarea afacerilor;Administrarea afacerilor;Științe Economice;Examen;7;43
Facultatea de Ştiinţe Economice;Universitatea din Oradea;Oradea, Bihor;50;10.00;0.50;3.000 lei;Managementul organizației;Public;Acreditat;Management;Management;Științe Economice;Examen;7;43
Facultatea de Ştiinţe Socio - Umane;Universitatea din Oradea;Oradea, Bihor;50;9.09;0.58;3.000 lei;Psihologie clinică, consiliere psihologică şi psihoterapie;Public;Acreditat;Psihologie;Psihologie;Științe Sociale și Psihologie;Examen;16;34
Facultatea de Medicină şi Farmacie;Universitatea din Oradea;Oradea, Bihor;72;9.00;0.51;2.600 lei;Managementul afecţiunilor aparatului locomotor;Public;Acreditat;Medicină;Medicină;Medicină;Examen;22;50
Facultatea de Protecţia Mediului;Universitatea din Oradea;Oradea, Bihor;68;9.23;0.31;3.300 lei;Siguranță și securitate agroalimentară;Public;Acreditat;Ingineria produselor alimentare;Ingineria produselor alimentare;Științe Agricole;Examen;18;50
Facultatea de Protecţia Mediului;Universitatea din Oradea;Oradea, Bihor;61;8.33;0.25;3.300 lei;Ingineria mediului și securitate în muncă;Public;Acreditat;Ingineria şi protecţia mediului în industrie;Ingineria mediului;Științe Inginerești;Examen;11;50
Facultatea de Arte;Universitatea din Oradea;Oradea, Bihor;41;6.00;0.15;3.900 lei;Pedagogia artei dirijorale;Public;Acreditat;Pedagogie muzicală;Muzică;Arte, Arhitectură și Urbanism ;Examen;8;33
Facultatea de Construcţii, Cadastru și Arhitectură;Universitatea din Oradea;Oradea, Bihor;50;6.80;0.46;3.300 lei;Construcţii inteligente şi sustenabile;Public;Acreditat;Construcţii civile, industriale şi agricole;Inginerie civilă și instalații;Științe Inginerești;Examen;20;30
Facultatea de Geografie, Turism şi sport;Universitatea din Oradea;Oradea, Bihor;17;7.88;1.06;2.800 lei;Gestiunea şi planificarea teritoriului asistată de GIS;Public;Acreditat;Planificare teritorială;Geografie;Științe ale Naturii;Examen;15;2
Facultatea de Geografie, Turism şi sport;Universitatea din Oradea;Oradea, Bihor;50;9.08;0.64;2.800 lei;Educaţie fizică şi antrenament sportiv;Public;Acreditat;Educație fizică și sportivă ;Știința sportului și educației fizice;Ştiinţa Sportului şi Educaţiei Fizice;Examen;11;39
Facultatea de Inginerie Energetică și Management Industrial;Universitatea din Oradea;Oradea, Bihor;50;N/A;N/A;3.300 lei;Managementul sistemelor de energie;Public;Acreditat;Managementul energiei;Inginerie energetică;Științe Inginerești;Examen;0;50
Facultatea de Istorie, Relaţii Internaţionale, Științe Politice și Științele Comunicării;Universitatea din Oradea;Oradea, Bihor;50;9.39;0.24;2.800 lei;Evaluarea politicilor şi a programelor publice europene;Public;Acreditat;Relaţii internaţionale şi studii europene;Relații internaționale și studii europene;Științe Politice și Comunicare;Examen;4;46
Facultatea de Ştiinţe;Universitatea din Oradea;Oradea, Bihor;N/A;N/A;N/A;N/A;Matematică didactică;Public;Acreditat;Matematică;Matematică;Științe Exacte;Examen;0;0
Facultatea de Ştiinţe Economice;Universitatea din Oradea;Oradea, Bihor;50;10.00;0.48;3.000 lei;Finanțe - bănci - asigurări;Public;Acreditat;Finanţe şi bănci;Finanţe;Științe Economice;Examen;8;42
Facultatea de Ştiinţe Socio - Umane;Universitatea din Oradea;Oradea, Bihor;50;9.10;0.38;3.000 lei;Gestiunea resurselor umane;Public;Acreditat;Resurse umane;Sociologie;Științe Sociale și Psihologie;Examen;18;32
Facultatea de Medicină şi Farmacie;Universitatea din Oradea;Oradea, Bihor;64;9.00;0.98;150 lei;Managementul serviciilor de sănătate;Public;Acreditat;Medicină;Medicină;Medicină;Examen;14;50
Facultatea de Drept;Universitatea din Oradea;Oradea, Bihor;59;8.85;0.34;2.900 lei;Drept civil şi procedură civilă;Public;Acreditat;Drept;Drept;Științe Juridice;Examen;9;50
Facultatea de Ştiinţe Economice;Universitatea din Oradea;Oradea, Bihor;50;N/A;N/A;3.000 lei;International Business Administration (în limba engleză);Public;Autorizat;Economie şi afaceri internaţionale;Economie şi afaceri internaţionale;Științe Economice;Examen;0;50
Facultatea de Protecţia Mediului;Universitatea din Oradea;Oradea, Bihor;61;9.75;0.36;3.300 lei;Tehnologii moderne în exploatațiile agricole și zootehnice;Public;Acreditat;Agricultură;Agronomie;Științe Agricole;Examen;11;50
Facultatea de Protecţia Mediului;Universitatea din Oradea;Oradea, Bihor;68;9.23;0.40;3.300 lei;Managementul unităților de turism și alimentație publică;Public;Acreditat;Inginerie economică în agricultură;Inginerie şi management în agricultură și dezvoltare rurală;Științe Agricole;Examen;18;50
Facultatea de Arte;Universitatea din Oradea;Oradea, Bihor;39;7.00;0.28;3.900 lei;Vocal şi instrumental în arta muzicală camerală;Public;Acreditat;Artele spectacolului muzical;Muzică;Arte, Arhitectură și Urbanism ;Examen;11;28
Facultatea de Inginerie Electrică şi Tehnologia Informaţiei;Universitatea din Oradea;Oradea, Bihor;53;9.25;0.32;3.300 lei;Sisteme automate avansate;Public;Acreditat;Ingineria sistemelor multimedia;Ingineria sistemelor și inginerie mecanică;Științe Inginerești;Examen;13;40
Facultatea de Istorie, Relaţii Internaţionale, Științe Politice și Științele Comunicării;Universitatea din Oradea;Oradea, Bihor;50;10.00;0.22;2.800 lei;Dezvoltare regională şi comunicare instituţională în UE;Public;Acreditat;Relaţii internaţionale şi studii europene;Relații internaționale și studii europene;Științe Politice și Comunicare;Examen;4;46
Facultatea de Litere;Universitatea din Oradea;Oradea, Bihor;60;N/A;N/A;2.800 lei;Cultură şi civilizaţie europeană;Public;Acreditat;Limbă şi literatură;Filologie;Științe Umaniste;Examen;10;50
Facultatea de Litere;Universitatea din Oradea;Oradea, Bihor;66;N/A;N/A;2.800 lei;Literatura română – relevanţe europene;Public;Acreditat;Limba şi literatura română;Limbă şi literatură;Științe Umaniste;Examen;16;50
Facultatea de Ştiinţe;Universitatea din Oradea;Oradea, Bihor;N/A;7.49;N/A;N/A;Sisteme distribuite in Internet;Public;Acreditat;Informatică;Informatică;Științe Exacte;Examen;0;0
Facultatea de Ştiinţe;Universitatea din Oradea;Oradea, Bihor;N/A;8.00;N/A;N/A;Chimie structurală și aplicativă;Public;Acreditat;Chimie;Chimie;Științe Exacte;Examen;0;0
Facultatea de Ştiinţe Economice;Universitatea din Oradea;Oradea, Bihor;50;10.00;0.94;3.000 lei;Contabilitate, auditul și gestiunea afacerilor;Public;Acreditat;Contabilitate şi informatică de gestiune;Contabilitate;Științe Economice;Examen;7;43
Facultatea de Geografie, Turism şi sport;Universitatea din Oradea;Oradea, Bihor;22;8.04;1.00;2.800 lei;Tourism management and planning (în limba engleză);Public;Acreditat;Geografia turismului;Geografie;Științe ale Naturii;Examen;20;2
Facultatea de Geografie, Turism şi sport;Universitatea din Oradea;Oradea, Bihor;43;9.31;0.77;2.800 lei;Kinetoterapie în reeducare funcţională;Public;Acreditat;Kinetoterapie și motricitate specială;Știința sportului și educației fizice;Ştiinţa Sportului şi Educaţiei Fizice;Examen;22;21
Facultatea de Inginerie Energetică și Management Industrial;Universitatea din Oradea;Oradea, Bihor;65;8.00;0.20;3.300 lei;Energii regenerabile;Public;Acreditat;Ingineria sistemelor electroenergetice;Inginerie energetică;Științe Inginerești;Examen;15;50
Facultatea de Inginerie Managerială şi Tehnologică;Universitatea din Oradea;Oradea, Bihor;65;8.60;0.51;3.300 lei;Concepţie, fabricaţie şi management asistate de calculator;Public;Acreditat;Ingineria şi managementul calităţii;Inginerie industrială;Științe Inginerești;Examen;15;50
Facultatea de Ştiinţe;Universitatea din Oradea;Oradea, Bihor;N/A;8.00;N/A;N/A;Fizica exploarărilor și terapiilor medicale;Public;Acreditat;Fizică;Fizică;Științe Exacte;Examen;0;0
Facultatea de Ştiinţe Economice;Universitatea din Oradea;Oradea, Bihor;50;9.50;0.36;3.000 lei;Relații economice europene;Public;Acreditat;Economie internaţională;Economie şi afaceri internaţionale;Științe Economice;Examen;7;43
Facultatea de Ştiinţe Socio - Umane;Universitatea din Oradea;Oradea, Bihor;50;8.59;0.28;3.000 lei;Psihologie educaţională, consiliere şcolară şi vocaţională;Public;Acreditat;Psihologie;Psihologie;Științe Sociale și Psihologie;Examen;13;37
Facultatea de Ştiinţe Economice;Universitatea din Oradea;Oradea, Bihor;50;9.75;0.46;3.000 lei;Economia și administrarea afacerilor în turism și industria ospitalității;Public;Acreditat;Economia comerţului, turismului şi serviciilor;Administrarea afacerilor;Științe Economice;Examen;12;38
Facultatea de Ştiinţe Economice;Universitatea din Oradea;Oradea, Bihor;50;9.87;0.38;3.000 lei;Administrarea afacerilor regionale;Public;Acreditat;Administrarea afacerilor;Administrarea afacerilor;Științe Economice;Examen;9;41
Facultatea de Drept;Universitatea din Oradea;Oradea, Bihor;61;8.25;0.34;2.900 lei;Administraţie publică;Public;Acreditat;Administraţie publică;Ştiinţe administrative;Științe Politice și Comunicare;Examen;11;50
Facultatea de Ştiinţe Economice;Universitatea din Oradea;Oradea, Bihor;50;9.00;0.18;3.000 lei;Administrarea afacerilor (în limba engleză) / Business Administration;Public;Autorizat;Administrarea afacerilor;Administrarea afacerilor;Științe Economice;Examen;6;44
Facultatea de Istorie, Relaţii Internaţionale, Științe Politice și Științele Comunicării;Universitatea din Oradea;Oradea, Bihor;50;9.23;0.10;2.500 lei;Securitate Europeană;Public;Acreditat;Studii de securitate;Ştiinţe politice;Științe Politice și Comunicare;Examen;4;46
Facultatea de Protecţia Mediului;Universitatea din Oradea;Oradea, Bihor;60;9.70;0.17;3.300 lei;Tehnologii horticole moderne;Public;Acreditat;Horticultură;Horticultură;Științe Agricole;Examen;10;50
Facultatea de Protecţia Mediului;Universitatea din Oradea;Oradea, Bihor;61;9.15;0.25;3.300 lei;Managementul situațiilor de urgență, crizelor și dezastrelor în agricultură, silvicultură și industria alimentară;Public;Acreditat;Ingineria şi protecţia mediului în industrie;Ingineria mediului;Științe Inginerești;Examen;11;50
Facultatea de Arte;Universitatea din Oradea;Oradea, Bihor;42;8.66;0.21;3.900 lei;Arte plastice şi Multimedia;Public;Acreditat;Arte plastice;Arte vizuale;Arte, Arhitectură și Urbanism ;Examen;9;33
Facultatea de Arte;Universitatea din Oradea;Oradea, Bihor;39;7.66;0.33;3.900 lei;Design de obiect, Modă şi Ambient;Public;Acreditat;Arte decorative;Arte vizuale;Arte, Arhitectură și Urbanism ;Examen;13;26
Facultatea de Inginerie Electrică şi Tehnologia Informaţiei;Universitatea din Oradea;Oradea, Bihor;50;9.26;0.54;3.300 lei;Management şi comunicare în inginerie;Public;Acreditat;Inginerie electrică şi calculatoare;Inginerie electrică;Științe Inginerești;Examen;13;37
Facultatea de Drept;Universitatea din Oradea;Oradea, Bihor;59;9.50;0.37;150 lei;Drept penal şi procedură penală;Public;Acreditat;Drept;Drept;Științe Juridice;Examen;9;50
Facultatea de Inginerie Electrică şi Tehnologia Informaţiei;Universitatea din Oradea;Oradea, Bihor;63;9.43;0.56;3.300 lei;Management in tehnologia informației;Public;Acreditat;Sisteme electrice;Inginerie electrică;Științe Inginerești;Examen;23;40
Facultatea de Inginerie Electrică şi Tehnologia Informaţiei;Universitatea din Oradea;Oradea, Bihor;68;7.93;0.38;3.300 lei;Tehnologii audio video și telecomunicații;Public;Acreditat;Tehnologii şi sisteme de telecomunicaţii;Inginerie electronică, telecomunicații și tehnologii informaționale;Științe Inginerești;Examen;26;42
Facultatea de Inginerie Energetică și Management Industrial;Universitatea din Oradea;Oradea, Bihor;65;8.15;0.15;3.300 lei;Managementul calității și protecția consumatorului în domeniul textile - pielărie;Public;Acreditat;Inginerie economică industrială;Inginerie și management;Științe Inginerești;Examen;15;50
Facultatea de Istorie, Relaţii Internaţionale, Științe Politice și Științele Comunicării;Universitatea din Oradea;Oradea, Bihor;50;9.01;0.26;3.000 lei;Studii Europene (în limba Engleză);Public;Acreditat;Relaţii internaţionale şi studii europene;Relații internaționale și studii europene;Științe Politice și Comunicare;Examen;9;41
Facultatea de Inginerie Managerială şi Tehnologică;Universitatea din Oradea;Oradea, Bihor;66;7.96;0.20;3.300 lei;Advanced Mecatronics Systems (în limba engleză);Public;Acreditat;Mecatronică;Mecatronică și robotică;Științe Inginerești;Examen;16;50
Facultatea de Istorie, Relaţii Internaţionale, Științe Politice și Științele Comunicării;Universitatea din Oradea;Oradea, Bihor;50;8.85;0.20;2.800 lei;Istoria vestului românesc;Public;Acreditat;Istorie;Istorie;Științe Umaniste;Examen;14;36
Facultatea de Istorie, Relaţii Internaţionale, Științe Politice și Științele Comunicării;Universitatea din Oradea;Oradea, Bihor;50;9.00;0.30;2.500 lei;Politici publice europene;Public;Acreditat;Ştiinţe politice;Ştiinţe politice;Științe Politice și Comunicare;Examen;14;36
Facultatea de Litere;Universitatea din Oradea;Oradea, Bihor;66;N/A;N/A;2.800 lei;Tipuri de modernitate în spaţiul anglofon şi francofon;Public;Acreditat;Limbă şi literatură;Limbă şi literatură;Științe Umaniste;Examen;16;50
Facultatea de Ştiinţe;Universitatea din Oradea;Oradea, Bihor;N/A;7.74;N/A;N/A;Biodiversitatea și monitorizarea ecosistemelor;Public;Acreditat;Biologie;Biologie;Științe ale Naturii;Examen;0;0
Facultatea de Teologie Ortodoxă „Episcop Dr. Vasile Coman”;Universitatea din Oradea;Oradea, Bihor;50;8.79;0.26;2.900 lei;Istorie bisericească și gândire creștină;Public;Acreditat;Studii religioase;Teologie;Teologie;Examen;7;43
Facultatea de Ştiinţe Economice;Universitatea din Oradea;Oradea, Bihor;50;9.58;0.48;3.000 lei;Marketing și comunicare în afaceri;Public;Acreditat;Marketing;Marketing;Științe Economice;Examen;9;41
Facultatea de Ştiinţe Socio - Umane;Universitatea din Oradea;Oradea, Bihor;50;9.00;0.82;3.000 lei;Educaţia integrată în învăţământul preşcolar şi primar;Public;Acreditat;Pedagogia învăţământului primar şi preşcolar;Științe ale educației;Științe Politice și Comunicare;Examen;16;34
Facultatea de Ştiinţe Economice;Universitatea din Oradea;Oradea, Bihor;50;N/A;N/A;3.500 lei;Management aprofundat (în limba engleză) / Advanced Management;Public;Autorizat;Management;Management;Științe Economice;Examen;10;40
Facultatea de Protecţia Mediului;Universitatea din Oradea;Oradea, Bihor;67;8.41;0.37;3.300 lei;Valorificarea durabilă a resurselor pădurii;Public;Acreditat;Silvicultură;Silvicultură;Științe Agricole;Examen;17;50
Facultatea de Mine;Universitatea din Petroşani;Petrosani, Hunedoara;28;N/A;N/A;2.200 lei;Ingineria şi managementul proiectelor;Public;Acreditat;Ingineria şi managementul afacerilor;Inginerie și management;Științe Inginerești;Examen;2;26
Facultatea de Ştiinţe;Universitatea din Petroşani;Petrosani, Hunedoara;37;N/A;N/A;2.200 lei;Politici sociale şi protecţie socială;Public;Acreditat;Sociologie;Sociologie;Științe Sociale și Psihologie;Examen;5;32
Facultatea de Inginerie Mecanică şi Electrică;Universitatea din Petroşani;Petrosani, Hunedoara;34;N/A;N/A;2.200 lei;Sisteme electromecanice;Public;Acreditat;Sisteme electrice;Inginerie electrică;Științe Inginerești;Examen;0;34
Facultatea de Inginerie Mecanică şi Electrică;Universitatea din Petroşani;Petrosani, Hunedoara;31;N/A;N/A;2.200 lei;Tehnici şi tehnologii informatice aplicate;Public;Acreditat;Tehnologia informaţiei;Calculatoare și tehnologia informației;Științe Inginerești;Examen;0;31
Facultatea de Ştiinţe;Universitatea din Petroşani;Petrosani, Hunedoara;29;N/A;N/A;2.200 lei;Management financiar bancar;Public;Acreditat;Finanţe şi bănci;Finanţe;Științe Economice;Examen;0;29
Facultatea de Mine;Universitatea din Petroşani;Petrosani, Hunedoara;20;N/A;N/A;2.200 lei;Topografie minieră informatizată şi cadastru;Public;Acreditat;Topografie minieră;Mine, petrol şi gaze;Științe Inginerești;Examen;2;18
Facultatea de Inginerie Mecanică şi Electrică;Universitatea din Petroşani;Petrosani, Hunedoara;38;N/A;N/A;2.200 lei;Instalaţii şi echipamente pentru procese mecanice;Public;Acreditat;Inginerie mecanică;Ingineria sistemelor și inginerie mecanică;Științe Inginerești;Examen;1;37
Facultatea de Mine;Universitatea din Petroşani;Petrosani, Hunedoara;17;N/A;N/A;2.200 lei;Managementul securităţii şi sănătăţii în muncă;Public;Acreditat;Managementul securităţii şi sănătăţii în muncă;Mine, petrol şi gaze;Științe Inginerești;Examen;2;15
Facultatea de Ştiinţe;Universitatea din Petroşani;Petrosani, Hunedoara;29;N/A;N/A;2.200 lei;Contabilitate şi audit;Public;Acreditat;Contabilitate şi informatică de gestiune;Contabilitate;Științe Economice;Examen;0;29
Facultatea de Mine;Universitatea din Petroşani;Petrosani, Hunedoara;2;30.00;N/A;2.200 lei;Controlul şi monitorizarea calităţii mediului;Public;Acreditat;Ingineria mediului;Ingineria mediului;Științe Inginerești;Examen;0;2
Facultatea de Inginerie Mecanică şi Electrică;Universitatea din Petroşani;Petrosani, Hunedoara;36;N/A;N/A;2.200 lei;Sisteme şi tehnologii informatice;Public;Acreditat;Automatică şi informatică aplicată;Ingineria sistemelor și inginerie mecanică;Științe Inginerești;Examen;0;36
Facultatea de Inginerie Mecanică şi Electrică;Universitatea din Petroşani;Petrosani, Hunedoara;35;N/A;N/A;2.200 lei;Exploatarea instalaţiilor electrice industriale;Public;Acreditat;Sisteme electrice;Inginerie electrică;Științe Inginerești;Examen;0;35
Facultatea de Ştiinţe;Universitatea din Petroşani;Petrosani, Hunedoara;N/A;N/A;N/A;2.200 lei;Managementul resurselor umane;Public;Acreditat;Management;Management;Științe Economice;Examen;0;0
Facultatea de Ştiinţe;Universitatea din Petroşani;Petrosani, Hunedoara;23;N/A;N/A;2.200 lei;Managementul strategic al afacerilor;Public;Acreditat;Management;Management;Științe Economice;Examen;0;23
Facultatea de Inginerie Mecanică şi Electrică;Universitatea din Petroşani;Petrosani, Hunedoara;23;N/A;N/A;2.200 lei;Instalaţii şi echipamente de proces în minerit;Public;Acreditat;Inginerie mecanică;Ingineria sistemelor și inginerie mecanică;Științe Inginerești;Examen;4;19
Facultatea de Mine;Universitatea din Petroşani;Petrosani, Hunedoara;30;N/A;N/A;2.200 lei;Ingineria proiectării construcţiilor miniere;Public;Acreditat;Ingineria proiectării construcţiilor miniere;Mine, petrol şi gaze;Științe Inginerești;Examen;2;28
Facultatea de Teologie, Litere, Istorie si Arte;Universitatea din Pitesti - Extensie Ramnicu Valcea;Ramnicu Valcea, Valcea;50;N/A;N/A;3.200 lei;Tendințele actuale ale limbii şi literaturii române (la Râmnicu Vâlcea);Public;Acreditat;Limba şi literatura română;Limbă şi literatură;Științe Umaniste;Examen;5;45
Facultatea de Stiinte ale Educatiei, Stiinte Sociale si Psihologie;Universitatea din Pitesti - Extensie Ramnicu Valcea;Ramnicu Valcea, Valcea;47;9.90;0.40;3.200 lei;Educație timpurie (la Râmnicu Vâlcea);Public;Acreditat;Pedagogia învăţământului primar şi preşcolar;Științe ale educației;Științe Politice și Comunicare;Examen;4;43
Facultatea de Stiinte, Educatie Fizica si Informatica;Universitatea din Pitești;Pitesti, Arges;N/A;8.50;N/A;3.200 lei;Monitorizarea și protecția mediului (interdisciplinar cu domeniile: Horticultură și Biologie);Public;Acreditat;Ştiinţa mediului;Ştiinţa mediului;Științe ale Naturii;Examen;0;0
Facultatea de Stiinte, Educatie Fizica si Informatica;Universitatea din Pitești;Pitesti, Arges;100;8.62;N/A;3.200 lei;Matematică aplicată;Public;Acreditat;Matematici aplicate;Matematică;Științe Exacte;Examen;14;86
Facultatea de Stiinte, Educatie Fizica si Informatica;Universitatea din Pitești;Pitesti, Arges;100;7.63;N/A;3.200 lei;Modelarea, proiectarea și managementul sistemelor software;Public;Acreditat;Informatică;Informatică;Științe Exacte;Examen;17;83
Facultatea de Stiinte Economice si Drept;Universitatea din Pitești;Pitesti, Arges;50;N/A;N/A;3.200 lei;Strategic management and business development (în limba engleză);Public;Acreditat;Management;Management;Științe Economice;Examen;13;37
Facultatea de Stiinte Economice si Drept;Universitatea din Pitești;Pitesti, Arges;84;N/A;0.77;3.200 lei;Cariere juridice;Public;Acreditat;Drept;Drept;Științe Juridice;Examen;9;75
Facultatea de Mecanică și Tehnologie;Universitatea din Pitești;Pitesti, Arges;100;8.50;0.36;3.200 lei;Concepția și managementul proiectării automobilului;Public;Acreditat;Ingineria sistemelor de propulsie pentru autovehicule;Ingineria autovehiculelor;Științe Inginerești;Examen;12;88
Facultatea de Stiinte ale Educatiei, Stiinte Sociale si Psihologie;Universitatea din Pitești;Pitesti, Arges;58;9.55;1.00;3.200 lei;Psihologie clinică - Evaluare și intervenție;Public;Acreditat;Psihologie;Psihologie;Științe Sociale și Psihologie;Examen;8;50
Facultatea de Electronica, Comunicatii si Calculatoare;Universitatea din Pitești;Pitesti, Arges;60;N/A;N/A;3.200 lei;Sisteme electronice pentru conducerea proceselor industriale;Public;Acreditat;Electronică aplicată;Inginerie electronică, telecomunicații și tehnologii informaționale;Științe Inginerești;Examen;7;53
Facultatea de Stiinte ale Educatiei, Stiinte Sociale si Psihologie;Universitatea din Pitești;Pitesti, Arges;57;10.00;0.33;3.200 lei;Managementul serviciilor sociale și de sănătate;Public;Acreditat;Asistenţă socială;Asistenţă socială;Științe Sociale și Psihologie;Examen;9;48
Facultatea de Teologie, Litere, Istorie si Arte;Universitatea din Pitești;Pitesti, Arges;50;N/A;N/A;3.200 lei;Ecumenism în noul context european;Public;Acreditat;Studii religioase;Teologie;Teologie;Examen;5;45
Facultatea de Stiinte, Educatie Fizica si Informatica;Universitatea din Pitești;Pitesti, Arges;100;7.58;0.19;3.200 lei;Tehnici avansate pentru prelucrarea informației (în limba engleză);Public;Acreditat;Informatică;Informatică;Științe Exacte;Examen;17;83
Facultatea de Stiinte, Educatie Fizica si Informatica;Universitatea din Pitești;Pitesti, Arges;N/A;8.46;N/A;3.200 lei;Protecția plantelor (interdisciplinar cu domeniile: Biologie, Știința mediului);Public;Acreditat;Horticultură;Horticultură;Științe Agricole;Examen;0;0
Facultatea de Stiinte, Educatie Fizica si Informatica;Universitatea din Pitești;Pitesti, Arges;100;7.23;0.21;3.200 lei;Matematică didactică;Public;Acreditat;Matematică;Matematică;Științe Exacte;Examen;14;86
Facultatea de Stiinte Economice si Drept;Universitatea din Pitești;Pitesti, Arges;50;N/A;N/A;3.200 lei;Managementul strategic al resurselor umane;Public;Acreditat;Management;Management;Științe Economice;Examen;3;47
Facultatea de Stiinte Economice si Drept;Universitatea din Pitești;Pitesti, Arges;100;N/A;0.45;3.200 lei;Contabilitate managerială şi audit contabil;Public;Acreditat;Contabilitate şi informatică de gestiune;Contabilitate;Științe Economice;Examen;5;95
Facultatea de Stiinte, Educatie Fizica si Informatica;Universitatea din Pitești;Pitesti, Arges;60;8.59;0.55;3.200 lei;Kinetoterapia la persoanele cu dizabilități;Public;Acreditat;Kinetoterapie şi motricitate specială;Kinetoterapie;Ştiinţa Sportului şi Educaţiei Fizice;Examen;12;48
Facultatea de Mecanică și Tehnologie;Universitatea din Pitești;Pitesti, Arges;65;7.48;0.18;3.200 lei;Ştiinţa şi tehnologia materialelor (în limba franceză);Public;Acreditat;Ştiinţa materialelor;Ingineria materialelor;Științe Inginerești;Examen;15;50
Facultatea de Stiinte Economice si Drept;Universitatea din Pitești;Pitesti, Arges;75;N/A;0.91;3.200 lei;Dreptul contenciosului;Public;Acreditat;Drept;Drept;Științe Juridice;Examen;7;68
Facultatea de Electronica, Comunicatii si Calculatoare;Universitatea din Pitești;Pitesti, Arges;60;N/A;N/A;3.200 lei;Inginerie electronică și sisteme inteligente;Public;Acreditat;Tehnologii şi sisteme de telecomunicaţii;Inginerie electronică, telecomunicații și tehnologii informaționale;Științe Inginerești;Examen;7;53
Facultatea de Stiinte ale Educatiei, Stiinte Sociale si Psihologie;Universitatea din Pitești;Pitesti, Arges;150;9.87;0.13;3.200 lei;Consiliere în asistență socială;Public;Acreditat;Asistenţă socială;Asistenţă socială;Științe Sociale și Psihologie;Examen;5;145
Facultatea de Teologie, Litere, Istorie si Arte;Universitatea din Pitești;Pitesti, Arges;42;N/A;0.31;3.200 lei;Apologetică şi duhovnicie;Public;Acreditat;Studii religioase;Teologie;Teologie;Examen;5;37
Facultatea de Stiinte, Educatie Fizica si Informatica;Universitatea din Pitești;Pitesti, Arges;N/A;7.19;N/A;3.200 lei;Materiale și tehnologii nucleare;Public;Acreditat;Ştiinţa materialelor;Ingineria materialelor;Științe Inginerești;Examen;0;0
Facultatea de Stiinte, Educatie Fizica si Informatica;Universitatea din Pitești;Pitesti, Arges;60;9.48;0.48;3.200 lei;Organizare și conducere în sport;Public;Acreditat;Educație fizică și sportivă ;Știința sportului și educației fizice;Ştiinţa Sportului şi Educaţiei Fizice;Examen;7;53
Facultatea de Stiinte Economice si Drept;Universitatea din Pitești;Pitesti, Arges;100;N/A;0.45;3.200 lei;Management contabil şi informatică de gestiune;Public;Acreditat;Contabilitate şi informatică de gestiune;Contabilitate;Științe Economice;Examen;5;95
Facultatea de Stiinte Economice si Drept;Universitatea din Pitești;Pitesti, Arges;50;N/A;N/A;3.200 lei;Administraţie publică în contextul integrării europene;Public;Acreditat;Administraţie publică;Ştiinţe administrative;Științe Politice și Comunicare;Examen;8;42
Facultatea de Stiinte ale Educatiei, Stiinte Sociale si Psihologie - extensie Slatina;Universitatea din Pitești;Pitesti, Arges;55;10.00;0.89;3.200 lei;Management educațional (la Slatina);Public;Acreditat;Administraţie publică;Ştiinţe administrative;Științe Politice și Comunicare;Examen;5;50
Facultatea de Teologie, Litere, Istorie si Arte;Universitatea din Pitești;Pitesti, Arges;50;N/A;0.18;3.200 lei;Restaurarea icoanei, a picturii murale şi de şevalet;Public;Acreditat;Conservare şi restaurare;Arte vizuale;Arte, Arhitectură și Urbanism ;Examen;5;45
Facultatea de Stiinte ale Educatiei, Stiinte Sociale si Psihologie;Universitatea din Pitești;Pitesti, Arges;40;10.00;0.50;3.200 lei;Management educațional;Public;Acreditat;Administraţie publică;Ştiinţe administrative;Științe Politice și Comunicare;Examen;5;35
Facultatea de Teologie, Litere, Istorie si Arte;Universitatea din Pitești;Pitesti, Arges;50;N/A;0.16;3.200 lei;Teologie - misiune şi slujire prin limbajul mimico-gestual;Public;Acreditat;Teologie pastorală;Teologie;Teologie;Examen;4;46
Facultatea de Mecanică și Tehnologie;Universitatea din Pitești;Pitesti, Arges;100;6.84;0.17;3.200 lei;Ingineria automobilelor pentru o mobilitate durabilă (În limba engleză);Public;Acreditat;Construcţii de autovehicule;Ingineria autovehiculelor;Științe Inginerești;Examen;16;84
Facultatea de Teologie, Litere, Istorie si Arte;Universitatea din Pitești;Pitesti, Arges;40;N/A;0.40;3.200 lei;Tendințele actuale ale limbii şi literaturii române;Public;Acreditat;Limba şi literatura română;Limbă şi literatură;Științe Umaniste;Examen;6;34
Facultatea de Electronica, Comunicatii si Calculatoare;Universitatea din Pitești;Pitesti, Arges;60;N/A;N/A;3.200 lei;Sisteme de conversie a energiei;Public;Acreditat;Electronică aplicată;Inginerie electronică, telecomunicații și tehnologii informaționale;Științe Inginerești;Examen;7;53
Facultatea de Stiinte Economice si Drept;Universitatea din Pitești;Pitesti, Arges;50;N/A;0.60;3.200 lei;Economie şi finanţe europene;Public;Acreditat;Economie generală;Economie;Științe Economice;Examen;5;45
Facultatea de Stiinte Economice si Drept;Universitatea din Pitești;Pitesti, Arges;50;N/A;0.72;3.200 lei;Administrarea afacerilor în comerţ, turism şi servicii de ospitalitate;Public;Acreditat;Administrarea afacerilor în comerţ, turism, servicii, merceologie şi managementul calităţii;Administrarea afacerilor;Științe Economice;Examen;7;43
Facultatea de Stiinte, Educatie Fizica si Informatica;Universitatea din Pitești;Pitesti, Arges;10;9.10;2.80;3.200 lei;Performanță în sport;Public;Acreditat;Sport și performanță motrică ;Știința sportului și educației fizice;Ştiinţa Sportului şi Educaţiei Fizice;Examen;10;0
Facultatea de Mecanică și Tehnologie;Universitatea din Pitești;Pitesti, Arges;100;9.01;0.42;3.200 lei;Ingineria şi managementul fabricaţiei produselor;Public;Acreditat;Inginerie industrială;Inginerie industrială;Științe Inginerești;Examen;12;88
Facultatea de Stiinte, Educatie Fizica si Informatica;Universitatea din Pitești;Pitesti, Arges;N/A;N/A;N/A;3.200 lei;Tehnologii pentru dezvoltarea durabilă (interdisciplinar cu domeniul: Știința mediului);Public;Acreditat;Ingineria mediului;Ingineria mediului;Științe Inginerești;Examen;0;0
Facultatea de Stiinte ale Educatiei, Stiinte Sociale si Psihologie - extensie Alexandria;Universitatea din Pitești;Pitesti, Arges;50;9.75;0.24;3.200 lei;Educație timpurie (la Alexandria);Public;Acreditat;Pedagogia învăţământului primar şi preşcolar;Științe ale educației;Științe Politice și Comunicare;Examen;4;46
Facultatea de Stiinte ale Educatiei, Stiinte Sociale si Psihologie;Universitatea din Pitești;Pitesti, Arges;57;9.33;0.12;3.200 lei;Educație timpurie;Public;Acreditat;Pedagogia învăţământului primar şi preşcolar;Științe ale educației;Științe Politice și Comunicare;Examen;4;53
Facultatea de Stiinte, Educatie Fizica si Informatica;Universitatea din Pitești;Pitesti, Arges;N/A;N/A;N/A;3.200 lei;Aplicații interdisciplinare în științele naturii (interdisciplinar cu domeniul: Biologie, Fizică);Public;Acreditat;Chimie;Chimie;Științe Exacte;Examen;0;0
Facultatea de Teologie, Litere, Istorie si Arte;Universitatea din Pitești;Pitesti, Arges;47;N/A;0.17;3.200 lei;Istoria românilor şi a României în context european sec. XIV-XXI;Public;Acreditat;Istorie;Istorie;Științe Umaniste;Examen;5;42
Facultatea de Teologie, Litere, Istorie si Arte;Universitatea din Pitești;Pitesti, Arges;40;N/A;0.42;3.200 lei;Limbaje specializate şi traducere asistată de calculator;Public;Acreditat;Traducere și interpretare;Limbi moderne aplicate;Științe Umaniste;Examen;7;33
Facultatea de Teologie, Litere, Istorie si Arte;Universitatea din Pitești;Pitesti, Arges;50;N/A;N/A;3.200 lei;Consiliere spirituală;Public;Acreditat;Teologie asistenţă socială;Teologie;Teologie;Dosar;0;50
Facultatea de Stiinte Economice si Drept;Universitatea din Pitești;Pitesti, Arges;50;N/A;N/A;3.200 lei;Management financiar-bancar şi în asigurări;Public;Acreditat;Finanţe şi bănci;Finanţe;Științe Economice;Examen;4;46
Facultatea de Stiinte, Educatie Fizica si Informatica;Universitatea din Pitești;Pitesti, Arges;60;N/A;N/A;3.200 lei;Sport, turism și activități de timp liber;Public;Acreditat;Educație fizică și sportivă ;Știința sportului și educației fizice;Ştiinţa Sportului şi Educaţiei Fizice;Examen;15;45
Facultatea de Mecanică și Tehnologie;Universitatea din Pitești;Pitesti, Arges;80;8.35;0.38;3.200 lei;Managementul logisticii;Public;Acreditat;Logistică industrială;Inginerie industrială;Științe Inginerești;Examen;25;55
Facultatea de Stiinte, Educatie Fizica si Informatica;Universitatea din Pitești;Pitesti, Arges;N/A;8.35;N/A;3.200 lei;Biologie medicală;Public;Acreditat;Biologie;Biologie;Științe ale Naturii;Examen;0;0
Facultatea de Stiinte, Educatie Fizica si Informatica;Universitatea din Pitești;Pitesti, Arges;60;9.01;0.40;3.200 lei;Activități motrice curriculare și extracurriculare;Public;Acreditat;Educație fizică și sportivă ;Știința sportului și educației fizice;Ştiinţa Sportului şi Educaţiei Fizice;Examen;7;53
Facultatea de Teologie, Litere, Istorie si Arte;Universitatea din Pitești;Pitesti, Arges;50;N/A;0.56;3.200 lei;Traductologie - limba engleză/franceză. Traduceri în context european;Public;Acreditat;Traducere și interpretare;Limbi moderne aplicate;Științe Umaniste;Examen;10;40
Facultatea de Stiinte ale Educatiei, Stiinte Sociale si Psihologie;Universitatea din Pitești;Pitesti, Arges;50;9.33;0.24;3.200 lei;Comunicare organizațională;Public;Acreditat;Comunicare şi relaţii publice;Ştiinţe ale comunicării;Științe Politice și Comunicare;Examen;7;43
Facultatea de Teologie, Litere, Istorie si Arte;Universitatea din Pitești;Pitesti, Arges;50;N/A;N/A;3.200 lei;Teologie sistematică şi practică. Tendinţe noi în teologia românească;Public;Acreditat;Teologie pastorală;Teologie;Teologie;Dosar;3;47
Facultatea de Teologie, Litere, Istorie si Arte;Universitatea din Pitești;Pitesti, Arges;50;N/A;0.38;3.200 lei;Educaţie muzicală contemporană;Public;Acreditat;Pedagogie muzicală;Muzică;Arte, Arhitectură și Urbanism ;Examen;10;40
Facultatea de Teologie Romano-Catolică;Universitatea ”Babeș Bolyai” Cluj Napoca (UBB) - Centru Alba Iulia;Alba Iulia, Alba;50;7.14;0.30;2.500 lei;Teologie pastorală aplicată;Public;Acreditat;Teologie pastorală;Teologie;Teologie;Examen;15;35
Facultatea de Litere şi Ştiinţe ale Comunicării;Universitatea „Ștefan cel Mare” din Suceava;Suceava, Suceava;41;7.50;0.10;3.000 lei;Limbă şi comunicare;Public;Acreditat;Limbă şi literatură;Limbă şi literatură;Științe Umaniste;Examen;16;25
Facultatea de Inginerie Electrică şi Ştiinţa Calculatoarelor;Universitatea „Ștefan cel Mare” din Suceava;Suceava, Suceava;N/A;N/A;N/A;3.000 lei;Știința și ingineria calculatoarelor;Public;Acreditat;Calculatoare;Calculatoare și tehnologia informației;Științe Inginerești;Examen;0;0
Facultatea de Științe ale Educației;Universitatea „Ștefan cel Mare” din Suceava;Suceava, Suceava;N/A;N/A;N/A;3.000 lei;Comunicare didactică;Public;Acreditat;Pedagogie;Științe ale educației;Științe Politice și Comunicare;Examen;0;0
Facultatea de Litere şi Ştiinţe ale Comunicării;Universitatea „Ștefan cel Mare” din Suceava;Suceava, Suceava;41;7.25;0.41;3.000 lei;Literatură română în context european;Public;Acreditat;Limbă şi literatură;Limbă şi literatură;Științe Umaniste;Examen;16;25
Facultatea de Istorie şi Geografie;Universitatea „Ștefan cel Mare” din Suceava;Suceava, Suceava;27;8.25;1.00;3.000 lei;Consiliere şi administrare în resurse umane;Public;Acreditat;Filosofie;Filosofie;Științe Umaniste;Dosar;12;15
Facultatea de Inginerie Electrică şi Ştiinţa Calculatoarelor;Universitatea „Ștefan cel Mare” din Suceava;Suceava, Suceava;16;N/A;N/A;3.000 lei;Rețele de calculatoare și comunicații;Public;Acreditat;Electronică aplicată;Inginerie electronică, telecomunicații și tehnologii informaționale;Științe Inginerești;Examen;12;4
Facultatea de Științe ale Educației;Universitatea „Ștefan cel Mare” din Suceava;Suceava, Suceava;21;N/A;N/A;3.000 lei;Managementul instituţiilor educaţionale;Public;Acreditat;Pedagogie;Științe ale educației;Științe Politice și Comunicare;Examen;1;20
Facultatea de Litere şi Ştiinţe ale Comunicării;Universitatea „Ștefan cel Mare” din Suceava;Suceava, Suceava;30;6.80;0.50;3.000 lei;Teoria şi practica traducerii (limba franceză);Public;Acreditat;Limbă şi literatură;Limbă şi literatură;Științe Umaniste;Examen;15;15
Facultatea de Istorie şi Geografie;Universitatea „Ștefan cel Mare” din Suceava;Suceava, Suceava;27;8.20;N/A;3.000 lei;Etică organizaţională şi audit etic;Public;Acreditat;Filosofie;Filosofie;Științe Umaniste;Examen;12;15
Facultatea de Educaţie Fizică şi Sport;Universitatea „Ștefan cel Mare” din Suceava;Suceava, Suceava;N/A;N/A;N/A;3.000 lei;Educaţie fizică şcolară şi activităţi extracurriculare;Public;Acreditat;Educație fizică și sportivă ;Știința sportului și educației fizice;Ştiinţa Sportului şi Educaţiei Fizice;Examen;0;0
Facultatea de Inginerie Electrică şi Ştiinţa Calculatoarelor;Universitatea „Ștefan cel Mare” din Suceava;Suceava, Suceava;18;N/A;N/A;3.000 lei;Sisteme moderne pentru conducerea proceselor energetice;Public;Acreditat;Managementul energiei;Inginerie energetică;Științe Inginerești;Examen;14;4
Facultatea de Științe ale Educației;Universitatea „Ștefan cel Mare” din Suceava;Suceava, Suceava;21;N/A;N/A;3.000 lei;Consiliere școlară și educație emoțională;Public;Acreditat;Pedagogie;Științe ale educației;Științe Politice și Comunicare;Dosar;1;20
Facultatea de Inginerie Electrică şi Ştiinţa Calculatoarelor;Universitatea „Ștefan cel Mare” din Suceava;Suceava, Suceava;12;N/A;N/A;3.000 lei;Tehnici avansate în mașini și acționări electrice;Public;Acreditat;Sisteme electrice;Inginerie electrică;Științe Inginerești;Examen;8;4
Facultatea de Litere şi Ştiinţe ale Comunicării;Universitatea „Ștefan cel Mare” din Suceava;Suceava, Suceava;32;7.05;0.12;3.000 lei;Cultură şi civilizaţie britanică în contextul globalizării;Public;Acreditat;Limbă şi literatură;Limbă şi literatură;Științe Umaniste;Examen;17;15
Facultatea de Administraţie Publică;Şcoala Naţională de Studii Politice şi Administrative din Bucureşti (SNSPA);Bucuresti, Bucuresti;47;8.66;0.47;3.300 lei;Managementul sectorului public;Public;Acreditat;Management;Management;Științe Economice;Examen;17;30
Facultatea de Comunicare şi Relaţii Publice;Şcoala Naţională de Studii Politice şi Administrative din Bucureşti (SNSPA);Bucuresti, Bucuresti;50;N/A;N/A;5.880 lei;Marketing, publicitate și relații publice (în limba engleză);Public;Acreditat;Comunicare şi relaţii publice;Ştiinţe ale comunicării;Științe Politice și Comunicare;Examen;0;50
Facultatea de Comunicare şi Relaţii Publice;Şcoala Naţională de Studii Politice şi Administrative din Bucureşti (SNSPA);Bucuresti, Bucuresti;50;N/A;0.60;3.400 lei;Leadership și comunicare politică;Public;Acreditat;Ştiinţe politice;Ştiinţe politice;Științe Politice și Comunicare;Examen;15;35
Facultatea de Ştiinţe Politice;Şcoala Naţională de Studii Politice şi Administrative din Bucureşti (SNSPA);Bucuresti, Bucuresti;30;10.00;0.50;3.400 lei;Management și guvernare;Public;Acreditat;Ştiinţe politice;Ştiinţe politice;Științe Politice și Comunicare;Examen;15;15
Facultatea de Comunicare şi Relaţii Publice;Şcoala Naţională de Studii Politice şi Administrative din Bucureşti (SNSPA);Bucuresti, Bucuresti;50;8.90;0.34;3.400 lei;Comunicare audio-video;Public;Acreditat;Comunicare şi relaţii publice;Ştiinţe ale comunicării;Științe Politice și Comunicare;Examen;20;30
Facultatea de Administraţie Publică;Şcoala Naţională de Studii Politice şi Administrative din Bucureşti (SNSPA);Bucuresti, Bucuresti;39;9.33;0.51;4.000 lei;Public sector management (limba engleză);Public;Acreditat;Management;Management;Științe Economice;Examen;18;21
Facultatea de Comunicare şi Relaţii Publice;Şcoala Naţională de Studii Politice şi Administrative din Bucureşti (SNSPA);Bucuresti, Bucuresti;75;8.75;0.80;3.400 lei;Brand management și comunicare corporativă;Public;Acreditat;Comunicare şi relaţii publice;Ştiinţe ale comunicării;Științe Politice și Comunicare;Examen;35;40
Facultatea de Comunicare şi Relaţii Publice;Şcoala Naţională de Studii Politice şi Administrative din Bucureşti (SNSPA);Bucuresti, Bucuresti;50;9.00;0.20;4.000 lei;Managementul proiectelor (în limba engleză);Public;Acreditat;Comunicare şi relaţii publice;Ştiinţe ale comunicării;Științe Politice și Comunicare;Examen;20;30
Facultatea de Management;Şcoala Naţională de Studii Politice şi Administrative din Bucureşti (SNSPA);Bucuresti, Bucuresti;25;9.50;0.96;4.000 lei;Programs and Investments Management;Public;Acreditat;Management;Management;Științe Economice;Examen;15;10
Facultatea de Administraţie Publică;Şcoala Naţională de Studii Politice şi Administrative din Bucureşti (SNSPA);Bucuresti, Bucuresti;46;8.33;0.41;3.300 lei;Spațiul public european;Public;Acreditat;Administraţie europeană;Ştiinţe administrative;Științe Politice și Comunicare;Examen;17;29
Facultatea de Administraţie Publică;Şcoala Naţională de Studii Politice şi Administrative din Bucureşti (SNSPA);Bucuresti, Bucuresti;45;8.00;0.42;3.300 lei;Puterea executivă și administrația publică;Public;Acreditat;Administraţie publică;Ştiinţe administrative;Științe Politice și Comunicare;Examen;17;28
Facultatea de Administraţie Publică;Şcoala Naţională de Studii Politice şi Administrative din Bucureşti (SNSPA);Bucuresti, Bucuresti;43;7.00;0.30;3.300 lei;Drept și guvernare europeană;Public;Acreditat;Drept european și internațional;Drept;Științe Juridice;Examen;21;22
Facultatea de Ştiinţe Politice;Şcoala Naţională de Studii Politice şi Administrative din Bucureşti (SNSPA);Bucuresti, Bucuresti;25;9.89;0.60;3.400 lei;Antropologie;Public;Acreditat;Antropologie;Sociologie;Științe Sociale și Psihologie;Examen;10;15
Facultatea de Comunicare şi Relaţii Publice;Şcoala Naţională de Studii Politice şi Administrative din Bucureşti (SNSPA);Bucuresti, Bucuresti;50;9.10;0.56;3.300 lei;Management şi comunicare în afaceri;Public;Acreditat;Management;Management;Științe Economice;Examen;25;25
Facultatea de Administraţie Publică;Şcoala Naţională de Studii Politice şi Administrative din Bucureşti (SNSPA);Bucuresti, Bucuresti;N/A;N/A;N/A;3.300 lei;Studii administrative europene (IFR);Public;Acreditat;Ştiinţe politice;Ştiinţe politice;Științe Politice și Comunicare;Examen;0;0
Departamentul Relații Internaționale și Integrare Europeană;Şcoala Naţională de Studii Politice şi Administrative din Bucureşti (SNSPA);Bucuresti, Bucuresti;20;10.00;0.25;2.800 lei;Dezvoltare, cooperare internaţională şi ajutor umanitar;Public;Acreditat;Asistenţă socială;Asistenţă socială;Științe Sociale și Psihologie;Examen;10;10
Departamentul Relații Internaționale și Integrare Europeană;Şcoala Naţională de Studii Politice şi Administrative din Bucureşti (SNSPA);Bucuresti, Bucuresti;25;10.00;0.80;2.800 lei;Studii aprofundate de relaţii internaţionale şi integrare europeană;Public;Acreditat;Ştiinţe politice;Ştiinţe politice;Științe Politice și Comunicare;Examen;15;10
Departamentul Relații Internaționale și Integrare Europeană;Şcoala Naţională de Studii Politice şi Administrative din Bucureşti (SNSPA);Bucuresti, Bucuresti;25;10.00;0.40;2.800 lei;Securitate şi diplomaţie/Security and Diplomacy;Public;Acreditat;Ştiinţe politice;Ştiinţe politice;Științe Politice și Comunicare;Examen;15;10
Departamentul Relații Internaționale și Integrare Europeană;Şcoala Naţională de Studii Politice şi Administrative din Bucureşti (SNSPA);Bucuresti, Bucuresti;18;10.00;0.56;2.800 lei;Relaţii internaţionale şi integrare europeană;Public;Acreditat;Ştiinţe politice;Ştiinţe politice;Științe Politice și Comunicare;Examen;8;10
Facultatea de Administraţie Publică;Şcoala Naţională de Studii Politice şi Administrative din Bucureşti (SNSPA);Bucuresti, Bucuresti;36;8.00;0.19;3.300 lei;Dreptul colectivităților locale;Public;Acreditat;Drept;Drept;Științe Juridice;Examen;18;18
Facultatea de Comunicare şi Relaţii Publice;Şcoala Naţională de Studii Politice şi Administrative din Bucureşti (SNSPA);Bucuresti, Bucuresti;75;N/A;N/A;3.300 lei;Comunicare şi relaţii publice;Public;Acreditat;Comunicare şi relaţii publice;Ştiinţe ale comunicării;Științe Politice și Comunicare;Examen;35;40
Facultatea de Comunicare şi Relaţii Publice;Şcoala Naţională de Studii Politice şi Administrative din Bucureşti (SNSPA);Bucuresti, Bucuresti;75;8.50;0.80;3.400 lei;Social media și marketing on-line;Public;Acreditat;Comunicare şi relaţii publice;Ştiinţe ale comunicării;Științe Politice și Comunicare;Examen;40;35
Facultatea de Administraţie Publică;Şcoala Naţională de Studii Politice şi Administrative din Bucureşti (SNSPA);Bucuresti, Bucuresti;N/A;N/A;N/A;3.300 lei;Puterea executivă şi administraţia publică (IFR);Public;Acreditat;Ştiinţe politice;Ştiinţe politice;Științe Politice și Comunicare;Examen;0;0
Departamentul Relații Internaționale și Integrare Europeană;Şcoala Naţională de Studii Politice şi Administrative din Bucureşti (SNSPA);Bucuresti, Bucuresti;20;9.98;0.50;2.800 lei;Politică şi economie europeană;Public;Acreditat;Ştiinţe politice;Ştiinţe politice;Științe Politice și Comunicare;Examen;10;10
Facultatea de Comunicare şi Relaţii Publice;Şcoala Naţională de Studii Politice şi Administrative din Bucureşti (SNSPA);Bucuresti, Bucuresti;75;N/A;0.40;3.400 lei;Comunicare și relații publice (IFR);Public;Acreditat;Comunicare şi relaţii publice;Ştiinţe ale comunicării;Științe Politice și Comunicare;Examen;0;75
Facultatea de Comunicare şi Relaţii Publice;Şcoala Naţională de Studii Politice şi Administrative din Bucureşti (SNSPA);Bucuresti, Bucuresti;75;N/A;0.44;3.400 lei;Comunicare managerială și resurse umane (IFR);Public;Acreditat;Comunicare şi relaţii publice;Ştiinţe ale comunicării;Științe Politice și Comunicare;Examen;0;75
Facultatea de Administraţie Publică;Şcoala Naţională de Studii Politice şi Administrative din Bucureşti (SNSPA);Bucuresti, Bucuresti;46;8.33;0.39;3.300 lei;Studii administrative europene;Public;Acreditat;Administraţie europeană;Ştiinţe administrative;Științe Politice și Comunicare;Examen;17;29
Facultatea de Ştiinţe Politice;Şcoala Naţională de Studii Politice şi Administrative din Bucureşti (SNSPA);Bucuresti, Bucuresti;30;9.33;0.50;3.400 lei;Studii vizuale si societate;Public;Acreditat;Resurse umane;Sociologie;Științe Sociale și Psihologie;Examen;15;15
Facultatea de Ştiinţe Politice;Şcoala Naţională de Studii Politice şi Administrative din Bucureşti (SNSPA);Bucuresti, Bucuresti;30;10.00;0.27;3.400 lei;Guvernare și societate;Public;Acreditat;Ştiinţe politice;Ştiinţe politice;Științe Politice și Comunicare;Dosar;15;15
Facultatea de Administraţie Publică;Şcoala Naţională de Studii Politice şi Administrative din Bucureşti (SNSPA);Bucuresti, Bucuresti;44;9.66;0.55;3.300 lei;Integritate publică și politici anticorupție;Public;Acreditat;Administraţie publică;Ştiinţe administrative;Științe Politice și Comunicare;Examen;17;27
Facultatea de Ştiinţe Politice;Şcoala Naţională de Studii Politice şi Administrative din Bucureşti (SNSPA);Bucuresti, Bucuresti;25;10.00;0.60;3.400 lei;Teorie și analiză politică;Public;Acreditat;Ştiinţe politice;Ştiinţe politice;Științe Politice și Comunicare;Examen;10;15
Departamentul Relații Internaționale și Integrare Europeană;Şcoala Naţională de Studii Politice şi Administrative din Bucureşti (SNSPA);Bucuresti, Bucuresti;30;9.89;0.63;2.800 lei;Modelul european: economia socială europeană;Public;Acreditat;Ştiinţe politice;Ştiinţe politice;Științe Politice și Comunicare;Examen;15;15
Departamentul Relații Internaționale și Integrare Europeană;Şcoala Naţională de Studii Politice şi Administrative din Bucureşti (SNSPA);Bucuresti, Bucuresti;20;9.44;0.45;2.800 lei;Analiza şi soluţionarea conflictelor;Public;Acreditat;Ştiinţe politice;Ştiinţe politice;Științe Politice și Comunicare;Examen;10;10
Departamentul Relații Internaționale și Integrare Europeană;Şcoala Naţională de Studii Politice şi Administrative din Bucureşti (SNSPA);Bucuresti, Bucuresti;20;10.00;0.50;2.800 lei;Evaluarea politicilor şi programelor publice europene;Public;Acreditat;Ştiinţe politice;Ştiinţe politice;Științe Politice și Comunicare;Examen;10;10
Facultatea de Ştiinţe Politice;Şcoala Naţională de Studii Politice şi Administrative din Bucureşti (SNSPA);Bucuresti, Bucuresti;30;10.00;0.90;3.400 lei;Politici, gen și minorități;Public;Acreditat;Ştiinţe politice;Ştiinţe politice;Științe Politice și Comunicare;Examen;15;15
Facultatea de Ştiinţe Politice;Şcoala Naţională de Studii Politice şi Administrative din Bucureşti (SNSPA);Bucuresti, Bucuresti;30;9.90;0.57;3.400 lei;Dezvoltare regională și cooperare internațională;Public;Acreditat;Ştiinţe politice;Ştiinţe politice;Științe Politice și Comunicare;Examen;13;17
Facultatea de Administraţie Publică;Şcoala Naţională de Studii Politice şi Administrative din Bucureşti (SNSPA);Bucuresti, Bucuresti;N/A;N/A;N/A;2.000 lei;Managementul sectorului public (IFR);Public;Acreditat;Management;Management;Științe Economice;Examen;0;0
Facultatea de Comunicare şi Relaţii Publice;Şcoala Naţională de Studii Politice şi Administrative din Bucureşti (SNSPA);Bucuresti, Bucuresti;50;7.00;0.52;3.400 lei;Comunicare și publicitate (în limba engleză);Public;Acreditat;Comunicare şi relaţii publice;Ştiinţe ale comunicării;Științe Politice și Comunicare;Examen;30;20
Facultatea de Management;Şcoala Naţională de Studii Politice şi Administrative din Bucureşti (SNSPA);Bucuresti, Bucuresti;50;9.20;0.60;3.400 lei;Management și branding corporativ;Public;Acreditat;Management;Management;Științe Economice;Examen;14;36
Facultatea de Comunicare şi Relaţii Publice;Şcoala Naţională de Studii Politice şi Administrative din Bucureşti (SNSPA);Bucuresti, Bucuresti;50;9.10;0.50;3.400 lei;Publicitate;Public;Acreditat;Publicitate;Ştiinţe ale comunicării;Științe Politice și Comunicare;Examen;30;20
Facultatea de Comunicare şi Relaţii Publice;Şcoala Naţională de Studii Politice şi Administrative din Bucureşti (SNSPA);Bucuresti, Bucuresti;75;N/A;0.16;4.000 lei;Managementul proiectelor (IFR);Public;Acreditat;Management;Management;Științe Economice;Examen;0;75
Facultatea de Administraţie Publică;Şcoala Naţională de Studii Politice şi Administrative din Bucureşti (SNSPA);Bucuresti, Bucuresti;N/A;N/A;N/A;3.300 lei;Spaţiul public european (IFR);Public;Acreditat;Ştiinţe politice;Ştiinţe politice;Științe Politice și Comunicare;Examen;0;0
Departamentul Relații Internaționale și Integrare Europeană;Şcoala Naţională de Studii Politice şi Administrative din Bucureşti (SNSPA);Bucuresti, Bucuresti;20;10.00;0.50;2.800 lei;Diplomaţie şi negocieri internaţionale;Public;Acreditat;Ştiinţe politice;Ştiinţe politice;Științe Politice și Comunicare;Examen;10;10
Facultatea de Comunicare şi Relaţii Publice;Şcoala Naţională de Studii Politice şi Administrative din Bucureşti (SNSPA);Bucuresti, Bucuresti;75;8.30;0.80;3.300 lei;Comunicare managerială și resurse umane;Public;Acreditat;Comunicare şi relaţii publice;Ştiinţe ale comunicării;Științe Politice și Comunicare;Examen;30;45
Facultatea de Comunicare şi Relaţii Publice;Şcoala Naţională de Studii Politice şi Administrative din Bucureşti (SNSPA);Bucuresti, Bucuresti;50;8.00;0.56;4.000 lei;Managementul proiectelor;Public;Acreditat;Management;Management;Științe Economice;Examen;20;30
Facultatea de Management;Şcoala Naţională de Studii Politice şi Administrative din Bucureşti (SNSPA);Bucuresti, Bucuresti;50;9.40;0.76;3.000 lei;Antreprenoriat și management strategic;Public;Acreditat;Management;Management;Științe Economice;Examen;13;37
Facultatea de Ştiinţe Politice;Şcoala Naţională de Studii Politice şi Administrative din Bucureşti (SNSPA);Bucuresti, Bucuresti;25;10.00;0.28;3.400 lei;Studii de muncă;Public;Acreditat;Ştiinţe politice;Ştiinţe politice;Științe Politice și Comunicare;Examen;10;15
Facultatea de Comunicare şi Relaţii Publice;Şcoala Naţională de Studii Politice şi Administrative din Bucureşti (SNSPA);Bucuresti, Bucuresti;50;9.00;0.60;3.400 lei;Comunicare şi Afaceri Europene (în limba engleză);Public;Acreditat;Comunicare şi relaţii publice;Ştiinţe ale comunicării;Științe Politice și Comunicare;Examen;30;20
